symbol,command_from_ts,touch_from_ts,entry_from_ts,direction,command_color,level,target,hour_brasilia
AMZN_otc,1785209400,1785209760,1785209820,DOWN,RED,356.93,0,0
AMZN_otc,1785226800,1785227160,1785227220,UP,GREEN,362.58,1,5
AMZN_otc,1785239100,1785239400,1785239460,DOWN,RED,364.05,0,8
AMZN_otc,1785251700,1785252060,1785252120,UP,GREEN,365.01,0,12
AMZN_otc,1785279900,1785280800,1785280860,UP,GREEN,378.55,1,20
AMZN_otc,1785293400,1785293700,1785293760,DOWN,RED,385.83,0,23
AMZN_otc,1785317400,1785317700,1785317760,UP,GREEN,391.74,1,6
AMZN_otc,1785331500,1785332760,1785332820,DOWN,RED,394.15,1,10
AMZN_otc,1785429000,1785429480,1785429540,DOWN,RED,408.75,1,13
AMZN_otc,1785456600,1785457260,1785457320,DOWN,RED,412.32,1,21
AMZN_otc,1785466800,1785467400,1785467460,UP,GREEN,413.38,0,0
AMZN_otc,1785483900,1785485100,1785485160,UP,GREEN,415.74,0,5
AMZN_otc,1785528000,1785528360,1785528420,UP,GREEN,421.96,1,17
AMZN_otc,1785538500,1785538860,1785538920,UP,GREEN,424.8,1,20
AMZN_otc,1785567000,1785567960,1785568020,DOWN,RED,432.12,0,4
AMZN_otc,1785574800,1785575100,1785575160,DOWN,RED,430.36,0,6
AMZN_otc,1785579000,1785579840,1785579900,UP,GREEN,429.55,1,7
AMZN_otc,1785584700,1785585660,1785585720,UP,GREEN,432.52,0,9
AMZN_otc,1785596700,1785597360,1785597420,UP,GREEN,434.85,1,12
AMZN_otc,1785659400,1785660660,1785660720,UP,GREEN,442.03,0,5
AMZN_otc,1785679500,1785679800,1785679860,DOWN,RED,444.21,1,11
AMZN_otc,1785711600,1785712080,1785712140,DOWN,RED,452.88,0,20
AMZN_otc,1785765900,1785766200,1785766260,UP,GREEN,446.78,0,11
AMZN_otc,1785771000,1785771300,1785771360,UP,GREEN,447.43,0,12
AMZN_otc,1785775800,1785776940,1785777000,DOWN,RED,446.92,1,14
AMZN_otc,1785780600,1785780960,1785781020,DOWN,RED,448.21,1,15
AMZN_otc,1785790500,1785790800,1785790860,DOWN,RED,447.58,1,18
AMZN_otc,1785790800,1785791220,1785791280,UP,GREEN,447.16,0,18
AMZN_otc,1785791400,1785792840,1785792900,DOWN,RED,447.44,1,18
AMZN_otc,1785826200,1785826560,1785826620,UP,GREEN,445.94,1,3
AMZN_otc,1785834900,1785835260,1785835320,UP,GREEN,446.37,0,6
AMZN_otc,1785834600,1785835560,1785835620,UP,GREEN,446.23,0,6
AMZN_otc,1785838200,1785838800,1785838860,UP,GREEN,443.48,1,7
AMZN_otc,1785841200,1785841680,1785841740,DOWN,RED,444.05,0,8
AMZN_otc,1785882900,1785883380,1785883440,UP,GREEN,448.07,1,19
AMZN_otc,1785916800,1785917100,1785917160,DOWN,RED,445.93,0,5
AMZN_otc,1785920100,1785920700,1785920760,UP,GREEN,445.45,1,6
AMZN_otc,1785972900,1785973200,1785973260,DOWN,RED,443.64,0,20
AMZN_otc,1785972600,1785973860,1785973920,DOWN,RED,443.86,0,20
AMZN_otc,1785995400,1785995700,1785995760,DOWN,RED,447.53,1,2
AMZN_otc,1786034400,1786035420,1786035480,DOWN,RED,442.6,1,13
AMZN_otc,1786058700,1786059420,1786059480,UP,GREEN,452.9,0,20
AMZN_otc,1786078200,1786078800,1786078860,UP,GREEN,449.07,0,2
AMZN_otc,1786082400,1786082820,1786082880,DOWN,RED,447.62,1,3
AMZN_otc,1786105800,1786106400,1786106460,DOWN,RED,446.35,0,9
AMZN_otc,1786153500,1786153860,1786153920,DOWN,RED,445.77,1,22
AMZN_otc,1786190100,1786190580,1786190640,UP,GREEN,439.3,1,9
AMZN_otc,1786196400,1786197780,1786197840,DOWN,RED,439.93,1,11
AMZN_otc,1786207200,1786207740,1786207800,DOWN,RED,438.9,0,13
AMZN_otc,1786217100,1786217460,1786217520,DOWN,RED,443.61,0,16
AMZN_otc,1786242900,1786244100,1786244160,DOWN,RED,442.65,1,23
AMZN_otc,1786262400,1786262880,1786262940,DOWN,RED,446.2,1,5
AMZN_otc,1786264200,1786264620,1786264680,UP,GREEN,446.09,0,5
AMZN_otc,1786274400,1786274700,1786274760,UP,GREEN,448.5,1,8
AMZN_otc,1786281600,1786282800,1786282860,DOWN,RED,447.14,1,10
AMZN_otc,1786300500,1786300800,1786300860,DOWN,RED,442.77,1,15
AMZN_otc,1786301400,1786301940,1786302000,DOWN,RED,442.79,1,16
AMZN_otc,1786308300,1786308600,1786308660,UP,GREEN,440.09,0,17
AMZN_otc,1786317600,1786318200,1786318260,UP,GREEN,441.22,1,20
AMZN_otc,1786330200,1786330800,1786330860,DOWN,RED,437.36,1,0
AMZN_otc,1786331400,1786331760,1786331820,DOWN,RED,437.42,0,0
AMZN_otc,1786374000,1786374300,1786374360,DOWN,RED,441.03,0,12
AMZN_otc,1786384800,1786385460,1786385520,UP,GREEN,411.99,1,15
AMZN_otc,1786406100,1786406640,1786406700,UP,GREEN,412.09,1,21
AMZN_otc,1786419900,1786420680,1786420740,UP,GREEN,412.11,1,0
AMZN_otc,1786425300,1786425960,1786426020,UP,GREEN,412.08,1,2
AMZN_otc,1786440300,1786440720,1786440780,UP,GREEN,412.09,1,6
AMZN_otc,1786449300,1786450200,1786450260,UP,GREEN,411.87,0,9
AMZN_otc,1786482300,1786483140,1786483200,DOWN,RED,446.64,1,18
AMZN_otc,1786486800,1786487100,1786487160,UP,GREEN,448.02,0,19
APPLE_otc,1785735300,1785735600,1785735660,UP,GREEN,468.41,1,2
APPLE_otc,1785788400,1785789300,1785789360,DOWN,RED,462.24,0,17
APPLE_otc,1785996000,1785996300,1785996360,UP,GREEN,446.28,1,3
APPLE_otc,1786010400,1786010700,1786010760,DOWN,RED,446.69,1,7
APPLE_otc,1786010100,1786011120,1786011180,UP,GREEN,445.41,1,7
APPLE_otc,1786013100,1786013580,1786013640,UP,GREEN,442.39,1,7
APPLE_otc,1786014300,1786015200,1786015260,UP,GREEN,441.62,0,8
APPLE_otc,1786074600,1786075320,1786075380,UP,GREEN,452.31,0,1
APPLE_otc,1786087200,1786087560,1786087620,UP,GREEN,457.18,1,4
APPLE_otc,1786100100,1786100460,1786100520,DOWN,RED,454.67,1,8
APPLE_otc,1786108500,1786109040,1786109100,UP,GREEN,442.66,0,10
APPLE_otc,1786112400,1786112700,1786112760,UP,GREEN,443.41,0,11
APPLE_otc,1786125300,1786126740,1786126800,DOWN,RED,437.34,0,15
APPLE_otc,1786134000,1786134420,1786134480,DOWN,RED,441.42,0,17
APPLE_otc,1786136700,1786137060,1786137120,DOWN,RED,442.9,1,18
APPLE_otc,1786170900,1786171500,1786171560,UP,GREEN,450.44,0,3
APPLE_otc,1786178400,1786179120,1786179180,UP,GREEN,449.35,1,5
APPLE_otc,1786226700,1786227840,1786227900,DOWN,RED,441.04,0,19
APPLE_otc,1786254600,1786254960,1786255020,DOWN,RED,434.92,0,2
APPLE_otc,1786256400,1786257360,1786257420,DOWN,RED,435.58,0,3
APPLE_otc,1786282500,1786283280,1786283340,UP,GREEN,428.9,1,10
APPLE_otc,1786293300,1786294020,1786294080,DOWN,RED,428.23,0,13
APPLE_otc,1786329000,1786329960,1786330020,DOWN,RED,426.26,1,23
APPLE_otc,1786386000,1786386360,1786386420,DOWN,RED,420.47,1,15
APPLE_otc,1786386300,1786386600,1786386660,UP,GREEN,419.55,0,15
APPLE_otc,1786390500,1786391400,1786391460,DOWN,RED,418.83,1,16
APPLE_otc,1786481700,1786482000,1786482060,UP,GREEN,426.63,0,18
AUDJPY_otc,1785997800,1785999240,1785999300,DOWN,RED,61.90341,1,3
AUDJPY_otc,1786019100,1786019520,1786019580,DOWN,RED,61.21698,0,9
AUDJPY_otc,1786023900,1786024200,1786024260,DOWN,RED,63.00614,0,10
AUDJPY_otc,1786054800,1786055580,1786055640,UP,GREEN,65.55343,1,19
AUDJPY_otc,1786072200,1786072560,1786072620,DOWN,RED,61.46402,1,0
AUDJPY_otc,1786074000,1786074300,1786074360,DOWN,RED,61.72626,1,0
AUDJPY_otc,1786094700,1786095120,1786095180,DOWN,RED,62.88713,1,6
AUDJPY_otc,1786109100,1786109400,1786109460,DOWN,RED,62.19547,0,10
AUDJPY_otc,1786129200,1786129860,1786129920,UP,GREEN,60.89016,1,16
AUDJPY_otc,1786139400,1786139760,1786139820,DOWN,RED,59.95988,1,18
AUDJPY_otc,1786160700,1786161000,1786161060,UP,GREEN,58.05278,0,0
AUDJPY_otc,1786207500,1786208340,1786208400,DOWN,RED,59.9921,0,14
AUDJPY_otc,1786213500,1786214340,1786214400,DOWN,RED,60.04533,1,15
AUDJPY_otc,1786217700,1786218660,1786218720,DOWN,RED,59.56097,0,16
AUDJPY_otc,1786233600,1786234560,1786234620,UP,GREEN,60.11366,0,21
AUDJPY_otc,1786259400,1786260060,1786260120,DOWN,RED,58.74918,1,4
AUDJPY_otc,1786303200,1786303920,1786303980,DOWN,RED,59.68585,0,16
AUDJPY_otc,1786319400,1786319940,1786320000,UP,GREEN,60.36989,0,21
AUDJPY_otc,1786335000,1786335720,1786335780,DOWN,RED,61.30656,1,1
AUDJPY_otc,1786357500,1786358160,1786358220,UP,GREEN,61.46369,1,7
AUDJPY_otc,1786367400,1786367760,1786367820,DOWN,RED,61.12165,1,10
AUDJPY_otc,1786382400,1786383060,1786383120,UP,GREEN,59.745,1,14
AUDJPY_otc,1786433700,1786434000,1786434060,UP,GREEN,59.85597,1,4
AUDJPY_otc,1786461900,1786462320,1786462380,UP,GREEN,58.952,1,12
AUDJPY_otc,1786462500,1786463100,1786463160,DOWN,RED,58.92893,1,12
AUDJPY_otc,1786474200,1786474500,1786474560,UP,GREEN,59.20772,1,15
AUDUSD_otc,1785994200,1785994980,1785995040,DOWN,RED,36.61255,1,2
AUDUSD_otc,1786001100,1786001700,1786001760,DOWN,RED,36.62961,1,4
AUDUSD_otc,1786013100,1786014480,1786014540,UP,GREEN,36.53783,0,8
AUDUSD_otc,1786041000,1786041900,1786041960,UP,GREEN,38.65343,0,15
AUDUSD_otc,1786083900,1786084200,1786084260,UP,GREEN,41.26033,1,3
AUDUSD_otc,1786097700,1786099020,1786099080,UP,GREEN,40.80449,1,7
AUDUSD_otc,1786108200,1786108800,1786108860,DOWN,RED,40.33569,1,10
AUDUSD_otc,1786118400,1786119000,1786119060,DOWN,RED,39.86725,1,13
AUDUSD_otc,1786136100,1786136460,1786136520,UP,GREEN,41.13587,0,18
AUDUSD_otc,1786190100,1786190640,1786190700,DOWN,RED,40.18756,1,9
AUDUSD_otc,1786191300,1786191660,1786191720,DOWN,RED,40.04736,0,9
AUDUSD_otc,1786225800,1786226460,1786226520,DOWN,RED,38.4887,0,19
AUDUSD_otc,1786248600,1786249380,1786249440,UP,GREEN,38.46297,0,1
AUDUSD_otc,1786252500,1786253160,1786253220,DOWN,RED,38.39782,1,2
AUDUSD_otc,1786257600,1786258560,1786258620,DOWN,RED,38.41533,0,3
AUDUSD_otc,1786346700,1786347960,1786348020,DOWN,RED,38.09511,1,4
AUDUSD_otc,1786351800,1786352760,1786352820,UP,GREEN,38.33884,1,6
AUDUSD_otc,1786357800,1786358220,1786358280,DOWN,RED,38.44423,1,7
AUDUSD_otc,1786367100,1786367460,1786367520,DOWN,RED,36.95411,1,10
AUDUSD_otc,1786368300,1786369380,1786369440,UP,GREEN,36.94142,1,10
AUDUSD_otc,1786372500,1786373400,1786373460,DOWN,RED,36.53358,1,11
AUDUSD_otc,1786442700,1786443000,1786443060,DOWN,RED,39.28114,1,7
AUDUSD_otc,1786451100,1786451880,1786451940,DOWN,RED,39.28983,1,9
AUDUSD_otc,1786473300,1786473840,1786473900,DOWN,RED,37.08999,1,15
AUDUSD_otc,1786485900,1786486620,1786486680,UP,GREEN,36.98192,0,19
AVAX_otc,1785228600,1785229620,1785229680,DOWN,RED,440.15,1,6
AVAX_otc,1785237000,1785237300,1785237360,UP,GREEN,438.64,0,8
AVAX_otc,1785284400,1785285300,1785285360,DOWN,RED,422.84,0,21
AVAX_otc,1785306600,1785307440,1785307500,UP,GREEN,412.91,0,3
AVAX_otc,1785376200,1785376680,1785376740,UP,GREEN,412.55,0,22
AVAX_otc,1785381300,1785381720,1785381780,DOWN,RED,416.96,0,0
AVAX_otc,1785432000,1785432600,1785432660,UP,GREEN,419.71,0,14
AVAX_otc,1785435300,1785435900,1785435960,UP,GREEN,420.74,0,15
AVAX_otc,1785469200,1785469800,1785469860,DOWN,RED,406.61,1,0
AVAX_otc,1785483900,1785484200,1785484260,DOWN,RED,405.7,1,4
AVAX_otc,1785491700,1785492180,1785492240,DOWN,RED,406.57,1,7
AVAX_otc,1785523800,1785524880,1785524940,DOWN,RED,410.18,0,16
AVAX_otc,1785554700,1785555180,1785555240,UP,GREEN,416.02,0,0
AVAX_otc,1785556200,1785556620,1785556680,UP,GREEN,414.69,1,0
AVAX_otc,1785586500,1785587280,1785587340,DOWN,RED,411.53,0,9
AVAX_otc,1785588900,1785589320,1785589380,DOWN,RED,413.96,0,10
AVAX_otc,1785612900,1785613200,1785613260,DOWN,RED,415.62,1,16
AVAX_otc,1785640800,1785641280,1785641340,UP,GREEN,418.94,1,0
AVAX_otc,1785646200,1785647340,1785647400,UP,GREEN,421.76,0,2
AVAX_otc,1785658500,1785658800,1785658860,DOWN,RED,413.22,1,5
AVAX_otc,1785660600,1785661380,1785661440,UP,GREEN,413.73,1,6
AVAX_otc,1785692700,1785693420,1785693480,DOWN,RED,422.23,0,14
AVAX_otc,1785723000,1785723540,1785723600,UP,GREEN,410.65,1,23
AVAX_otc,1785722400,1785723840,1785723900,DOWN,RED,411.75,0,23
AVAX_otc,1785727500,1785727980,1785728040,UP,GREEN,407.63,1,0
AVAX_otc,1785734700,1785735000,1785735060,UP,GREEN,410.69,1,2
AVAX_otc,1785809100,1785809460,1785809520,DOWN,RED,443.29,0,23
AVAX_otc,1785825300,1785826260,1785826320,DOWN,RED,442.76,1,3
AVAX_otc,1785834000,1785835080,1785835140,UP,GREEN,439.76,1,6
AVAX_otc,1785855900,1785856260,1785856320,UP,GREEN,452.26,0,12
AVAX_otc,1785894300,1785894780,1785894840,DOWN,RED,439.61,0,22
AVAX_otc,1785900300,1785900600,1785900660,DOWN,RED,437.25,0,0
AVAX_otc,1785927300,1785928020,1785928080,DOWN,RED,429.82,0,8
AVAX_otc,1785941100,1785941700,1785941760,UP,GREEN,426.82,0,11
AVAX_otc,1785947700,1785948000,1785948060,UP,GREEN,417.09,1,13
AVAX_otc,1785999600,1786000980,1786001040,UP,GREEN,407.46,1,4
AVAX_otc,1786013700,1786014180,1786014240,UP,GREEN,410.2,1,8
AVAX_otc,1786017900,1786019220,1786019280,UP,GREEN,413.77,0,9
AVAX_otc,1786049400,1786049820,1786049880,DOWN,RED,403.16,0,17
AVAX_otc,1786065900,1786066500,1786066560,DOWN,RED,390.29,1,22
AVAX_otc,1786085100,1786085820,1786085880,UP,GREEN,393.05,1,3
AVAX_otc,1786086300,1786086660,1786086720,DOWN,RED,395.06,1,4
AVAX_otc,1786141200,1786142040,1786142100,DOWN,RED,404.45,0,19
AVAX_otc,1786153200,1786153680,1786153740,UP,GREEN,398.37,1,22
AVAX_otc,1786157100,1786157520,1786157580,DOWN,RED,396.72,0,23
AVAX_otc,1786199100,1786199640,1786199700,UP,GREEN,394.52,1,11
AVAX_otc,1786211400,1786212180,1786212240,DOWN,RED,407.84,1,15
AVAX_otc,1786241100,1786242060,1786242120,DOWN,RED,403.85,0,23
AVAX_otc,1786267800,1786268460,1786268520,UP,GREEN,408.1,0,6
AVAX_otc,1786301700,1786302360,1786302420,UP,GREEN,396.11,1,16
AVAX_otc,1786352400,1786352700,1786352760,DOWN,RED,401.36,1,6
AVAX_otc,1786395300,1786395780,1786395840,UP,GREEN,408.53,1,18
AVAX_otc,1786400700,1786401120,1786401180,DOWN,RED,409.44,0,19
AVAX_otc,1786402500,1786403640,1786403700,DOWN,RED,409.48,1,20
AVAX_otc,1786406100,1786406640,1786406700,DOWN,RED,409.47,1,21
AVAX_otc,1786408500,1786409040,1786409100,DOWN,RED,409.24,1,21
AVAX_otc,1786437900,1786438560,1786438620,UP,GREEN,398.57,0,5
AVAX_otc,1786438200,1786438620,1786438680,UP,GREEN,408.29,1,5
AVAX_otc,1786485000,1786485420,1786485480,UP,GREEN,392.48,1,18
BITCOIN_otc,1785794700,1785795000,1785795060,DOWN,RED,566.59,0,19
BITCOIN_otc,1786000500,1786001040,1786001100,UP,GREEN,565.8,1,4
BITCOIN_otc,1786009500,1786010400,1786010460,UP,GREEN,565.76,1,7
BITCOIN_otc,1786084500,1786085220,1786085280,UP,GREEN,544.32,0,3
BITCOIN_otc,1786097700,1786098240,1786098300,UP,GREEN,542.3,0,7
BITCOIN_otc,1786099200,1786099740,1786099800,UP,GREEN,540.67,1,7
BITCOIN_otc,1786113300,1786113840,1786113900,DOWN,RED,543.58,1,11
BITCOIN_otc,1786146900,1786147380,1786147440,DOWN,RED,545.56,0,21
BITCOIN_otc,1786177500,1786178400,1786178460,UP,GREEN,538.9,1,5
BITCOIN_otc,1786184400,1786185300,1786185360,DOWN,RED,540.03,1,7
BITCOIN_otc,1786220100,1786220760,1786220820,DOWN,RED,515.44,0,17
BITCOIN_otc,1786228500,1786228800,1786228860,UP,GREEN,514.81,1,19
BITCOIN_otc,1786230000,1786230480,1786230540,DOWN,RED,516.61,1,20
BITCOIN_otc,1786269000,1786269300,1786269360,UP,GREEN,515.75,0,6
BITCOIN_otc,1786296000,1786296600,1786296660,UP,GREEN,510.4,1,14
BITCOIN_otc,1786317900,1786318200,1786318260,DOWN,RED,522.88,1,20
BITCOIN_otc,1786337700,1786338000,1786338060,UP,GREEN,519.45,0,2
BITCOIN_otc,1786341900,1786342200,1786342260,DOWN,RED,518.4,0,3
BITCOIN_otc,1786367700,1786368240,1786368300,UP,GREEN,525.88,0,10
BITCOIN_otc,1786369800,1786370100,1786370160,UP,GREEN,526.71,0,10
BITCOIN_otc,1786376400,1786377420,1786377480,DOWN,RED,529.95,1,12
BITCOIN_otc,1786393200,1786393680,1786393740,DOWN,RED,535.31,0,17
BITCOIN_otc,1786414200,1786414740,1786414800,DOWN,RED,529.69,1,23
BITCOIN_otc,1786415400,1786416180,1786416240,DOWN,RED,529.79,1,23
BITCOIN_otc,1786489500,1786490100,1786490160,UP,GREEN,520.58,0,20
CADJPY_otc,1785200100,1785200400,1785200460,UP,GREEN,42.01,0,22
CADJPY_otc,1785204000,1785204960,1785205020,DOWN,RED,43.6,0,23
CADJPY_otc,1785231000,1785232320,1785232380,DOWN,RED,42.21,1,6
CADJPY_otc,1785250500,1785251100,1785251160,DOWN,RED,40.61,0,12
CADJPY_otc,1785259500,1785259800,1785259860,UP,GREEN,43.03,1,14
CADJPY_otc,1785261300,1785261780,1785261840,UP,GREEN,43.55,1,15
CADJPY_otc,1785262500,1785262860,1785262920,UP,GREEN,43.08,1,15
CADJPY_otc,1785267300,1785268620,1785268680,DOWN,RED,42.95,1,16
CADJPY_otc,1785273000,1785273480,1785273540,DOWN,RED,43.13,1,18
CADJPY_otc,1785278700,1785279000,1785279060,DOWN,RED,42.64,0,19
CADJPY_otc,1785282900,1785283200,1785283260,DOWN,RED,42.35,1,21
CADJPY_otc,1785315300,1785316140,1785316200,DOWN,RED,42.23,1,6
CADJPY_otc,1785317400,1785318120,1785318180,DOWN,RED,41.93,1,6
CADJPY_otc,1785329400,1785330120,1785330180,UP,GREEN,41.88,0,10
CADJPY_otc,1785336900,1785337440,1785337500,UP,GREEN,41.15,0,12
CADJPY_otc,1785345600,1785346920,1785346980,UP,GREEN,39.92,1,14
CADJPY_otc,1785373200,1785373560,1785373620,DOWN,RED,41.48,0,22
CADJPY_otc,1785399300,1785400080,1785400140,DOWN,RED,41.02,1,5
CADJPY_otc,1785401400,1785402000,1785402060,DOWN,RED,40.77,0,6
CADJPY_otc,1785417900,1785418260,1785418320,UP,GREEN,41.0,0,10
CADJPY_otc,1785420900,1785421440,1785421500,DOWN,RED,41.16,1,11
CADJPY_otc,1785422700,1785423240,1785423300,DOWN,RED,41.08,0,11
CADJPY_otc,1785433500,1785433800,1785433860,DOWN,RED,42.18,1,14
CADJPY_otc,1785435000,1785435960,1785436020,DOWN,RED,42.57,0,15
CADJPY_otc,1785442200,1785442560,1785442620,DOWN,RED,41.08,0,17
CADJPY_otc,1785446100,1785446700,1785446760,DOWN,RED,40.91,1,18
CADJPY_otc,1785452700,1785453060,1785453120,UP,GREEN,40.25,0,20
CADJPY_otc,1785452400,1785453540,1785453600,UP,GREEN,39.9,1,20
CADJPY_otc,1785469200,1785470520,1785470580,DOWN,RED,39.25,0,1
CADJPY_otc,1785470400,1785470760,1785470820,UP,GREEN,38.98,1,1
CADJPY_otc,1785619800,1785620160,1785620220,DOWN,RED,36.26661,1,18
CADJPY_otc,1785628800,1785629460,1785629520,UP,GREEN,37.32089,1,21
CADJPY_otc,1785644100,1785644520,1785644580,DOWN,RED,36.16148,0,1
CADJPY_otc,1785646200,1785647160,1785647220,DOWN,RED,36.61958,0,2
CADJPY_otc,1785651600,1785651900,1785651960,UP,GREEN,36.55283,1,3
CADJPY_otc,1785654600,1785655020,1785655080,DOWN,RED,36.53614,1,4
CADJPY_otc,1785690900,1785691620,1785691680,UP,GREEN,36.0029,0,14
CADJPY_otc,1785695400,1785696180,1785696240,UP,GREEN,36.32631,1,15
CADJPY_otc,1785697200,1785697620,1785697680,DOWN,RED,36.24649,0,16
CADJPY_otc,1785713700,1785714000,1785714060,UP,GREEN,35.79364,1,20
CADJPY_otc,1785722400,1785722700,1785722760,DOWN,RED,36.07121,0,23
CADJPY_otc,1785724500,1785724920,1785724980,DOWN,RED,35.63462,1,23
CADJPY_otc,1785844800,1785845100,1785845160,DOWN,RED,36.97159,0,9
CADJPY_otc,1785846300,1785846840,1785846900,DOWN,RED,37.3118,0,9
CADJPY_otc,1785857700,1785858300,1785858360,UP,GREEN,34.71242,0,12
CADJPY_otc,1785868800,1785869100,1785869160,UP,GREEN,34.25472,0,15
CADJPY_otc,1785921300,1785922200,1785922260,DOWN,RED,35.94373,1,6
CADJPY_otc,1785932100,1785933060,1785933120,UP,GREEN,36.01358,1,9
CADJPY_otc,1785939600,1785940080,1785940140,UP,GREEN,40.26511,0,11
CADJPY_otc,1785948300,1785949560,1785949620,DOWN,RED,41.67781,1,14
CADJPY_otc,1785978900,1785979260,1785979320,DOWN,RED,40.84111,1,22
CADJPY_otc,1785984000,1785984960,1785985020,UP,GREEN,39.82777,0,23
CADJPY_otc,1785991200,1785991620,1785991680,UP,GREEN,39.58137,1,1
CADJPY_otc,1786035900,1786036380,1786036440,UP,GREEN,38.55084,1,14
CADJPY_otc,1786044300,1786044660,1786044720,UP,GREEN,40.54553,1,16
CADJPY_otc,1786098300,1786098600,1786098660,UP,GREEN,40.76541,1,7
CADJPY_otc,1786149000,1786149300,1786149360,DOWN,RED,40.72416,1,21
CADJPY_otc,1786151700,1786152300,1786152360,UP,GREEN,40.63697,1,22
CADJPY_otc,1786152900,1786153260,1786153320,DOWN,RED,40.64416,1,22
CADJPY_otc,1786155900,1786156200,1786156260,UP,GREEN,40.66628,0,23
CADJPY_otc,1786203900,1786204380,1786204440,UP,GREEN,39.0091,1,12
CADJPY_otc,1786206900,1786207200,1786207260,DOWN,RED,39.89453,1,13
CADJPY_otc,1786233000,1786233840,1786233900,DOWN,RED,40.21423,0,21
CADJPY_otc,1786250400,1786250760,1786250820,UP,GREEN,39.8237,0,1
CADJPY_otc,1786253700,1786254540,1786254600,DOWN,RED,40.14369,1,2
CADJPY_otc,1786272300,1786272600,1786272660,DOWN,RED,39.55859,1,7
CADJPY_otc,1786290600,1786291260,1786291320,UP,GREEN,40.28287,0,13
CADJPY_otc,1786292400,1786292880,1786292940,UP,GREEN,40.52525,1,13
CADJPY_otc,1786310100,1786310460,1786310520,DOWN,RED,39.48258,1,18
CADJPY_otc,1786321500,1786321920,1786321980,UP,GREEN,39.87418,0,21
CADJPY_otc,1786322700,1786323360,1786323420,UP,GREEN,39.36064,1,21
CADJPY_otc,1786344300,1786345320,1786345380,DOWN,RED,39.69275,1,4
CADJPY_otc,1786357500,1786358400,1786358460,DOWN,RED,40.24562,0,7
CADJPY_otc,1786381800,1786382280,1786382340,DOWN,RED,37.73123,1,14
CADJPY_otc,1786410600,1786411380,1786411440,DOWN,RED,37.7086,1,22
CADJPY_otc,1786441800,1786442940,1786443000,DOWN,RED,37.70531,1,7
CADJPY_otc,1786450200,1786450740,1786450800,DOWN,RED,37.66529,1,9
CADJPY_otc,1786480800,1786481100,1786481160,UP,GREEN,34.86377,0,17
CHFJPY_otc,1785201300,1785201720,1785201780,UP,GREEN,23.41,0,22
CHFJPY_otc,1785202500,1785203340,1785203400,DOWN,RED,23.52,1,22
CHFJPY_otc,1785207900,1785208740,1785208800,DOWN,RED,23.2,1,0
CHFJPY_otc,1785219600,1785219900,1785219960,DOWN,RED,23.78,1,3
CHFJPY_otc,1785224400,1785224880,1785224940,DOWN,RED,23.13,0,4
CHFJPY_otc,1785231000,1785231300,1785231360,UP,GREEN,22.4,1,6
CHFJPY_otc,1785236400,1785236700,1785236760,DOWN,RED,22.69,1,8
CHFJPY_otc,1785240000,1785241440,1785241500,UP,GREEN,22.09,1,9
CHFJPY_otc,1785288600,1785289080,1785289140,UP,GREEN,18.48,1,22
CHFJPY_otc,1785288900,1785289980,1785290040,DOWN,RED,18.78,1,22
CHFJPY_otc,1785297600,1785297900,1785297960,DOWN,RED,18.08,1,1
CHFJPY_otc,1785330300,1785330780,1785330840,UP,GREEN,13.54,1,10
CHFJPY_otc,1785332100,1785332400,1785332460,DOWN,RED,12.32,1,10
CHFJPY_otc,1785337800,1785338220,1785338280,UP,GREEN,11.53,1,12
CHFJPY_otc,1785348300,1785348960,1785349020,DOWN,RED,9.37,1,15
CHFJPY_otc,1785354900,1785355620,1785355680,UP,GREEN,9.68,0,17
CHFJPY_otc,1785378000,1785378540,1785378600,DOWN,RED,9.01,1,23
CHFJPY_otc,1785378300,1785378600,1785378660,UP,GREEN,8.74,1,23
CHFJPY_otc,1785385200,1785386160,1785386220,DOWN,RED,9.08,0,1
CHFJPY_otc,1785386100,1785386640,1785386700,UP,GREEN,8.89,1,1
CHFJPY_otc,1785392700,1785393060,1785393120,DOWN,RED,9.91,1,3
CHFJPY_otc,1785396900,1785397200,1785397260,UP,GREEN,9.82,1,4
CHFJPY_otc,1785413400,1785413820,1785413880,DOWN,RED,9.77,0,9
CHFJPY_otc,1785426000,1785426540,1785426600,DOWN,RED,12.59,0,12
CHFJPY_otc,1785431100,1785432060,1785432120,UP,GREEN,12.3,1,14
CHFJPY_otc,1785435000,1785435300,1785435360,DOWN,RED,11.47,0,15
CHFJPY_otc,1785456600,1785457260,1785457320,DOWN,RED,12.44,0,21
CHFJPY_otc,1785471300,1785472560,1785472620,DOWN,RED,11.44,1,1
CHFJPY_otc,1785475800,1785476100,1785476160,DOWN,RED,11.97,0,2
CHFJPY_otc,1785477600,1785478320,1785478380,UP,GREEN,11.34,0,3
CHFJPY_otc,1785479700,1785480660,1785480720,UP,GREEN,10.98,1,3
CHFJPY_otc,1785491400,1785492420,1785492480,DOWN,RED,10.55,1,7
CHFJPY_otc,1785497100,1785497640,1785497700,DOWN,RED,10.86,1,8
CHFJPY_otc,1785507600,1785508380,1785508440,DOWN,RED,10.39199,0,11
CHFJPY_otc,1785508200,1785508800,1785508860,UP,GREEN,10.19153,1,11
CHFJPY_otc,1785524700,1785525000,1785525060,DOWN,RED,10.93755,1,16
CHFJPY_otc,1785569700,1785570780,1785570840,UP,GREEN,11.83117,1,4
CHFJPY_otc,1785581100,1785581520,1785581580,DOWN,RED,11.8429,1,7
CHFJPY_otc,1785587400,1785588060,1785588120,DOWN,RED,11.79213,1,9
CHFJPY_otc,1785621300,1785621840,1785621900,UP,GREEN,12.74451,1,19
CHFJPY_otc,1785624900,1785625740,1785625800,DOWN,RED,12.43568,1,20
CHFJPY_otc,1785642300,1785642900,1785642960,DOWN,RED,11.62758,0,0
CHFJPY_otc,1785644100,1785645000,1785645060,DOWN,RED,11.72665,1,1
CHFJPY_otc,1785645600,1785646020,1785646080,DOWN,RED,11.69404,1,1
CHFJPY_otc,1785646500,1785646800,1785646860,DOWN,RED,11.68737,1,2
CHFJPY_otc,1785653700,1785654120,1785654180,UP,GREEN,11.24011,1,4
CHFJPY_otc,1785655200,1785655680,1785655740,DOWN,RED,11.27176,1,4
CHFJPY_otc,1785677400,1785678540,1785678600,UP,GREEN,11.17117,1,10
CHFJPY_otc,1785686400,1785687240,1785687300,UP,GREEN,10.3057,0,13
CHFJPY_otc,1785693600,1785694500,1785694560,DOWN,RED,10.32317,0,15
CHFJPY_otc,1785694800,1785696180,1785696240,UP,GREEN,10.20811,1,15
CHFJPY_otc,1785714600,1785714900,1785714960,UP,GREEN,10.28823,1,20
CHFJPY_otc,1785734700,1785735240,1785735300,UP,GREEN,10.67034,1,2
CHFJPY_otc,1785739200,1785739500,1785739560,DOWN,RED,11.30796,0,3
CHFJPY_otc,1785758700,1785759300,1785759360,DOWN,RED,11.75092,0,9
CHFJPY_otc,1785801300,1785801960,1785802020,DOWN,RED,12.4617,0,21
CHFJPY_otc,1785810900,1785811620,1785811680,UP,GREEN,12.2763,1,23
CHFJPY_otc,1785819600,1785820260,1785820320,UP,GREEN,12.52221,1,2
CHFJPY_otc,1785858600,1785859080,1785859140,UP,GREEN,11.14526,1,12
CHFJPY_otc,1785889500,1785890280,1785890340,UP,GREEN,10.3794,1,21
CHFJPY_otc,1785924600,1785925500,1785925560,UP,GREEN,10.12699,1,7
CHFJPY_otc,1785942000,1785942300,1785942360,DOWN,RED,10.90339,1,12
CHFJPY_otc,1785944100,1785944940,1785945000,UP,GREEN,9.98096,1,12
CHFJPY_otc,1785995400,1785995700,1785995760,UP,GREEN,12.10333,0,2
CHFJPY_otc,1786077900,1786078560,1786078620,DOWN,RED,9.74937,1,1
CHFJPY_otc,1786108800,1786109100,1786109160,DOWN,RED,10.11548,0,10
CHFJPY_otc,1786116600,1786116900,1786116960,UP,GREEN,9.15857,0,12
CHFJPY_otc,1786145700,1786146540,1786146600,UP,GREEN,11.4278,1,20
CHFJPY_otc,1786164300,1786165080,1786165140,DOWN,RED,10.12444,1,1
CHFJPY_otc,1786172100,1786173120,1786173180,UP,GREEN,10.04613,1,4
CHFJPY_otc,1786208400,1786208880,1786208940,DOWN,RED,11.96552,0,14
CHFJPY_otc,1786222200,1786222800,1786222860,UP,GREEN,11.09596,0,18
CHFJPY_otc,1786227300,1786227600,1786227660,DOWN,RED,10.65283,1,19
CHFJPY_otc,1786234500,1786234800,1786234860,UP,GREEN,10.66208,0,21
CHFJPY_otc,1786248900,1786249320,1786249380,DOWN,RED,9.56963,0,1
CHFJPY_otc,1786250700,1786251240,1786251300,UP,GREEN,9.46227,0,1
CHFJPY_otc,1786291500,1786292100,1786292160,UP,GREEN,12.31121,0,13
CHFJPY_otc,1786324500,1786325040,1786325100,DOWN,RED,12.35548,0,22
CHFJPY_otc,1786361100,1786362300,1786362360,UP,GREEN,11.92249,1,8
CHFJPY_otc,1786405500,1786406760,1786406820,UP,GREEN,11.04142,1,21
CHFJPY_otc,1786412100,1786412760,1786412820,UP,GREEN,11.04215,1,22
CHFJPY_otc,1786446300,1786446780,1786446840,DOWN,RED,11.36641,1,8
CHFJPY_otc,1786461300,1786461720,1786461780,UP,GREEN,10.9099,1,12
COKE_otc,1785235200,1785235800,1785235860,UP,GREEN,434.43,1,7
COKE_otc,1785261300,1785262380,1785262440,DOWN,RED,427.99,0,15
COKE_otc,1785316800,1785318060,1785318120,DOWN,RED,428.26,1,6
COKE_otc,1785324900,1785325380,1785325440,DOWN,RED,428.71,0,8
COKE_otc,1785380100,1785381420,1785381480,DOWN,RED,427.37,0,0
COKE_otc,1785399300,1785400440,1785400500,UP,GREEN,421.32,0,5
COKE_otc,1785410700,1785411120,1785411180,DOWN,RED,419.36,0,8
COKE_otc,1785431700,1785432120,1785432180,DOWN,RED,426.88,0,14
COKE_otc,1785463500,1785463860,1785463920,UP,GREEN,412.56,1,23
COKE_otc,1785476700,1785478080,1785478140,DOWN,RED,412.78,1,3
COKE_otc,1785487200,1785487680,1785487740,UP,GREEN,411.94,1,5
COKE_otc,1785547800,1785548220,1785548280,DOWN,RED,399.54,0,22
COKE_otc,1785553500,1785553800,1785553860,UP,GREEN,397.24,1,0
COKE_otc,1785591600,1785592020,1785592080,UP,GREEN,393.92,1,10
COKE_otc,1785637200,1785637740,1785637800,UP,GREEN,404.59,1,23
COKE_otc,1785645000,1785645480,1785645540,DOWN,RED,406.85,0,1
COKE_otc,1785708900,1785709680,1785709740,UP,GREEN,402.26,1,19
COKE_otc,1785743700,1785744000,1785744060,DOWN,RED,399.31,1,5
COKE_otc,1785748500,1785749040,1785749100,UP,GREEN,397.66,1,6
COKE_otc,1785749100,1785750300,1785750360,UP,GREEN,397.7,1,6
COKE_otc,1785750900,1785751320,1785751380,DOWN,RED,398.63,1,7
COKE_otc,1785811200,1785812040,1785812100,DOWN,RED,405.46,1,23
COKE_otc,1785816900,1785818100,1785818160,DOWN,RED,405.31,0,1
COKE_otc,1785818100,1785818760,1785818820,UP,GREEN,404.81,0,1
COKE_otc,1785847200,1785848040,1785848100,DOWN,RED,391.18,1,9
COKE_otc,1785887100,1785888000,1785888060,DOWN,RED,408.06,0,21
COKE_otc,1785922500,1785923040,1785923100,DOWN,RED,410.42,1,6
COKE_otc,1785932400,1785933360,1785933420,DOWN,RED,416.3,1,9
COKE_otc,1785999000,1785999600,1785999660,UP,GREEN,423.01,1,4
COKE_otc,1786012500,1786013520,1786013580,UP,GREEN,424.82,1,7
COKE_otc,1786044300,1786045740,1786045800,UP,GREEN,439.28,0,16
COKE_otc,1786120200,1786120500,1786120560,UP,GREEN,433.81,1,13
COKE_otc,1786134300,1786134780,1786134840,DOWN,RED,438.15,1,17
COKE_otc,1786140600,1786140900,1786140960,DOWN,RED,437.6,1,19
COKE_otc,1786178700,1786179180,1786179240,DOWN,RED,437.23,1,5
COKE_otc,1786198800,1786199100,1786199160,UP,GREEN,436.41,0,11
COKE_otc,1786200600,1786201800,1786201860,DOWN,RED,438.01,0,12
COKE_otc,1786226700,1786227240,1786227300,UP,GREEN,440.6,0,19
COKE_otc,1786231200,1786232580,1786232640,UP,GREEN,448.45,0,20
COKE_otc,1786234800,1786235280,1786235340,UP,GREEN,447.9,0,21
COKE_otc,1786254000,1786254480,1786254540,UP,GREEN,447.69,1,2
COKE_otc,1786296900,1786297440,1786297500,DOWN,RED,431.16,1,14
COKE_otc,1786308600,1786309020,1786309080,DOWN,RED,428.97,1,17
COKE_otc,1786344000,1786344420,1786344480,UP,GREEN,425.18,0,3
COKE_otc,1786360500,1786360920,1786360980,DOWN,RED,426.41,0,8
COKE_otc,1786368900,1786369500,1786369560,UP,GREEN,430.18,1,10
COKE_otc,1786383600,1786384380,1786384440,UP,GREEN,409.96,1,14
COKE_otc,1786386300,1786386840,1786386900,DOWN,RED,411.01,1,15
COKE_otc,1786416900,1786417200,1786417260,UP,GREEN,409.82,1,0
COKE_otc,1786425000,1786426020,1786426080,DOWN,RED,410.79,1,2
COKE_otc,1786426500,1786426800,1786426860,UP,GREEN,409.97,1,2
COKE_otc,1786434600,1786436040,1786436100,DOWN,RED,410.98,1,5
COKE_otc,1786485600,1786485900,1786485960,DOWN,RED,425.63,1,19
COKE_otc,1786489800,1786490100,1786490160,UP,GREEN,422.86,1,20
COKE_otc,1786490700,1786491120,1786491180,UP,GREEN,422.04,1,20
DISNEY_otc,1785928500,1785928860,1785928920,DOWN,RED,504.23,0,8
DISNEY_otc,1785975300,1785975720,1785975780,UP,GREEN,508.27,0,21
DISNEY_otc,1786014000,1786014480,1786014540,DOWN,RED,508.43,1,8
DISNEY_otc,1786074900,1786075980,1786076040,DOWN,RED,498.59,1,1
DISNEY_otc,1786079700,1786080060,1786080120,UP,GREEN,497.83,0,2
DISNEY_otc,1786097700,1786098360,1786098420,UP,GREEN,495.4,0,7
DISNEY_otc,1786102500,1786103640,1786103700,DOWN,RED,495.49,1,8
DISNEY_otc,1786116000,1786116300,1786116360,DOWN,RED,501.53,0,12
DISNEY_otc,1786135500,1786136040,1786136100,DOWN,RED,502.81,0,17
DISNEY_otc,1786214100,1786214460,1786214520,DOWN,RED,501.46,0,15
DISNEY_otc,1786213500,1786214520,1786214580,DOWN,RED,501.89,1,15
DISNEY_otc,1786234200,1786235100,1786235160,UP,GREEN,498.51,0,21
DISNEY_otc,1786236300,1786236600,1786236660,DOWN,RED,499.87,0,21
DISNEY_otc,1786245600,1786246380,1786246440,DOWN,RED,499.58,0,0
DISNEY_otc,1786258500,1786259220,1786259280,UP,GREEN,499.07,1,4
DISNEY_otc,1786265100,1786266000,1786266060,UP,GREEN,500.56,1,6
DISNEY_otc,1786302900,1786303500,1786303560,DOWN,RED,505.24,0,16
DISNEY_otc,1786316100,1786317240,1786317300,UP,GREEN,509.49,0,20
DISNEY_otc,1786340700,1786341000,1786341060,UP,GREEN,509.89,0,2
DISNEY_otc,1786350000,1786350660,1786350720,UP,GREEN,509.83,1,5
DISNEY_otc,1786352400,1786352940,1786353000,UP,GREEN,511.27,1,6
DISNEY_otc,1786365000,1786366380,1786366440,DOWN,RED,512.92,1,9
DISNEY_otc,1786373700,1786374000,1786374060,DOWN,RED,519.08,1,12
DISNEY_otc,1786379100,1786380360,1786380420,UP,GREEN,501.53,0,13
DISNEY_otc,1786388700,1786389120,1786389180,UP,GREEN,501.66,1,16
DISNEY_otc,1786391700,1786392120,1786392180,UP,GREEN,501.94,1,17
DISNEY_otc,1786421100,1786421520,1786421580,UP,GREEN,501.79,1,1
DISNEY_otc,1786440000,1786440780,1786440840,UP,GREEN,501.76,0,6
DISNEY_otc,1786459200,1786459740,1786459800,UP,GREEN,522.19,0,11
DOGE_otc,1786295400,1786296420,1786296480,UP,GREEN,496.43,0,14
DOGE_otc,1786426200,1786426980,1786427040,UP,GREEN,0.45,1,2
DOGE_otc,1786464900,1786465560,1786465620,DOWN,RED,504.84,0,13
ETHEREUM_otc,1785204300,1785205560,1785205620,DOWN,RED,45.65,1,23
ETHEREUM_otc,1785272700,1785273420,1785273480,DOWN,RED,30.98,1,18
ETHEREUM_otc,1785279000,1785279540,1785279600,UP,GREEN,32.77,1,20
ETHEREUM_otc,1785281100,1785281520,1785281580,DOWN,RED,30.17,0,20
ETHEREUM_otc,1785285600,1785285960,1785286020,UP,GREEN,22.89,0,21
ETHEREUM_otc,1785296400,1785296760,1785296820,UP,GREEN,13.72,1,0
ETHEREUM_otc,1785372900,1785373560,1785373620,DOWN,RED,6.88,1,22
ETHEREUM_otc,1785409200,1785409500,1785409560,DOWN,RED,13.81,1,8
ETHEREUM_otc,1785417000,1785418440,1785418500,DOWN,RED,9.36,1,10
ETHEREUM_otc,1785442200,1785443460,1785443520,UP,GREEN,13.33,1,17
ETHEREUM_otc,1785456600,1785457080,1785457140,DOWN,RED,5.14,1,21
ETHEREUM_otc,1785469500,1785469920,1785469980,DOWN,RED,6.78,0,0
ETHEREUM_otc,1785500700,1785501000,1785501060,UP,GREEN,15.21,1,9
ETHEREUM_otc,1785509700,1785510840,1785510900,UP,GREEN,11.44,1,12
ETHEREUM_otc,1785511500,1785511980,1785512040,DOWN,RED,11.48,1,12
ETHEREUM_otc,1785522900,1785523200,1785523260,DOWN,RED,12.89,0,15
ETHEREUM_otc,1785567900,1785568440,1785568500,UP,GREEN,12.49,1,4
ETHEREUM_otc,1785583200,1785583620,1785583680,UP,GREEN,12.75,0,8
ETHEREUM_otc,1785592800,1785593160,1785593220,DOWN,RED,14.52,1,11
ETHEREUM_otc,1785614400,1785615060,1785615120,UP,GREEN,14.41,0,17
ETHEREUM_otc,1785640800,1785641100,1785641160,UP,GREEN,11.25,0,0
ETHEREUM_otc,1785649200,1785650340,1785650400,UP,GREEN,13.11,1,3
ETHEREUM_otc,1785694500,1785695580,1785695640,UP,GREEN,15.79,0,15
ETHEREUM_otc,1785771900,1785772800,1785772860,UP,GREEN,10.75,1,13
ETHEREUM_otc,1785794400,1785794820,1785794880,DOWN,RED,12.19,1,19
ETHEREUM_otc,1785802500,1785802860,1785802920,UP,GREEN,10.61,0,21
ETHEREUM_otc,1785816600,1785817260,1785817320,UP,GREEN,12.79,1,1
ETHEREUM_otc,1785818700,1785819780,1785819840,UP,GREEN,14.27,1,2
ETHEREUM_otc,1785838200,1785838560,1785838620,UP,GREEN,14.66,0,7
ETHEREUM_otc,1785883500,1785883860,1785883920,DOWN,RED,18.82,1,19
ETHEREUM_otc,1785887700,1785888120,1785888180,UP,GREEN,13.72,1,21
ETHEREUM_otc,1785916500,1785916860,1785916920,UP,GREEN,13.22,1,5
ETHEREUM_otc,1785930300,1785930600,1785930660,DOWN,RED,13.61,1,8
ETHEREUM_otc,1785951000,1785952380,1785952440,UP,GREEN,16.75,1,14
ETHEREUM_otc,1785975600,1785975960,1785976020,UP,GREEN,16.61,1,21
ETHEREUM_otc,1786011900,1786012920,1786012980,DOWN,RED,10.49,1,7
ETHEREUM_otc,1786025100,1786025700,1786025760,DOWN,RED,13.82,1,11
ETHEREUM_otc,1786040700,1786041780,1786041840,UP,GREEN,10.2,0,15
ETHEREUM_otc,1786047000,1786047480,1786047540,UP,GREEN,13.52,0,17
ETHEREUM_otc,1786108800,1786109100,1786109160,UP,GREEN,13.08,0,10
ETHEREUM_otc,1786113900,1786114980,1786115040,UP,GREEN,12.42,1,12
ETHEREUM_otc,1786164300,1786165260,1786165320,DOWN,RED,12.6,1,2
ETHEREUM_otc,1786168200,1786168620,1786168680,UP,GREEN,10.82,1,2
ETHEREUM_otc,1786168800,1786169100,1786169160,DOWN,RED,11.91,1,3
ETHEREUM_otc,1786180500,1786180800,1786180860,DOWN,RED,12.34,1,6
ETHEREUM_otc,1786212600,1786213080,1786213140,UP,GREEN,14.46,1,15
ETHEREUM_otc,1786218300,1786219320,1786219380,DOWN,RED,17.94,1,17
ETHEREUM_otc,1786221000,1786222440,1786222500,UP,GREEN,16.36,1,17
ETHEREUM_otc,1786226400,1786226760,1786226820,UP,GREEN,15.69,1,19
ETHEREUM_otc,1786240800,1786241100,1786241160,UP,GREEN,11.23,0,23
ETHEREUM_otc,1786284300,1786285080,1786285140,UP,GREEN,13.05,1,11
ETHEREUM_otc,1786294500,1786294920,1786294980,DOWN,RED,12.29,1,14
ETHEREUM_otc,1786297200,1786297680,1786297740,UP,GREEN,11.52,1,14
ETHEREUM_otc,1786356900,1786357200,1786357260,DOWN,RED,14.59,0,7
ETHEREUM_otc,1786362900,1786363680,1786363740,UP,GREEN,13.71,1,9
ETHEREUM_otc,1786392000,1786392900,1786392960,UP,GREEN,13.75,1,17
ETHEREUM_otc,1786427400,1786428540,1786428600,DOWN,RED,14.97,1,3
EURCAD_otc,1785197700,1785198060,1785198120,DOWN,RED,63.11,0,21
EURCAD_otc,1785208500,1785209640,1785209700,UP,GREEN,62.32,1,0
EURCAD_otc,1785224700,1785225360,1785225420,UP,GREEN,62.47,0,4
EURCAD_otc,1785229200,1785229560,1785229620,UP,GREEN,62.03,0,6
EURCAD_otc,1785244200,1785244800,1785244860,DOWN,RED,61.61,0,10
EURCAD_otc,1785291900,1785293160,1785293220,DOWN,RED,55.47,1,23
EURCAD_otc,1785313500,1785314040,1785314100,UP,GREEN,53.67,1,5
EURCAD_otc,1785332400,1785332940,1785333000,DOWN,RED,55.89,1,10
EURCAD_otc,1785351900,1785352200,1785352260,UP,GREEN,58.74,1,16
EURCAD_otc,1785363600,1785364080,1785364140,UP,GREEN,55.78,0,19
EURCAD_otc,1785376200,1785376500,1785376560,DOWN,RED,54.28,1,22
EURCAD_otc,1785407700,1785408960,1785409020,UP,GREEN,52.46,0,7
EURCAD_otc,1785411000,1785411420,1785411480,UP,GREEN,52.52,1,8
EURCAD_otc,1785430200,1785430620,1785430680,UP,GREEN,53.71,1,13
EURCAD_otc,1785438900,1785439860,1785439920,UP,GREEN,54.62,0,16
EURCAD_otc,1785451800,1785453000,1785453060,UP,GREEN,53.04,1,20
EURCAD_otc,1785452700,1785453300,1785453360,DOWN,RED,53.45,1,20
EURCAD_otc,1785474600,1785475800,1785475860,UP,GREEN,51.51,0,2
EURCAD_otc,1785480600,1785481020,1785481080,UP,GREEN,51.6,1,3
EURCAD_otc,1785500400,1785500760,1785500820,DOWN,RED,52.19,1,9
EURCAD_otc,1785528300,1785529020,1785529080,DOWN,RED,53.29197,0,17
EURCAD_otc,1785537900,1785538920,1785538980,UP,GREEN,52.34126,1,20
EURCAD_otc,1785539700,1785540540,1785540600,DOWN,RED,52.34845,1,20
EURCAD_otc,1785567000,1785567480,1785567540,UP,GREEN,52.96525,0,3
EURCAD_otc,1785579900,1785580200,1785580260,DOWN,RED,53.39773,1,7
EURCAD_otc,1785635700,1785636480,1785636540,UP,GREEN,56.67104,0,23
EURCAD_otc,1785642000,1785642300,1785642360,DOWN,RED,56.59935,1,0
EURCAD_otc,1785662700,1785663780,1785663840,DOWN,RED,56.04164,1,6
EURCAD_otc,1785666900,1785667200,1785667260,DOWN,RED,55.83578,1,7
EURCAD_otc,1785682500,1785682980,1785683040,UP,GREEN,55.7995,0,12
EURCAD_otc,1785750000,1785750660,1785750720,DOWN,RED,55.98721,1,6
EURCAD_otc,1785773100,1785773460,1785773520,UP,GREEN,55.53881,0,13
EURCAD_otc,1785781200,1785781560,1785781620,DOWN,RED,54.29963,0,15
EURCAD_otc,1785809400,1785809700,1785809760,UP,GREEN,55.65574,0,23
EURCAD_otc,1785810900,1785811680,1785811740,UP,GREEN,55.84675,1,23
EURCAD_otc,1785820200,1785821280,1785821340,UP,GREEN,55.24159,1,2
EURCAD_otc,1785832800,1785833100,1785833160,UP,GREEN,54.35798,1,5
EURCAD_otc,1785834600,1785835020,1785835080,DOWN,RED,54.5084,1,6
EURCAD_otc,1785842700,1785843540,1785843600,DOWN,RED,54.25668,0,8
EURCAD_otc,1785881700,1785882780,1785882840,DOWN,RED,56.12778,1,19
EURCAD_otc,1785884700,1785885480,1785885540,UP,GREEN,56.27123,0,20
EURCAD_otc,1785886500,1785886980,1785887040,UP,GREEN,56.45306,0,20
EURCAD_otc,1785896400,1785896760,1785896820,UP,GREEN,54.93947,0,23
EURCAD_otc,1785899700,1785900120,1785900180,UP,GREEN,54.40709,0,0
EURCAD_otc,1785905100,1785905400,1785905460,UP,GREEN,53.22158,1,1
EURCAD_otc,1785934800,1785935340,1785935400,UP,GREEN,51.96694,0,10
EURCAD_otc,1785954000,1785954720,1785954780,UP,GREEN,52.76775,1,15
EURCAD_otc,1785966000,1785966360,1785966420,UP,GREEN,50.33955,1,18
EURCAD_otc,1785989100,1785989460,1785989520,UP,GREEN,51.06562,1,1
EURCAD_otc,1786011900,1786012560,1786012620,UP,GREEN,50.54546,0,7
EURCAD_otc,1786085100,1786085820,1786085880,UP,GREEN,55.10482,1,3
EURCAD_otc,1786092900,1786093260,1786093320,UP,GREEN,56.29317,0,6
EURCAD_otc,1786096800,1786097160,1786097220,UP,GREEN,56.88412,1,7
EURCAD_otc,1786122300,1786123080,1786123140,DOWN,RED,55.71697,1,14
EURCAD_otc,1786165500,1786166040,1786166100,UP,GREEN,55.92648,1,2
EURCAD_otc,1786178700,1786179480,1786179540,DOWN,RED,54.97893,1,5
EURCAD_otc,1786182300,1786182660,1786182720,UP,GREEN,54.1207,1,6
EURCAD_otc,1786185600,1786187040,1786187100,UP,GREEN,54.28475,1,8
EURCAD_otc,1786214100,1786215060,1786215120,UP,GREEN,53.78952,0,15
EURCAD_otc,1786220400,1786220880,1786220940,UP,GREEN,54.26117,0,17
EURCAD_otc,1786235400,1786236060,1786236120,DOWN,RED,55.4549,0,21
EURCAD_otc,1786237500,1786238640,1786238700,DOWN,RED,54.91346,1,22
EURCAD_otc,1786256400,1786257180,1786257240,DOWN,RED,56.95112,1,3
EURCAD_otc,1786322100,1786322580,1786322640,DOWN,RED,57.12511,1,21
EURCAD_otc,1786324200,1786324620,1786324680,DOWN,RED,56.70287,0,22
EURCAD_otc,1786371900,1786372560,1786372620,DOWN,RED,56.70358,0,11
EURCAD_otc,1786442100,1786443120,1786443180,DOWN,RED,56.13401,0,7
EURCAD_otc,1786445100,1786446480,1786446540,UP,GREEN,52.45939,1,8
EURCAD_otc,1786467600,1786468020,1786468080,DOWN,RED,56.8374,1,14
EURCAD_otc,1786471200,1786471500,1786471560,DOWN,RED,56.7636,0,15
EURCAD_otc,1786472400,1786472940,1786473000,UP,GREEN,56.47674,0,15
EURCHF_otc,1785196800,1785197520,1785197580,DOWN,RED,31.22,1,21
EURCHF_otc,1785205200,1785205560,1785205620,UP,GREEN,32.13,0,23
EURCHF_otc,1785221400,1785222300,1785222360,DOWN,RED,33.1,1,4
EURCHF_otc,1785222600,1785222900,1785222960,DOWN,RED,33.04,1,4
EURCHF_otc,1785227100,1785227460,1785227520,DOWN,RED,32.36,1,5
EURCHF_otc,1785240900,1785241980,1785242040,DOWN,RED,32.33,1,9
EURCHF_otc,1785241800,1785242220,1785242280,UP,GREEN,31.86,1,9
EURCHF_otc,1785246000,1785246300,1785246360,DOWN,RED,33.18,1,10
EURCHF_otc,1785253200,1785253500,1785253560,DOWN,RED,33.59,1,12
EURCHF_otc,1785264900,1785265860,1785265920,UP,GREEN,31.7,1,16
EURCHF_otc,1785278400,1785279000,1785279060,UP,GREEN,30.31,0,19
EURCHF_otc,1785287100,1785287760,1785287820,UP,GREEN,31.89,1,22
EURCHF_otc,1785296700,1785297420,1785297480,DOWN,RED,34.27,1,0
EURCHF_otc,1785299400,1785300000,1785300060,DOWN,RED,34.46,1,1
EURCHF_otc,1785320100,1785320640,1785320700,UP,GREEN,34.15,1,7
EURCHF_otc,1785346200,1785346620,1785346680,DOWN,RED,35.96,0,14
EURCHF_otc,1785361800,1785362580,1785362640,DOWN,RED,38.34,1,19
EURCHF_otc,1785366900,1785367200,1785367260,UP,GREEN,38.48,0,20
EURCHF_otc,1785379200,1785380280,1785380340,UP,GREEN,36.7,1,23
EURCHF_otc,1785390000,1785390780,1785390840,UP,GREEN,36.23,1,2
EURCHF_otc,1785406500,1785406800,1785406860,UP,GREEN,35.67,0,7
EURCHF_otc,1785413100,1785414240,1785414300,UP,GREEN,35.07,1,9
EURCHF_otc,1785428400,1785428700,1785428760,DOWN,RED,32.32,0,13
EURCHF_otc,1785428100,1785429300,1785429360,UP,GREEN,31.99,1,13
EURCHF_otc,1785448500,1785449760,1785449820,UP,GREEN,32.3,1,19
EURCHF_otc,1785460800,1785461400,1785461460,DOWN,RED,33.21,0,22
EURCHF_otc,1785461400,1785461940,1785462000,UP,GREEN,33.01,1,22
EURCHF_otc,1785463500,1785464100,1785464160,UP,GREEN,33.04,1,23
EURCHF_otc,1785500100,1785500700,1785500760,DOWN,RED,32.71,1,9
EURCHF_otc,1785520500,1785521100,1785521160,UP,GREEN,31.78931,1,15
EURCHF_otc,1785529500,1785530160,1785530220,UP,GREEN,31.92454,1,17
EURCHF_otc,1785555600,1785556320,1785556380,DOWN,RED,31.74078,1,0
EURCHF_otc,1785560100,1785561000,1785561060,DOWN,RED,31.65605,0,2
EURCHF_otc,1785579900,1785581100,1785581160,UP,GREEN,31.61582,0,7
EURCHF_otc,1785581100,1785582180,1785582240,DOWN,RED,31.73952,1,8
EURCHF_otc,1785629400,1785629940,1785630000,UP,GREEN,34.28904,0,21
EURCHF_otc,1785662400,1785662820,1785662880,DOWN,RED,33.01977,1,6
EURCHF_otc,1785686700,1785687060,1785687120,DOWN,RED,32.4729,0,13
EURCHF_otc,1785688200,1785689220,1785689280,UP,GREEN,32.17189,0,13
EURCHF_otc,1785701100,1785701880,1785701940,UP,GREEN,32.695,1,17
EURCHF_otc,1785716700,1785717360,1785717420,DOWN,RED,32.6765,1,21
EURCHF_otc,1785741900,1785742200,1785742260,UP,GREEN,33.1912,1,4
EURCHF_otc,1785765300,1785765780,1785765840,UP,GREEN,33.30713,0,11
EURCHF_otc,1785782400,1785783420,1785783480,UP,GREEN,30.06273,1,15
EURCHF_otc,1785819600,1785820440,1785820500,DOWN,RED,31.49228,1,2
EURCHF_otc,1785841200,1785842220,1785842280,DOWN,RED,31.75026,1,8
EURCHF_otc,1785855300,1785856560,1785856620,DOWN,RED,32.67923,0,12
EURCHF_otc,1785882300,1785883020,1785883080,UP,GREEN,29.80318,1,19
EURCHF_otc,1785892800,1785893280,1785893340,UP,GREEN,29.41078,1,22
EURCHF_otc,1785945300,1785946020,1785946080,UP,GREEN,32.69169,1,13
EURCHF_otc,1785950700,1785951180,1785951240,UP,GREEN,33.31217,0,14
EURCHF_otc,1785971100,1785972240,1785972300,UP,GREEN,30.7997,1,20
EURCHF_otc,1786002900,1786003200,1786003260,DOWN,RED,32.18429,1,5
EURCHF_otc,1786018200,1786018560,1786018620,UP,GREEN,33.16633,1,9
EURCHF_otc,1786029300,1786029720,1786029780,DOWN,RED,34.21313,0,12
EURCHF_otc,1786035600,1786035900,1786035960,UP,GREEN,34.5023,0,14
EURCHF_otc,1786046100,1786046400,1786046460,DOWN,RED,34.89778,0,17
EURCHF_otc,1786047600,1786048500,1786048560,UP,GREEN,34.83678,1,17
EURCHF_otc,1786060200,1786060560,1786060620,UP,GREEN,34.44752,0,20
EURCHF_otc,1786086900,1786087260,1786087320,DOWN,RED,34.23871,1,4
EURCHF_otc,1786088400,1786088880,1786088940,DOWN,RED,34.34017,0,4
EURCHF_otc,1786098000,1786099140,1786099200,UP,GREEN,34.0941,0,7
EURCHF_otc,1786102800,1786103460,1786103520,DOWN,RED,34.02042,1,8
EURCHF_otc,1786140900,1786141680,1786141740,UP,GREEN,33.66106,0,19
EURCHF_otc,1786146000,1786146360,1786146420,DOWN,RED,34.08503,0,20
EURCHF_otc,1786152300,1786152900,1786152960,UP,GREEN,33.70017,1,22
EURCHF_otc,1786154700,1786155360,1786155420,UP,GREEN,33.87202,0,23
EURCHF_otc,1786161000,1786161360,1786161420,UP,GREEN,34.61705,1,0
EURCHF_otc,1786179000,1786179480,1786179540,UP,GREEN,34.20869,0,5
EURCHF_otc,1786180800,1786181160,1786181220,UP,GREEN,34.27834,0,6
EURCHF_otc,1786185600,1786185960,1786186020,DOWN,RED,34.19002,0,7
EURCHF_otc,1786227900,1786228380,1786228440,UP,GREEN,31.83931,1,19
EURCHF_otc,1786230000,1786231080,1786231140,UP,GREEN,31.93476,0,20
EURCHF_otc,1786234800,1786235580,1786235640,DOWN,RED,32.01447,1,21
EURCHF_otc,1786260000,1786260480,1786260540,DOWN,RED,31.62393,1,4
EURCHF_otc,1786272900,1786274100,1786274160,UP,GREEN,31.78497,1,8
EURCHF_otc,1786274700,1786275120,1786275180,UP,GREEN,31.92465,1,8
EURCHF_otc,1786288500,1786288800,1786288860,DOWN,RED,32.39991,0,12
EURCHF_otc,1786288800,1786289880,1786289940,UP,GREEN,32.21426,1,12
EURCHF_otc,1786293300,1786293600,1786293660,UP,GREEN,32.29861,1,13
EURCHF_otc,1786306200,1786306500,1786306560,UP,GREEN,32.32278,1,17
EURCHF_otc,1786353900,1786354380,1786354440,DOWN,RED,31.52234,0,6
EURCHF_otc,1786368900,1786369200,1786369260,UP,GREEN,31.23667,1,10
EURCHF_otc,1786370100,1786370520,1786370580,DOWN,RED,31.54168,0,11
EURCHF_otc,1786465500,1786465860,1786465920,UP,GREEN,30.14879,0,13
EURGBP_otc,1786006500,1786007640,1786007700,DOWN,RED,49.20798,1,6
EURGBP_otc,1786028700,1786029000,1786029060,DOWN,RED,49.63572,1,12
EURGBP_otc,1786033500,1786034040,1786034100,DOWN,RED,49.7099,1,13
EURGBP_otc,1786064700,1786065060,1786065120,UP,GREEN,47.40178,1,22
EURGBP_otc,1786067400,1786068060,1786068120,DOWN,RED,46.83587,0,23
EURGBP_otc,1786088100,1786088820,1786088880,DOWN,RED,48.22893,1,4
EURGBP_otc,1786092600,1786093260,1786093320,UP,GREEN,47.96653,0,6
EURGBP_otc,1786101300,1786102020,1786102080,DOWN,RED,48.09776,0,8
EURGBP_otc,1786105800,1786106100,1786106160,UP,GREEN,48.32107,1,9
EURGBP_otc,1786112700,1786114140,1786114200,UP,GREEN,49.1236,0,11
EURGBP_otc,1786164300,1786164780,1786164840,UP,GREEN,47.53033,1,1
EURGBP_otc,1786179000,1786179420,1786179480,DOWN,RED,48.7945,0,5
EURGBP_otc,1786183200,1786183680,1786183740,UP,GREEN,48.60756,1,7
EURGBP_otc,1786185300,1786185600,1786185660,UP,GREEN,48.59412,1,7
EURGBP_otc,1786201800,1786202100,1786202160,DOWN,RED,48.34792,0,12
EURGBP_otc,1786210800,1786211520,1786211580,DOWN,RED,49.15685,1,14
EURGBP_otc,1786221600,1786222680,1786222740,UP,GREEN,49.93698,1,17
EURGBP_otc,1786236900,1786237260,1786237320,DOWN,RED,49.65823,1,22
EURGBP_otc,1786272600,1786272900,1786272960,UP,GREEN,48.46141,1,7
EURGBP_otc,1786282200,1786282560,1786282620,DOWN,RED,48.83113,0,10
EURGBP_otc,1786284900,1786285380,1786285440,DOWN,RED,48.41912,1,11
EURGBP_otc,1786295400,1786295820,1786295880,UP,GREEN,48.90139,1,14
EURGBP_otc,1786297200,1786298100,1786298160,DOWN,RED,48.52718,0,14
EURGBP_otc,1786298700,1786299060,1786299120,DOWN,RED,48.7594,0,15
EURGBP_otc,1786299300,1786299660,1786299720,UP,GREEN,48.84334,0,15
EURGBP_otc,1786317300,1786317600,1786317660,DOWN,RED,49.24716,0,20
EURGBP_otc,1786354200,1786354620,1786354680,DOWN,RED,49.65151,0,6
EURGBP_otc,1786361700,1786362000,1786362060,DOWN,RED,49.84826,0,8
EURJPY_otc,1785200100,1785200400,1785200460,DOWN,RED,41.79,0,22
EURJPY_otc,1785210600,1785211200,1785211260,UP,GREEN,39.55,0,1
EURJPY_otc,1785214500,1785215100,1785215160,DOWN,RED,39.64,1,2
EURJPY_otc,1785275400,1785275880,1785275940,UP,GREEN,38.54,1,18
EURJPY_otc,1785287400,1785288120,1785288180,UP,GREEN,37.3,1,22
EURJPY_otc,1785324600,1785326040,1785326100,DOWN,RED,37.27,1,8
EURJPY_otc,1785333300,1785333600,1785333660,UP,GREEN,37.85,0,11
EURJPY_otc,1785338100,1785338580,1785338640,DOWN,RED,37.08,0,12
EURJPY_otc,1785351300,1785352320,1785352380,DOWN,RED,37.83,1,16
EURJPY_otc,1785380100,1785380880,1785380940,DOWN,RED,33.41,1,0
EURJPY_otc,1785392700,1785393300,1785393360,UP,GREEN,34.55,1,3
EURJPY_otc,1785393600,1785394020,1785394080,UP,GREEN,34.55,1,3
EURJPY_otc,1785411600,1785411900,1785411960,UP,GREEN,34.18,1,8
EURJPY_otc,1785417000,1785417360,1785417420,UP,GREEN,34.78,1,10
EURJPY_otc,1785426000,1785426900,1785426960,DOWN,RED,35.9,1,12
EURJPY_otc,1785469800,1785470580,1785470640,DOWN,RED,39.55,0,1
EURJPY_otc,1785477300,1785478020,1785478080,UP,GREEN,38.14,0,3
EURJPY_otc,1785478500,1785478980,1785479040,UP,GREEN,38.22,1,3
EURJPY_otc,1785503400,1785504060,1785504120,UP,GREEN,39.04372,1,10
EURJPY_otc,1785503700,1785504240,1785504300,DOWN,RED,39.30889,0,10
EURJPY_otc,1785507300,1785507660,1785507720,DOWN,RED,38.31797,1,11
EURJPY_otc,1785524400,1785525120,1785525180,DOWN,RED,38.15,0,16
EURJPY_otc,1785532500,1785532800,1785532860,DOWN,RED,39.02218,1,18
EURJPY_otc,1785631500,1785631980,1785632040,UP,GREEN,36.76863,1,21
EURJPY_otc,1785716400,1785716760,1785716820,DOWN,RED,40.20579,0,21
EURJPY_otc,1785740100,1785740400,1785740460,DOWN,RED,39.1427,1,4
EURJPY_otc,1785764100,1785764640,1785764700,DOWN,RED,40.23362,1,10
EURJPY_otc,1785773400,1785774060,1785774120,UP,GREEN,40.33801,0,13
EURJPY_otc,1785802500,1785802860,1785802920,DOWN,RED,40.01818,1,21
EURJPY_otc,1785802200,1785803460,1785803520,DOWN,RED,40.17282,1,21
EURJPY_otc,1785828300,1785828660,1785828720,DOWN,RED,38.41836,1,4
EURJPY_otc,1785830400,1785831480,1785831540,DOWN,RED,38.36637,1,5
EURJPY_otc,1785857100,1785858540,1785858600,UP,GREEN,34.83367,1,12
EURJPY_otc,1785861300,1785861600,1785861660,DOWN,RED,35.47909,0,13
EURJPY_otc,1785869100,1785870060,1785870120,DOWN,RED,35.94634,0,16
EURJPY_otc,1785919200,1785919680,1785919740,DOWN,RED,37.2591,1,5
EURJPY_otc,1785930300,1785930600,1785930660,DOWN,RED,37.15576,1,8
EURJPY_otc,1785951000,1785952140,1785952200,DOWN,RED,38.24888,1,14
EURJPY_otc,1785961500,1785961800,1785961860,UP,GREEN,43.84235,0,17
EURJPY_otc,1786005300,1786005900,1786005960,DOWN,RED,39.11877,0,5
EURJPY_otc,1786031100,1786031460,1786031520,UP,GREEN,38.33889,0,12
EURJPY_otc,1786041600,1786041900,1786041960,UP,GREEN,37.93344,1,15
EURJPY_otc,1786056600,1786057980,1786058040,UP,GREEN,36.29366,0,20
EURJPY_otc,1786060500,1786060800,1786060860,DOWN,RED,36.52881,0,21
EURJPY_otc,1786061100,1786062240,1786062300,UP,GREEN,36.3953,1,21
EURJPY_otc,1786074000,1786075020,1786075080,UP,GREEN,35.8206,1,0
EURJPY_otc,1786088100,1786088400,1786088460,DOWN,RED,36.26244,0,4
EURJPY_otc,1786087800,1786089000,1786089060,DOWN,RED,36.36781,0,4
EURJPY_otc,1786095900,1786096740,1786096800,UP,GREEN,36.0188,1,7
EURJPY_otc,1786102500,1786102980,1786103040,UP,GREEN,36.35185,1,8
EURJPY_otc,1786136400,1786137300,1786137360,DOWN,RED,37.26387,1,18
EURJPY_otc,1786138800,1786139220,1786139280,DOWN,RED,37.37947,1,18
EURJPY_otc,1786149600,1786150800,1786150860,UP,GREEN,39.47927,0,22
EURJPY_otc,1786158300,1786158720,1786158780,UP,GREEN,39.71708,0,0
EURJPY_otc,1786160400,1786160760,1786160820,UP,GREEN,39.34526,0,0
EURJPY_otc,1786167000,1786167540,1786167600,UP,GREEN,38.31248,1,2
EURJPY_otc,1786169700,1786170420,1786170480,UP,GREEN,38.58386,1,3
EURJPY_otc,1786184400,1786184760,1786184820,UP,GREEN,38.44601,1,7
EURJPY_otc,1786200900,1786201260,1786201320,DOWN,RED,37.71356,1,12
EURJPY_otc,1786208100,1786208940,1786209000,UP,GREEN,38.08357,1,14
EURJPY_otc,1786212900,1786213500,1786213560,UP,GREEN,38.00209,1,15
EURJPY_otc,1786217400,1786217820,1786217880,DOWN,RED,38.14054,1,16
EURJPY_otc,1786222500,1786222800,1786222860,UP,GREEN,38.48144,1,18
EURJPY_otc,1786240500,1786241040,1786241100,DOWN,RED,38.91451,1,23
EURJPY_otc,1786250700,1786251000,1786251060,DOWN,RED,38.68492,1,1
EURJPY_otc,1786292700,1786293060,1786293120,DOWN,RED,38.88127,1,13
EURJPY_otc,1786304400,1786304700,1786304760,DOWN,RED,38.39978,0,16
EURJPY_otc,1786304700,1786305480,1786305540,UP,GREEN,38.30338,1,16
EURJPY_otc,1786307400,1786308780,1786308840,UP,GREEN,38.76298,1,17
EURJPY_otc,1786349700,1786350240,1786350300,DOWN,RED,37.13688,1,5
EURJPY_otc,1786395900,1786396200,1786396260,DOWN,RED,39.19612,1,18
EURJPY_otc,1786466400,1786466820,1786466880,DOWN,RED,38.3801,0,13
EURJPY_otc,1786480200,1786481160,1786481220,DOWN,RED,40.05365,1,17
EURNZD_otc,1785200100,1785200940,1785201000,DOWN,RED,63.11,1,22
EURNZD_otc,1785204900,1785205260,1785205320,UP,GREEN,63.29,1,23
EURNZD_otc,1785218700,1785219360,1785219420,UP,GREEN,62.48,1,3
EURNZD_otc,1785222300,1785222840,1785222900,DOWN,RED,63.01,1,4
EURNZD_otc,1785226200,1785226500,1785226560,UP,GREEN,63.09,1,5
EURNZD_otc,1785228300,1785228720,1785228780,DOWN,RED,62.65,0,5
EURNZD_otc,1785248400,1785249180,1785249240,DOWN,RED,62.67,0,11
EURNZD_otc,1785251100,1785251400,1785251460,DOWN,RED,62.52,1,12
EURNZD_otc,1785252300,1785252720,1785252780,UP,GREEN,62.61,0,12
EURNZD_otc,1785255300,1785255840,1785255900,DOWN,RED,62.0,0,13
EURNZD_otc,1785276900,1785277740,1785277800,UP,GREEN,59.51,0,19
EURNZD_otc,1785309300,1785309600,1785309660,UP,GREEN,58.85,1,4
EURNZD_otc,1785310800,1785311220,1785311280,DOWN,RED,59.93,1,4
EURNZD_otc,1785314100,1785314400,1785314460,UP,GREEN,59.76,0,5
EURNZD_otc,1785316800,1785317160,1785317220,DOWN,RED,60.01,1,6
EURNZD_otc,1785321300,1785321660,1785321720,DOWN,RED,59.42,1,7
EURNZD_otc,1785364500,1785364800,1785364860,DOWN,RED,55.64,0,19
EURNZD_otc,1785367500,1785368100,1785368160,DOWN,RED,54.48,1,20
EURNZD_otc,1785389100,1785389580,1785389640,UP,GREEN,53.67,1,2
EURNZD_otc,1785389700,1785390000,1785390060,DOWN,RED,53.89,1,2
EURNZD_otc,1785396900,1785397500,1785397560,UP,GREEN,52.51,1,4
EURNZD_otc,1785412200,1785412920,1785412980,UP,GREEN,50.26,1,9
EURNZD_otc,1785414900,1785415500,1785415560,UP,GREEN,49.98,1,9
EURNZD_otc,1785420600,1785421440,1785421500,UP,GREEN,52.38,0,11
EURNZD_otc,1785434700,1785435660,1785435720,DOWN,RED,51.92,0,15
EURNZD_otc,1785457500,1785457800,1785457860,UP,GREEN,50.86,1,21
EURNZD_otc,1785460800,1785461100,1785461160,UP,GREEN,50.56,1,22
EURNZD_otc,1785474900,1785475380,1785475440,DOWN,RED,50.03,1,2
EURNZD_otc,1785527700,1785528420,1785528480,UP,GREEN,50.59423,1,17
EURNZD_otc,1785537600,1785537900,1785537960,DOWN,RED,51.14424,0,19
EURNZD_otc,1785539400,1785539700,1785539760,UP,GREEN,51.43316,1,20
EURNZD_otc,1785562800,1785563700,1785563760,DOWN,RED,50.7785,0,2
EURNZD_otc,1785582000,1785582900,1785582960,DOWN,RED,50.24561,1,8
EURNZD_otc,1785644100,1785644400,1785644460,UP,GREEN,49.24054,1,1
EURNZD_otc,1785690000,1785690660,1785690720,UP,GREEN,48.71265,1,14
EURNZD_otc,1785697800,1785698280,1785698340,DOWN,RED,49.40531,1,16
EURNZD_otc,1785698400,1785698700,1785698760,UP,GREEN,49.27177,0,16
EURNZD_otc,1785704700,1785705960,1785706020,UP,GREEN,49.6713,1,18
EURNZD_otc,1785712800,1785713100,1785713160,UP,GREEN,49.27339,1,20
EURNZD_otc,1785726900,1785727320,1785727380,DOWN,RED,50.23223,1,0
EURNZD_otc,1785747900,1785748440,1785748500,DOWN,RED,50.20524,1,6
EURNZD_otc,1785754500,1785755340,1785755400,DOWN,RED,50.20694,1,8
EURNZD_otc,1785780600,1785781920,1785781980,UP,GREEN,49.21666,1,15
EURNZD_otc,1785786300,1785787260,1785787320,UP,GREEN,50.26836,0,17
EURNZD_otc,1785817500,1785817860,1785817920,UP,GREEN,47.96438,1,1
EURNZD_otc,1785846000,1785846660,1785846720,UP,GREEN,46.68731,1,9
EURNZD_otc,1785871500,1785872640,1785872700,UP,GREEN,45.4966,1,16
EURNZD_otc,1785909600,1785910080,1785910140,DOWN,RED,45.96285,1,3
EURNZD_otc,1786000200,1786000860,1786000920,DOWN,RED,46.10345,1,4
EURNZD_otc,1786004700,1786005300,1786005360,DOWN,RED,46.01448,1,5
EURNZD_otc,1786023600,1786023960,1786024020,UP,GREEN,46.03349,1,10
EURNZD_otc,1786032600,1786032960,1786033020,UP,GREEN,47.18179,0,13
EURNZD_otc,1786080000,1786080360,1786080420,UP,GREEN,46.94959,1,2
EURNZD_otc,1786094700,1786095240,1786095300,DOWN,RED,47.24032,0,6
EURNZD_otc,1786098900,1786099560,1786099620,UP,GREEN,47.51414,1,7
EURNZD_otc,1786125900,1786127100,1786127160,UP,GREEN,46.22828,1,15
EURNZD_otc,1786153500,1786154280,1786154340,DOWN,RED,47.14483,1,22
EURNZD_otc,1786182300,1786182600,1786182660,DOWN,RED,47.04209,1,6
EURNZD_otc,1786248900,1786250280,1786250340,DOWN,RED,45.69902,0,1
EURNZD_otc,1786280700,1786281120,1786281180,UP,GREEN,46.0941,0,10
EURNZD_otc,1786296600,1786297680,1786297740,DOWN,RED,46.32543,1,14
EURNZD_otc,1786298700,1786299240,1786299300,UP,GREEN,46.20003,1,15
EURNZD_otc,1786318800,1786319100,1786319160,DOWN,RED,46.53145,1,20
EURNZD_otc,1786334400,1786335060,1786335120,DOWN,RED,46.87697,1,1
EURNZD_otc,1786343100,1786343940,1786344000,UP,GREEN,46.4517,0,3
EURNZD_otc,1786373400,1786374360,1786374420,UP,GREEN,48.08998,1,12
EURNZD_otc,1786388700,1786389840,1786389900,DOWN,RED,49.95513,0,16
EURNZD_otc,1786422300,1786422840,1786422900,DOWN,RED,49.9589,1,1
EURNZD_otc,1786437000,1786437660,1786437720,DOWN,RED,49.94631,1,5
EURNZD_otc,1786451700,1786452000,1786452060,UP,GREEN,49.63717,1,9
FORD_otc,1785195300,1785195840,1785195900,UP,GREEN,0.01,1,20
FORD_otc,1785196200,1785196500,1785196560,UP,GREEN,0.01,1,20
FORD_otc,1785213900,1785214980,1785215040,UP,GREEN,0.01,1,2
FORD_otc,1785342300,1785343200,1785343260,DOWN,RED,4.58,0,13
FORD_otc,1785347700,1785348540,1785348600,DOWN,RED,4.89,1,15
FORD_otc,1785388800,1785389100,1785389160,UP,GREEN,3.81,0,2
FORD_otc,1785448800,1785449220,1785449280,DOWN,RED,6.23,1,19
FORD_otc,1785452700,1785453000,1785453060,DOWN,RED,10.51,0,20
FORD_otc,1785457500,1785457860,1785457920,DOWN,RED,8.57,1,21
FORD_otc,1785497700,1785498240,1785498300,DOWN,RED,11.05,0,8
FORD_otc,1785516000,1785516360,1785516420,DOWN,RED,13.16,1,13
FORD_otc,1785516900,1785517800,1785517860,UP,GREEN,11.38,1,14
FORD_otc,1785525300,1785525840,1785525900,DOWN,RED,13.62,1,16
FORD_otc,1785561300,1785561900,1785561960,UP,GREEN,8.15,1,2
FORD_otc,1785563100,1785563460,1785563520,DOWN,RED,7.89,1,2
FORD_otc,1785629700,1785630360,1785630420,UP,GREEN,8.2,1,21
FORD_otc,1785636900,1785637980,1785638040,UP,GREEN,10.55,1,23
FORD_otc,1785703500,1785704160,1785704220,UP,GREEN,9.5,0,17
FORD_otc,1785750000,1785751440,1785751500,DOWN,RED,10.83,0,7
FORD_otc,1785781500,1785781860,1785781920,UP,GREEN,7.46,0,15
FORD_otc,1785803400,1785803820,1785803880,DOWN,RED,7.28,0,21
FORD_otc,1785820200,1785820800,1785820860,UP,GREEN,7.66,1,2
FORD_otc,1785857700,1785859140,1785859200,DOWN,RED,11.17,0,13
FORD_otc,1785860400,1785860880,1785860940,UP,GREEN,10.49,0,13
FORD_otc,1785874800,1785875100,1785875160,UP,GREEN,12.08,0,17
FORD_otc,1785897600,1785897960,1785898020,DOWN,RED,7.74,1,23
FORD_otc,1785924600,1785925440,1785925500,DOWN,RED,12.33,1,7
FORD_otc,1786000800,1786001280,1786001340,DOWN,RED,7.64,0,4
FORD_otc,1786026000,1786026300,1786026360,UP,GREEN,8.52,1,11
FORD_otc,1786036800,1786037160,1786037220,DOWN,RED,13.15,1,14
FORD_otc,1786074900,1786075260,1786075320,UP,GREEN,10.74,1,1
FORD_otc,1786078500,1786079880,1786079940,UP,GREEN,7.59,1,2
FORD_otc,1786080300,1786081200,1786081260,DOWN,RED,8.27,1,2
FORD_otc,1786131000,1786131300,1786131360,DOWN,RED,8.02,0,16
FORD_otc,1786143600,1786144080,1786144140,DOWN,RED,8.55,1,20
FORD_otc,1786182300,1786183320,1786183380,DOWN,RED,10.84,0,7
FORD_otc,1786189200,1786189920,1786189980,DOWN,RED,9.72,1,8
FORD_otc,1786199700,1786200780,1786200840,DOWN,RED,12.38,1,11
FORD_otc,1786218300,1786219020,1786219080,UP,GREEN,9.83,1,16
FORD_otc,1786258800,1786259220,1786259280,UP,GREEN,7.73,0,4
FORD_otc,1786261200,1786262280,1786262340,DOWN,RED,8.93,0,4
FORD_otc,1786309500,1786309860,1786309920,UP,GREEN,11.53,1,18
FORD_otc,1786326000,1786326480,1786326540,UP,GREEN,7.2,1,22
FORD_otc,1786356900,1786357380,1786357440,DOWN,RED,9.46,1,7
FORD_otc,1786362900,1786363680,1786363740,UP,GREEN,11.98,0,9
FORD_otc,1786374300,1786374720,1786374780,DOWN,RED,8.48,1,12
FORD_otc,1786376400,1786376700,1786376760,UP,GREEN,1.47,1,12
FORD_otc,1786404000,1786404540,1786404600,UP,GREEN,1.45,0,20
FORD_otc,1786415400,1786415700,1786415760,UP,GREEN,1.35,1,23
FORD_otc,1786418700,1786419000,1786419060,DOWN,RED,2.08,1,0
FORD_otc,1786445400,1786445700,1786445760,DOWN,RED,1.97,1,7
FORD_otc,1786446600,1786447020,1786447080,DOWN,RED,2.11,1,8
FORD_otc,1786447500,1786447800,1786447860,UP,GREEN,1.45,1,8
FORD_otc,1786462200,1786462500,1786462560,UP,GREEN,2.67,1,12
FORD_otc,1786488600,1786488900,1786488960,UP,GREEN,1.77,1,19
FORD_otc,1786490400,1786490820,1786490880,UP,GREEN,3.68,0,20
GBPCAD_otc,1785205200,1785205560,1785205620,UP,GREEN,41.06,0,23
GBPCAD_otc,1785208500,1785209400,1785209460,DOWN,RED,41.93,0,0
GBPCAD_otc,1785219000,1785220140,1785220200,UP,GREEN,40.53,1,3
GBPCAD_otc,1785246900,1785247260,1785247320,DOWN,RED,41.05,1,11
GBPCAD_otc,1785260100,1785260460,1785260520,UP,GREEN,42.11,0,14
GBPCAD_otc,1785270900,1785272100,1785272160,UP,GREEN,42.41,0,17
GBPCAD_otc,1785284700,1785285000,1785285060,DOWN,RED,38.07,0,21
GBPCAD_otc,1785313800,1785315240,1785315300,UP,GREEN,36.86,1,5
GBPCAD_otc,1785330900,1785331200,1785331260,UP,GREEN,37.21,1,10
GBPCAD_otc,1785341400,1785342480,1785342540,DOWN,RED,37.3,0,13
GBPCAD_otc,1785378300,1785379320,1785379380,UP,GREEN,36.32,1,23
GBPCAD_otc,1785387300,1785387600,1785387660,DOWN,RED,37.37,0,2
GBPCAD_otc,1785388800,1785389160,1785389220,DOWN,RED,36.99,1,2
GBPCAD_otc,1785391500,1785392220,1785392280,UP,GREEN,36.37,1,3
GBPCAD_otc,1785392700,1785393840,1785393900,DOWN,RED,36.53,1,3
GBPCAD_otc,1785446700,1785447300,1785447360,UP,GREEN,35.42,0,18
GBPCAD_otc,1785450900,1785451320,1785451380,DOWN,RED,35.96,1,19
GBPCAD_otc,1785459600,1785459960,1785460020,DOWN,RED,35.04,0,22
GBPCAD_otc,1785463800,1785464280,1785464340,DOWN,RED,33.87,1,23
GBPCAD_otc,1785495000,1785495480,1785495540,UP,GREEN,32.91,0,7
GBPCAD_otc,1785496500,1785496920,1785496980,UP,GREEN,32.78,1,8
GBPCAD_otc,1785507300,1785507600,1785507660,UP,GREEN,34.20116,0,11
GBPCAD_otc,1785532500,1785532800,1785532860,DOWN,RED,33.82511,0,18
GBPCAD_otc,1785546900,1785547800,1785547860,UP,GREEN,35.1143,0,22
GBPCAD_otc,1785567600,1785569040,1785569100,DOWN,RED,36.97906,0,4
GBPCAD_otc,1785600900,1785601740,1785601800,DOWN,RED,35.94696,1,13
GBPCAD_otc,1785604800,1785605340,1785605400,UP,GREEN,35.98289,0,14
GBPCAD_otc,1785630300,1785630660,1785630720,UP,GREEN,34.46052,0,21
GBPCAD_otc,1785631200,1785631500,1785631560,DOWN,RED,34.58777,0,21
GBPCAD_otc,1785639600,1785640380,1785640440,UP,GREEN,34.80556,0,0
GBPCAD_otc,1785641100,1785642300,1785642360,UP,GREEN,34.85336,1,0
GBPCAD_otc,1785670800,1785671160,1785671220,DOWN,RED,34.73138,0,8
GBPCAD_otc,1785698100,1785698820,1785698880,DOWN,RED,34.29452,1,16
GBPCAD_otc,1785699900,1785700620,1785700680,UP,GREEN,34.32323,1,16
GBPCAD_otc,1785710100,1785710640,1785710700,DOWN,RED,35.49979,0,19
GBPCAD_otc,1785717600,1785717960,1785718020,DOWN,RED,36.91927,1,21
GBPCAD_otc,1785739200,1785740580,1785740640,DOWN,RED,36.06164,1,4
GBPCAD_otc,1785745500,1785746280,1785746340,DOWN,RED,36.59086,1,5
GBPCAD_otc,1785764700,1785765120,1785765180,DOWN,RED,35.94228,0,10
GBPCAD_otc,1785787200,1785788040,1785788100,UP,GREEN,32.24897,1,17
GBPCAD_otc,1785804900,1785805860,1785805920,UP,GREEN,33.45111,0,22
GBPCAD_otc,1785831600,1785832260,1785832320,UP,GREEN,35.25663,1,5
GBPCAD_otc,1785832200,1785833640,1785833700,DOWN,RED,35.53339,0,5
GBPCAD_otc,1785849600,1785851040,1785851100,UP,GREEN,34.87947,0,10
GBPCAD_otc,1785873300,1785873900,1785873960,UP,GREEN,33.82724,0,17
GBPCAD_otc,1785873900,1785874440,1785874500,DOWN,RED,33.97868,0,17
GBPCAD_otc,1785911700,1785912420,1785912480,DOWN,RED,32.44801,1,3
GBPCAD_otc,1785947100,1785947400,1785947460,DOWN,RED,31.662,0,13
GBPCAD_otc,1785960000,1785960540,1785960600,DOWN,RED,30.83109,0,17
GBPCAD_otc,1785962400,1785963720,1785963780,UP,GREEN,30.47214,1,18
GBPCAD_otc,1785973200,1785974400,1785974460,UP,GREEN,30.44797,1,21
GBPCAD_otc,1785977700,1785978060,1785978120,DOWN,RED,31.82629,1,22
GBPCAD_otc,1785987300,1785987720,1785987780,UP,GREEN,31.64192,1,0
GBPCAD_otc,1785990300,1785990720,1785990780,DOWN,RED,31.82153,0,1
GBPCAD_otc,1785991800,1785992400,1785992460,DOWN,RED,31.7198,1,2
GBPCAD_otc,1785997200,1785998220,1785998280,UP,GREEN,31.54827,1,3
GBPCAD_otc,1786010400,1786010760,1786010820,DOWN,RED,32.61715,0,7
GBPCAD_otc,1786058100,1786059420,1786059480,UP,GREEN,34.97747,1,20
GBPCAD_otc,1786071300,1786071660,1786071720,DOWN,RED,35.9536,1,0
GBPCAD_otc,1786089000,1786090020,1786090080,DOWN,RED,34.97025,1,5
GBPCAD_otc,1786119600,1786120020,1786120080,UP,GREEN,34.87006,1,13
GBPCAD_otc,1786134600,1786134900,1786134960,DOWN,RED,34.76403,1,17
GBPCAD_otc,1786143300,1786144740,1786144800,UP,GREEN,34.81006,1,20
GBPCAD_otc,1786154700,1786155240,1786155300,UP,GREEN,34.43376,0,23
GBPCAD_otc,1786166700,1786168140,1786168200,DOWN,RED,33.42668,0,2
GBPCAD_otc,1786177200,1786177860,1786177920,DOWN,RED,33.38914,1,5
GBPCAD_otc,1786182600,1786183080,1786183140,DOWN,RED,33.82521,0,6
GBPCAD_otc,1786188600,1786189020,1786189080,UP,GREEN,33.86513,0,8
GBPCAD_otc,1786196400,1786196880,1786196940,DOWN,RED,35.15098,1,10
GBPCAD_otc,1786218300,1786219020,1786219080,DOWN,RED,36.54792,0,16
GBPCAD_otc,1786235700,1786236360,1786236420,UP,GREEN,35.26444,1,21
GBPCAD_otc,1786316700,1786317060,1786317120,DOWN,RED,36.5874,0,20
GBPCAD_otc,1786355700,1786356120,1786356180,UP,GREEN,35.94391,0,7
GBPCAD_otc,1786357500,1786357860,1786357920,UP,GREEN,36.09608,0,7
GBPCAD_otc,1786362900,1786363260,1786363320,UP,GREEN,35.18889,0,9
GBPCAD_otc,1786383000,1786383360,1786383420,DOWN,RED,36.10762,0,14
GBPCAD_otc,1786422900,1786423680,1786423740,UP,GREEN,33.52363,1,1
GBPCAD_otc,1786431900,1786432320,1786432380,UP,GREEN,33.52542,1,4
GBPCAD_otc,1786450800,1786451940,1786452000,DOWN,RED,33.85188,1,9
GBPNZD_otc,1785200700,1785201660,1785201720,UP,GREEN,49.47,1,22
GBPNZD_otc,1785204300,1785205140,1785205200,UP,GREEN,49.59,1,23
GBPNZD_otc,1785222300,1785222600,1785222660,DOWN,RED,49.15,0,4
GBPNZD_otc,1785234000,1785234300,1785234360,DOWN,RED,48.51,1,7
GBPNZD_otc,1785251400,1785251940,1785252000,DOWN,RED,48.37,1,12
GBPNZD_otc,1785252900,1785253200,1785253260,DOWN,RED,48.01,1,12
GBPNZD_otc,1785263700,1785264420,1785264480,UP,GREEN,49.01,0,15
GBPNZD_otc,1785277800,1785278280,1785278340,DOWN,RED,49.96,0,19
GBPNZD_otc,1785314100,1785314400,1785314460,DOWN,RED,48.24,1,5
GBPNZD_otc,1785327600,1785328200,1785328260,DOWN,RED,47.26,1,9
GBPNZD_otc,1785349500,1785350040,1785350100,DOWN,RED,46.65,0,15
GBPNZD_otc,1785351600,1785352260,1785352320,UP,GREEN,47.49,1,16
GBPNZD_otc,1785352500,1785353040,1785353100,DOWN,RED,47.56,1,16
GBPNZD_otc,1785363900,1785364620,1785364680,UP,GREEN,46.86,1,19
GBPNZD_otc,1785381300,1785382080,1785382140,UP,GREEN,43.46,0,0
GBPNZD_otc,1785388500,1785389760,1785389820,DOWN,RED,43.57,0,2
GBPNZD_otc,1785389400,1785390600,1785390660,UP,GREEN,43.1,1,2
GBPNZD_otc,1785392100,1785392520,1785392580,DOWN,RED,43.32,1,3
GBPNZD_otc,1785394200,1785394500,1785394560,UP,GREEN,43.53,1,3
GBPNZD_otc,1785396000,1785396720,1785396780,DOWN,RED,43.75,1,4
GBPNZD_otc,1785411300,1785412260,1785412320,UP,GREEN,43.94,1,8
GBPNZD_otc,1785412200,1785412560,1785412620,DOWN,RED,44.19,0,8
GBPNZD_otc,1785420600,1785421080,1785421140,UP,GREEN,41.56,0,11
GBPNZD_otc,1785431700,1785432240,1785432300,DOWN,RED,40.12,1,14
GBPNZD_otc,1785433500,1785434040,1785434100,DOWN,RED,40.01,1,14
GBPNZD_otc,1785438600,1785439560,1785439620,DOWN,RED,39.61,0,16
GBPNZD_otc,1785440100,1785440580,1785440640,DOWN,RED,39.66,0,16
GBPNZD_otc,1785455100,1785455460,1785455520,DOWN,RED,38.07,1,20
GBPNZD_otc,1785485400,1785485760,1785485820,DOWN,RED,36.38,0,5
GBPNZD_otc,1785513900,1785515040,1785515100,UP,GREEN,37.68639,0,13
GBPNZD_otc,1785531900,1785532200,1785532260,UP,GREEN,38.27837,1,18
GBPNZD_otc,1785541800,1785542340,1785542400,UP,GREEN,38.21648,1,21
GBPNZD_otc,1785545700,1785546240,1785546300,DOWN,RED,38.22154,1,22
GBPNZD_otc,1785561900,1785562260,1785562320,DOWN,RED,37.68211,0,2
GBPNZD_otc,1785572700,1785573000,1785573060,UP,GREEN,37.303,1,5
GBPNZD_otc,1785576600,1785576900,1785576960,UP,GREEN,36.86376,1,6
GBPNZD_otc,1785602400,1785602940,1785603000,DOWN,RED,36.96139,0,13
GBPNZD_otc,1785610800,1785611520,1785611580,UP,GREEN,36.54688,1,16
GBPNZD_otc,1785646500,1785646800,1785646860,DOWN,RED,38.76078,1,2
GBPNZD_otc,1785659400,1785659700,1785659760,UP,GREEN,38.85358,1,5
GBPNZD_otc,1785661200,1785662280,1785662340,UP,GREEN,39.33021,1,6
GBPNZD_otc,1785687300,1785687720,1785687780,UP,GREEN,38.74145,0,13
GBPNZD_otc,1785699000,1785699360,1785699420,DOWN,RED,39.93256,0,16
GBPNZD_otc,1785717900,1785718560,1785718620,UP,GREEN,38.80176,1,21
GBPNZD_otc,1785739500,1785739980,1785740040,DOWN,RED,40.05267,0,3
GBPNZD_otc,1785745800,1785746100,1785746160,UP,GREEN,40.12121,0,5
GBPNZD_otc,1785756000,1785756360,1785756420,UP,GREEN,39.31567,1,8
GBPNZD_otc,1785827700,1785828180,1785828240,DOWN,RED,39.96402,1,4
GBPNZD_otc,1785843900,1785845040,1785845100,UP,GREEN,37.96407,1,9
GBPNZD_otc,1785891300,1785892320,1785892380,UP,GREEN,39.49469,1,22
GBPNZD_otc,1785906000,1785906360,1785906420,DOWN,RED,39.91786,1,2
GBPNZD_otc,1785926400,1785927300,1785927360,UP,GREEN,39.26115,0,7
GBPNZD_otc,1785942900,1785943200,1785943260,DOWN,RED,39.29202,0,12
GBPNZD_otc,1785944100,1785945120,1785945180,DOWN,RED,39.26735,1,12
GBPNZD_otc,1785971400,1785972540,1785972600,DOWN,RED,39.78516,1,20
GBPNZD_otc,1785990000,1785990360,1785990420,UP,GREEN,37.73221,1,1
GBPNZD_otc,1786002000,1786002660,1786002720,UP,GREEN,38.20915,1,4
GBPNZD_otc,1786008600,1786008900,1786008960,UP,GREEN,38.7098,1,6
GBPNZD_otc,1786032000,1786032540,1786032600,UP,GREEN,39.80495,0,13
GBPNZD_otc,1786039500,1786039860,1786039920,DOWN,RED,41.07461,0,15
GBPNZD_otc,1786077600,1786078440,1786078500,UP,GREEN,41.09664,0,1
GBPNZD_otc,1786084200,1786085580,1786085640,UP,GREEN,41.05646,1,3
GBPNZD_otc,1786096800,1786097580,1786097640,DOWN,RED,40.44506,1,7
GBPNZD_otc,1786107300,1786108020,1786108080,UP,GREEN,39.74393,0,10
GBPNZD_otc,1786116900,1786117260,1786117320,DOWN,RED,39.05913,1,12
GBPNZD_otc,1786143300,1786144680,1786144740,UP,GREEN,36.52321,1,20
GBPNZD_otc,1786176000,1786176420,1786176480,UP,GREEN,38.03631,1,5
GBPNZD_otc,1786232700,1786233840,1786233900,DOWN,RED,37.14959,0,21
GBPNZD_otc,1786235700,1786236060,1786236120,UP,GREEN,37.2421,0,21
GBPNZD_otc,1786256400,1786257300,1786257360,DOWN,RED,37.58289,1,3
GBPNZD_otc,1786269600,1786270320,1786270380,UP,GREEN,37.31999,0,7
GBPNZD_otc,1786296300,1786296780,1786296840,UP,GREEN,37.52279,1,14
GBPNZD_otc,1786318500,1786319280,1786319340,UP,GREEN,37.20474,0,20
GBPNZD_otc,1786325100,1786325880,1786325940,DOWN,RED,36.69411,0,22
GBPNZD_otc,1786330500,1786330800,1786330860,DOWN,RED,36.39631,1,0
GBPNZD_otc,1786331400,1786331820,1786331880,UP,GREEN,36.09547,1,0
GBPNZD_otc,1786342200,1786342500,1786342560,DOWN,RED,35.92234,0,3
GBPNZD_otc,1786359900,1786360380,1786360440,UP,GREEN,35.45426,1,8
GBPNZD_otc,1786380000,1786380300,1786380360,DOWN,RED,37.40799,1,13
GBPNZD_otc,1786425300,1786425960,1786426020,DOWN,RED,37.40899,1,2
GBPNZD_otc,1786446600,1786447020,1786447080,DOWN,RED,37.3952,1,8
GBPNZD_otc,1786466100,1786466400,1786466460,DOWN,RED,36.19356,1,13
GOLD_otc,1785199500,1785199800,1785199860,DOWN,RED,74.7,0,21
GOLD_otc,1785210300,1785211260,1785211320,DOWN,RED,71.73,1,1
GOLD_otc,1785216900,1785217380,1785217440,UP,GREEN,70.13,1,2
GOLD_otc,1785225900,1785226200,1785226260,UP,GREEN,74.77,1,5
GOLD_otc,1785226800,1785228000,1785228060,DOWN,RED,74.4,0,5
GOLD_otc,1785232800,1785233220,1785233280,UP,GREEN,72.27,0,7
GOLD_otc,1785236400,1785236700,1785236760,DOWN,RED,71.48,1,8
GOLD_otc,1785243600,1785243960,1785244020,UP,GREEN,69.22,0,10
GOLD_otc,1785275400,1785275820,1785275880,UP,GREEN,57.22,1,18
GOLD_otc,1785286800,1785287220,1785287280,DOWN,RED,51.93,0,22
GOLD_otc,1785324300,1785324600,1785324660,UP,GREEN,58.9,0,8
GOLD_otc,1785371100,1785371820,1785371880,UP,GREEN,74.27,1,21
GOLD_otc,1785435900,1785436200,1785436260,UP,GREEN,46.24,1,15
GOLD_otc,1785442200,1785442740,1785442800,DOWN,RED,35.27,1,17
GOLD_otc,1785477000,1785477720,1785477780,UP,GREEN,38.11,0,3
GOLD_otc,1785482700,1785483000,1785483060,DOWN,RED,37.13,0,4
GOLD_otc,1785483000,1785483420,1785483480,UP,GREEN,36.25,0,4
GOLD_otc,1785491100,1785491400,1785491460,UP,GREEN,37.66,1,6
GOLD_otc,1785499200,1785499680,1785499740,UP,GREEN,37.73,0,9
GOLD_otc,1785521100,1785522000,1785522060,UP,GREEN,35.2,0,15
GOLD_otc,1785557700,1785559080,1785559140,DOWN,RED,43.84,1,1
GOLD_otc,1785564000,1785564720,1785564780,DOWN,RED,44.53,0,3
GOLD_otc,1785580800,1785581160,1785581220,DOWN,RED,41.43,1,7
GOLD_otc,1785591900,1785592260,1785592320,UP,GREEN,39.97,0,10
GOLD_otc,1785607200,1785607500,1785607560,DOWN,RED,38.84,1,15
GOLD_otc,1785652500,1785653160,1785653220,DOWN,RED,36.79,0,3
GOLD_otc,1785682200,1785682740,1785682800,DOWN,RED,37.39,1,12
GOLD_otc,1785686700,1785687000,1785687060,DOWN,RED,39.93,0,13
GOLD_otc,1785688500,1785689400,1785689460,DOWN,RED,42.93,1,13
GOLD_otc,1785708000,1785708420,1785708480,UP,GREEN,46.62,1,19
GOLD_otc,1785730500,1785730800,1785730860,DOWN,RED,42.1,0,1
GOLD_otc,1785753600,1785754020,1785754080,DOWN,RED,45.14,0,7
GOLD_otc,1785771000,1785772260,1785772320,UP,GREEN,45.61,1,12
GOLD_otc,1785777300,1785778020,1785778080,DOWN,RED,38.26,1,14
GOLD_otc,1785779100,1785779400,1785779460,UP,GREEN,36.87,0,14
GOLD_otc,1785783000,1785783300,1785783360,DOWN,RED,37.11,1,15
GOLD_otc,1785788100,1785788640,1785788700,UP,GREEN,36.85,1,17
GOLD_otc,1785820500,1785821340,1785821400,UP,GREEN,33.75,1,2
GOLD_otc,1785840600,1785841980,1785842040,DOWN,RED,34.7,1,8
GOLD_otc,1785845700,1785846000,1785846060,UP,GREEN,33.11,0,9
GOLD_otc,1785847500,1785847860,1785847920,DOWN,RED,33.86,1,9
GOLD_otc,1785853800,1785854100,1785854160,DOWN,RED,39.32,0,11
GOLD_otc,1785888000,1785888300,1785888360,UP,GREEN,41.37,1,21
GOLD_otc,1785933900,1785934380,1785934440,UP,GREEN,39.93,1,9
GOLD_otc,1785948300,1785949020,1785949080,UP,GREEN,36.37,0,13
GOLD_otc,1785996900,1785997200,1785997260,DOWN,RED,42.78,1,3
GOLD_otc,1786001100,1786001640,1786001700,DOWN,RED,42.63,0,4
GOLD_otc,1786036200,1786037160,1786037220,UP,GREEN,40.65,0,14
GOLD_otc,1786075800,1786077060,1786077120,UP,GREEN,33.47,1,1
GOLD_otc,1786086300,1786086660,1786086720,UP,GREEN,34.36,1,4
GOLD_otc,1786131600,1786132320,1786132380,DOWN,RED,46.35,1,16
GOLD_otc,1786201500,1786202340,1786202400,UP,GREEN,41.83,1,12
GOLD_otc,1786311900,1786312260,1786312320,UP,GREEN,38.78,1,18
GOLD_otc,1786319400,1786319760,1786319820,DOWN,RED,41.35,0,20
GOLD_otc,1786350600,1786350960,1786351020,UP,GREEN,36.6,1,5
GOLD_otc,1786389900,1786390680,1786390740,DOWN,RED,40.66,1,16
GOLD_otc,1786392900,1786393800,1786393860,DOWN,RED,40.42,1,17
GOLD_otc,1786395300,1786396380,1786396440,DOWN,RED,40.5,1,18
GOLD_otc,1786397100,1786397880,1786397940,UP,GREEN,39.19,1,18
GOLD_otc,1786442400,1786443180,1786443240,UP,GREEN,39.35,1,7
GOLD_otc,1786444800,1786445220,1786445280,UP,GREEN,39.33,1,7
GOLD_otc,1786448400,1786448820,1786448880,UP,GREEN,39.4,1,8
GOLD_otc,1786449000,1786449660,1786449720,UP,GREEN,39.23,1,9
GOLD_otc,1786456200,1786456620,1786456680,UP,GREEN,39.4,1,10
IBM_otc,1786026300,1786026780,1786026840,UP,GREEN,476.68,1,11
IBM_otc,1786048800,1786049220,1786049280,UP,GREEN,473.66,0,17
IBM_otc,1786072200,1786072500,1786072560,UP,GREEN,485.51,0,0
IBM_otc,1786082700,1786083240,1786083300,UP,GREEN,488.35,0,3
IBM_otc,1786095900,1786096680,1786096740,DOWN,RED,495.24,1,6
IBM_otc,1786149000,1786149420,1786149480,DOWN,RED,488.24,1,21
IBM_otc,1786155300,1786155660,1786155720,DOWN,RED,487.14,0,23
IBM_otc,1786165500,1786165800,1786165860,UP,GREEN,491.89,1,2
IBM_otc,1786170900,1786171500,1786171560,UP,GREEN,493.98,1,3
IBM_otc,1786180800,1786181100,1786181160,DOWN,RED,497.26,1,6
IBM_otc,1786198500,1786199400,1786199460,DOWN,RED,495.8,0,11
IBM_otc,1786205100,1786205640,1786205700,DOWN,RED,493.84,1,13
IBM_otc,1786221600,1786221900,1786221960,DOWN,RED,501.48,1,17
IBM_otc,1786225800,1786226280,1786226340,UP,GREEN,503.2,1,18
IBM_otc,1786237500,1786238220,1786238280,DOWN,RED,504.0,1,22
IBM_otc,1786238700,1786239000,1786239060,UP,GREEN,503.28,0,22
IBM_otc,1786291200,1786291860,1786291920,DOWN,RED,515.84,1,13
IBM_otc,1786308300,1786308600,1786308660,DOWN,RED,508.28,1,17
IBM_otc,1786317000,1786317420,1786317480,DOWN,RED,506.23,1,20
IBM_otc,1786320300,1786321680,1786321740,UP,GREEN,504.96,1,21
IBM_otc,1786335600,1786335900,1786335960,DOWN,RED,512.37,1,1
IBM_otc,1786344300,1786344660,1786344720,UP,GREEN,516.78,1,3
IBM_otc,1786354800,1786355280,1786355340,UP,GREEN,515.39,0,6
IBM_otc,1786357200,1786357620,1786357680,UP,GREEN,516.13,0,7
IBM_otc,1786398900,1786399920,1786399980,DOWN,RED,497.95,1,19
IBM_otc,1786419000,1786419420,1786419480,UP,GREEN,496.88,1,0
IBM_otc,1786454400,1786455060,1786455120,DOWN,RED,497.91,1,10
INTEL_otc,1785350700,1785351180,1785351240,DOWN,RED,97.17,1,15
INTEL_otc,1785416100,1785416580,1785416640,UP,GREEN,97.75,0,10
INTEL_otc,1785488400,1785488880,1785488940,UP,GREEN,93.34,0,6
INTEL_otc,1785495900,1785497040,1785497100,UP,GREEN,85.27,0,8
INTEL_otc,1785503100,1785503580,1785503640,DOWN,RED,81.39,1,10
INTEL_otc,1785591000,1785591960,1785592020,DOWN,RED,76.59,1,10
INTEL_otc,1785599700,1785600120,1785600180,DOWN,RED,75.27,1,13
INTEL_otc,1785676500,1785677040,1785677100,UP,GREEN,74.15,1,10
INTEL_otc,1785682200,1785682980,1785683040,DOWN,RED,78.75,1,12
INTEL_otc,1785716700,1785717840,1785717900,DOWN,RED,82.32,1,21
INTEL_otc,1785726900,1785727200,1785727260,DOWN,RED,84.87,1,0
INTEL_otc,1785730200,1785730620,1785730680,UP,GREEN,86.42,1,1
INTEL_otc,1785743100,1785743460,1785743520,DOWN,RED,80.46,1,4
INTEL_otc,1785743400,1785743760,1785743820,UP,GREEN,79.44,0,4
INTEL_otc,1785807000,1785807420,1785807480,DOWN,RED,83.14,0,22
INTEL_otc,1785827400,1785828060,1785828120,DOWN,RED,90.56,0,4
INTEL_otc,1785830400,1785830880,1785830940,DOWN,RED,91.14,0,5
INTEL_otc,1785834600,1785835320,1785835380,UP,GREEN,93.51,1,6
INTEL_otc,1785851700,1785852000,1785852060,DOWN,RED,90.43,0,11
INTEL_otc,1785856200,1785856560,1785856620,DOWN,RED,87.95,0,12
INTEL_otc,1785865500,1785865980,1785866040,UP,GREEN,82.52,0,14
INTEL_otc,1785885000,1785885420,1785885480,UP,GREEN,84.36,1,20
INTEL_otc,1785895800,1785896460,1785896520,UP,GREEN,82.23,1,23
INTEL_otc,1785923400,1785923700,1785923760,UP,GREEN,81.44,1,6
INTEL_otc,1785942900,1785943320,1785943380,DOWN,RED,85.54,0,12
INTEL_otc,1785987900,1785989100,1785989160,UP,GREEN,74.53,1,1
INTEL_otc,1786030800,1786031520,1786031580,DOWN,RED,83.05,1,12
INTEL_otc,1786062000,1786062360,1786062420,UP,GREEN,84.96,1,21
INTEL_otc,1786068900,1786069260,1786069320,UP,GREEN,84.88,1,23
INTEL_otc,1786069800,1786070160,1786070220,DOWN,RED,86.27,1,23
INTEL_otc,1786113600,1786114260,1786114320,UP,GREEN,87.06,1,11
INTEL_otc,1786119600,1786119900,1786119960,UP,GREEN,90.57,1,13
INTEL_otc,1786122600,1786122900,1786122960,UP,GREEN,92.87,0,14
INTEL_otc,1786124400,1786124760,1786124820,DOWN,RED,94.78,0,14
INTEL_otc,1786127100,1786127460,1786127520,DOWN,RED,94.38,1,15
INTEL_otc,1786134900,1786135320,1786135380,DOWN,RED,90.57,0,17
INTEL_otc,1786156500,1786156800,1786156860,DOWN,RED,88.74,1,23
INTEL_otc,1786182000,1786182300,1786182360,UP,GREEN,77.23,0,6
INTEL_otc,1786223700,1786224360,1786224420,DOWN,RED,73.29,0,18
INTEL_otc,1786241400,1786242480,1786242540,UP,GREEN,74.3,1,23
INTEL_otc,1786250100,1786250700,1786250760,DOWN,RED,78.42,0,1
INTEL_otc,1786260300,1786260600,1786260660,UP,GREEN,74.8,1,4
INTEL_otc,1786301100,1786302120,1786302180,UP,GREEN,86.38,1,16
INTEL_otc,1786322700,1786323660,1786323720,DOWN,RED,86.42,1,22
INTEL_otc,1786389300,1786389960,1786390020,DOWN,RED,81.99,1,16
INTEL_otc,1786399200,1786399740,1786399800,UP,GREEN,81.17,1,19
INTEL_otc,1786402800,1786403580,1786403640,UP,GREEN,80.83,1,20
INTEL_otc,1786405500,1786405800,1786405860,DOWN,RED,82.12,1,20
INTEL_otc,1786410300,1786410600,1786410660,DOWN,RED,82.14,1,22
INTEL_otc,1786418700,1786419000,1786419060,DOWN,RED,82.07,1,0
INTEL_otc,1786456500,1786457040,1786457100,DOWN,RED,82.22,1,11
INTEL_otc,1786464000,1786464360,1786464420,DOWN,RED,89.04,1,13
INTEL_otc,1786483200,1786483500,1786483560,UP,GREEN,82.9,0,18
INTEL_otc,1786485900,1786486260,1786486320,UP,GREEN,85.77,1,19
LINK_otc,1785210300,1785211200,1785211260,DOWN,RED,468.24,1,1
LINK_otc,1785224700,1785225960,1785226020,UP,GREEN,467.81,1,5
LINK_otc,1785243000,1785243840,1785243900,UP,GREEN,460.48,1,10
LINK_otc,1785259500,1785259800,1785259860,UP,GREEN,460.33,1,14
LINK_otc,1785273600,1785274020,1785274080,DOWN,RED,463.46,1,18
LINK_otc,1785277800,1785279180,1785279240,UP,GREEN,462.93,1,19
LINK_otc,1785280200,1785280560,1785280620,UP,GREEN,463.08,1,20
LINK_otc,1785284100,1785284940,1785285000,UP,GREEN,464.61,1,21
LINK_otc,1785327300,1785327600,1785327660,DOWN,RED,469.16,0,9
LINK_otc,1785332400,1785332820,1785332880,DOWN,RED,471.08,1,10
LINK_otc,1785351600,1785352140,1785352200,DOWN,RED,468.45,0,16
LINK_otc,1785365700,1785366600,1785366660,DOWN,RED,474.14,1,20
LINK_otc,1785387600,1785387960,1785388020,DOWN,RED,476.39,1,2
LINK_otc,1785429000,1785429360,1785429420,DOWN,RED,474.5,0,13
LINK_otc,1785476400,1785476700,1785476760,UP,GREEN,465.01,0,2
LINK_otc,1785480600,1785480960,1785481020,DOWN,RED,465.85,1,3
LINK_otc,1785493500,1785494220,1785494280,DOWN,RED,471.92,0,7
LINK_otc,1785502200,1785502500,1785502560,DOWN,RED,476.25,1,9
LINK_otc,1785511500,1785512580,1785512640,DOWN,RED,473.47,1,12
LINK_otc,1785520200,1785520800,1785520860,DOWN,RED,480.32,0,15
LINK_otc,1785537600,1785538680,1785538740,DOWN,RED,489.56,0,19
LINK_otc,1785538800,1785539520,1785539580,DOWN,RED,489.73,1,20
LINK_otc,1785546600,1785547980,1785548040,DOWN,RED,492.4,1,22
LINK_otc,1785563400,1785563700,1785563760,UP,GREEN,500.66,1,2
LINK_otc,1785589500,1785590340,1785590400,DOWN,RED,508.27,1,10
LINK_otc,1785603900,1785604620,1785604680,DOWN,RED,507.06,0,14
LINK_otc,1785621900,1785622440,1785622500,DOWN,RED,503.99,0,19
LINK_otc,1785731100,1785731460,1785731520,UP,GREEN,512.39,1,1
LINK_otc,1785745200,1785745620,1785745680,DOWN,RED,512.91,0,5
LINK_otc,1785747600,1785748140,1785748200,DOWN,RED,510.55,0,6
LINK_otc,1785753300,1785753780,1785753840,DOWN,RED,507.59,0,7
LINK_otc,1785778200,1785778860,1785778920,UP,GREEN,511.1,1,14
LINK_otc,1785782100,1785782760,1785782820,UP,GREEN,513.86,1,15
LINK_otc,1785799800,1785800760,1785800820,DOWN,RED,505.93,1,20
LINK_otc,1785824100,1785824580,1785824640,DOWN,RED,506.65,1,3
LINK_otc,1785858600,1785859260,1785859320,DOWN,RED,502.72,1,13
LINK_otc,1785963600,1785963900,1785963960,DOWN,RED,506.89,1,18
LINK_otc,1786010700,1786011240,1786011300,UP,GREEN,500.86,1,7
LINK_otc,1786037400,1786037940,1786038000,UP,GREEN,499.78,0,14
LINK_otc,1786047300,1786048020,1786048080,DOWN,RED,497.19,0,17
LINK_otc,1786050300,1786050840,1786050900,DOWN,RED,497.95,1,18
LINK_otc,1786060500,1786060800,1786060860,UP,GREEN,475.69,0,21
LINK_otc,1786070100,1786070880,1786070940,DOWN,RED,469.86,1,23
LINK_otc,1786079400,1786080000,1786080060,DOWN,RED,471.86,1,2
LINK_otc,1786094700,1786095000,1786095060,UP,GREEN,470.67,1,6
LINK_otc,1786115100,1786115640,1786115700,DOWN,RED,469.26,1,12
LINK_otc,1786119900,1786120380,1786120440,UP,GREEN,467.8,1,13
LINK_otc,1786134300,1786134660,1786134720,UP,GREEN,469.11,0,17
LINK_otc,1786142400,1786143000,1786143060,UP,GREEN,469.59,1,19
LINK_otc,1786146300,1786147260,1786147320,DOWN,RED,472.63,1,21
LINK_otc,1786151400,1786152240,1786152300,UP,GREEN,469.87,1,22
LINK_otc,1786175100,1786175520,1786175580,UP,GREEN,470.9,1,4
LINK_otc,1786195800,1786196820,1786196880,UP,GREEN,466.19,1,10
LINK_otc,1786208700,1786209180,1786209240,DOWN,RED,463.28,0,14
LINK_otc,1786231200,1786231800,1786231860,UP,GREEN,460.66,1,20
LINK_otc,1786234800,1786235460,1786235520,DOWN,RED,462.63,1,21
LINK_otc,1786241700,1786243080,1786243140,UP,GREEN,459.08,0,23
LINK_otc,1786276200,1786276740,1786276800,DOWN,RED,452.28,0,9
LINK_otc,1786291200,1786291560,1786291620,DOWN,RED,454.09,1,13
LINK_otc,1786372800,1786373100,1786373160,DOWN,RED,442.6,1,11
LINK_otc,1786381200,1786381500,1786381560,UP,GREEN,475.56,1,14
LINK_otc,1786384500,1786385160,1786385220,DOWN,RED,476.76,1,15
LINK_otc,1786404600,1786405260,1786405320,DOWN,RED,476.47,1,20
LINK_otc,1786412100,1786412400,1786412460,UP,GREEN,475.7,1,22
LINK_otc,1786424700,1786425000,1786425060,UP,GREEN,475.81,1,2
LINK_otc,1786425000,1786426380,1786426440,DOWN,RED,476.77,1,2
LINK_otc,1786437600,1786438380,1786438440,UP,GREEN,475.59,1,5
LINK_otc,1786441500,1786442160,1786442220,DOWN,RED,476.85,1,6
LINK_otc,1786452300,1786453320,1786453380,DOWN,RED,476.78,1,10
LINK_otc,1786483500,1786484100,1786484160,DOWN,RED,449.75,1,18
LINK_otc,1786484100,1786484760,1786484820,UP,GREEN,448.89,0,18
MASTERCARD_otc,1785397500,1785397800,1785397860,UP,GREEN,502.68748,1,4
MASTERCARD_otc,1785407100,1785407820,1785407880,DOWN,RED,498.96198,1,7
MASTERCARD_otc,1785432300,1785433200,1785433260,DOWN,RED,501.16506,1,14
MASTERCARD_otc,1785455400,1785456000,1785456060,DOWN,RED,494.33087,1,21
MASTERCARD_otc,1785458100,1785459420,1785459480,UP,GREEN,491.52804,1,21
MASTERCARD_otc,1785471000,1785471480,1785471540,DOWN,RED,495.11,1,1
MASTERCARD_otc,1785473400,1785473700,1785473760,DOWN,RED,495.95,0,1
MASTERCARD_otc,1785495600,1785496200,1785496260,DOWN,RED,492.77,1,8
MASTERCARD_otc,1785553500,1785554880,1785554940,UP,GREEN,512.74,0,0
MASTERCARD_otc,1785579600,1785580560,1785580620,DOWN,RED,512.92,1,7
MASTERCARD_otc,1785626100,1785626580,1785626640,UP,GREEN,505.25,1,20
MASTERCARD_otc,1785692400,1785692820,1785692880,DOWN,RED,519.73,1,14
MASTERCARD_otc,1785742800,1785743340,1785743400,UP,GREEN,525.07,0,4
MASTERCARD_otc,1785779400,1785780420,1785780480,UP,GREEN,535.96,0,15
MASTERCARD_otc,1785839400,1785839940,1785840000,UP,GREEN,516.86,1,7
MASTERCARD_otc,1785855900,1785856560,1785856620,DOWN,RED,511.82,0,12
MASTERCARD_otc,1785884100,1785885180,1785885240,UP,GREEN,515.06,0,20
MASTERCARD_otc,1785907500,1785908040,1785908100,UP,GREEN,529.03,1,2
MASTERCARD_otc,1785909000,1785909540,1785909600,DOWN,RED,527.17,1,3
MASTERCARD_otc,1785954000,1785954840,1785954900,DOWN,RED,514.6,0,15
MASTERCARD_otc,1785982200,1785982920,1785982980,UP,GREEN,508.95,0,23
MASTERCARD_otc,1786017000,1786018140,1786018200,DOWN,RED,507.52,0,9
MASTERCARD_otc,1786046100,1786046580,1786046640,UP,GREEN,498.31,1,17
MASTERCARD_otc,1786047300,1786047780,1786047840,DOWN,RED,496.82,0,17
MASTERCARD_otc,1786064700,1786065000,1786065060,DOWN,RED,483.74,0,22
MASTERCARD_otc,1786095900,1786097160,1786097220,DOWN,RED,484.3,1,7
MASTERCARD_otc,1786097700,1786098060,1786098120,UP,GREEN,483.27,1,7
MASTERCARD_otc,1786106700,1786107420,1786107480,DOWN,RED,485.49,0,9
MASTERCARD_otc,1786122900,1786123200,1786123260,UP,GREEN,476.79,0,14
MASTERCARD_otc,1786130700,1786131000,1786131060,DOWN,RED,476.26,0,16
MASTERCARD_otc,1786134000,1786134660,1786134720,DOWN,RED,474.15,0,17
MASTERCARD_otc,1786163400,1786163700,1786163760,DOWN,RED,473.73,1,1
MASTERCARD_otc,1786176600,1786176900,1786176960,DOWN,RED,475.47,0,5
MASTERCARD_otc,1786204500,1786205040,1786205100,UP,GREEN,480.49,0,13
MASTERCARD_otc,1786207500,1786207980,1786208040,UP,GREEN,481.37,1,13
MASTERCARD_otc,1786221900,1786222320,1786222380,DOWN,RED,483.56,1,17
MASTERCARD_otc,1786239300,1786239840,1786239900,DOWN,RED,484.49,1,22
MASTERCARD_otc,1786264200,1786264560,1786264620,UP,GREEN,486.63,1,5
MASTERCARD_otc,1786278000,1786278420,1786278480,UP,GREEN,489.05,1,9
MASTERCARD_otc,1786287000,1786288080,1786288140,DOWN,RED,488.23,0,12
MASTERCARD_otc,1786338600,1786339440,1786339500,DOWN,RED,499.45,1,2
MASTERCARD_otc,1786346100,1786346880,1786346940,UP,GREEN,496.75,1,4
MASTERCARD_otc,1786386300,1786386720,1786386780,UP,GREEN,493.06,1,15
MASTERCARD_otc,1786388700,1786389360,1786389420,UP,GREEN,492.9,1,16
MASTERCARD_otc,1786401900,1786402440,1786402500,DOWN,RED,494.13,1,19
MASTERCARD_otc,1786412700,1786413720,1786413780,DOWN,RED,494.04,1,23
MASTERCARD_otc,1786422600,1786423620,1786423680,UP,GREEN,492.78,1,1
MASTERCARD_otc,1786431000,1786431420,1786431480,UP,GREEN,493.04,1,3
MASTERCARD_otc,1786440300,1786440720,1786440780,UP,GREEN,492.93,1,6
MASTERCARD_otc,1786452300,1786453440,1786453500,UP,GREEN,492.77,1,10
MASTERCARD_otc,1786479300,1786479660,1786479720,UP,GREEN,504.19,0,17
MASTERCARD_otc,1786486200,1786487100,1786487160,UP,GREEN,507.39,1,19
META_otc,1785995400,1785996000,1785996060,UP,GREEN,501.24,1,3
META_otc,1785999900,1786000320,1786000380,DOWN,RED,500.58,1,4
META_otc,1786012200,1786013220,1786013280,UP,GREEN,496.81,0,7
META_otc,1786036800,1786038120,1786038180,UP,GREEN,493.3,0,14
META_otc,1786041300,1786042020,1786042080,DOWN,RED,485.14,1,15
META_otc,1786044000,1786044900,1786044960,UP,GREEN,484.08,0,16
META_otc,1786050300,1786050960,1786051020,DOWN,RED,482.36,1,18
META_otc,1786092300,1786092780,1786092840,UP,GREEN,478.5,1,5
META_otc,1786109400,1786110120,1786110180,DOWN,RED,485.45,0,10
META_otc,1786136100,1786136460,1786136520,DOWN,RED,489.6,1,18
META_otc,1786139100,1786139460,1786139520,UP,GREEN,491.61,0,18
META_otc,1786146000,1786146780,1786146840,UP,GREEN,487.88,0,20
META_otc,1786156800,1786157160,1786157220,DOWN,RED,491.83,1,23
META_otc,1786167300,1786168740,1786168800,DOWN,RED,489.29,1,3
META_otc,1786186200,1786186680,1786186740,DOWN,RED,485.65,1,7
META_otc,1786217100,1786217520,1786217580,UP,GREEN,490.99,0,16
META_otc,1786256400,1786257120,1786257180,UP,GREEN,489.06,1,3
META_otc,1786276500,1786277520,1786277580,UP,GREEN,488.59,0,9
META_otc,1786320900,1786321200,1786321260,DOWN,RED,492.76,1,21
META_otc,1786329900,1786330440,1786330500,DOWN,RED,496.39,1,23
META_otc,1786359600,1786360260,1786360320,UP,GREEN,491.16,1,8
META_otc,1786361400,1786361940,1786362000,UP,GREEN,491.87,1,8
META_otc,1786383600,1786384020,1786384080,UP,GREEN,467.24,1,14
META_otc,1786402500,1786403760,1786403820,UP,GREEN,467.35,1,20
META_otc,1786407300,1786407840,1786407900,UP,GREEN,467.42,1,21
META_otc,1786428000,1786428300,1786428360,DOWN,RED,468.39,1,3
META_otc,1786430400,1786430820,1786430880,DOWN,RED,468.48,1,3
META_otc,1786439400,1786439940,1786440000,UP,GREEN,467.51,1,6
META_otc,1786441800,1786442820,1786442880,UP,GREEN,467.47,0,7
META_otc,1786459200,1786459500,1786459560,UP,GREEN,498.95,0,11
META_otc,1786463700,1786464060,1786464120,UP,GREEN,501.12,0,13
MICROSOFT_otc,1785219300,1785219960,1785220020,DOWN,RED,464.54,0,3
MICROSOFT_otc,1785220500,1785220860,1785220920,DOWN,RED,463.53,1,3
MICROSOFT_otc,1785222300,1785223140,1785223200,DOWN,RED,461.24,1,4
MICROSOFT_otc,1785227100,1785227460,1785227520,DOWN,RED,462.16,1,5
MICROSOFT_otc,1785237900,1785238320,1785238380,DOWN,RED,462.24,1,8
MICROSOFT_otc,1785250500,1785250980,1785251040,UP,GREEN,461.71,0,12
MICROSOFT_otc,1785253500,1785254160,1785254220,UP,GREEN,461.39,1,12
MICROSOFT_otc,1785258300,1785258720,1785258780,UP,GREEN,455.19,1,14
MICROSOFT_otc,1785306300,1785306600,1785306660,UP,GREEN,442.07,0,3
MICROSOFT_otc,1785328800,1785329220,1785329280,DOWN,RED,436.0,1,9
MICROSOFT_otc,1785349200,1785350100,1785350160,DOWN,RED,441.26,1,15
MICROSOFT_otc,1785425700,1785426840,1785426900,UP,GREEN,441.52,1,12
MICROSOFT_otc,1785437700,1785438540,1785438600,DOWN,RED,440.53,0,16
MICROSOFT_otc,1785465300,1785465960,1785466020,DOWN,RED,438.75,0,23
MICROSOFT_otc,1785510300,1785510660,1785510720,DOWN,RED,437.08,0,12
MICROSOFT_otc,1785511500,1785511920,1785511980,UP,GREEN,437.07,1,12
MICROSOFT_otc,1785543300,1785543600,1785543660,DOWN,RED,429.23,1,21
MICROSOFT_otc,1785568500,1785568860,1785568920,DOWN,RED,430.66,1,4
MICROSOFT_otc,1785573600,1785574260,1785574320,DOWN,RED,429.43,1,5
MICROSOFT_otc,1785584700,1785585120,1785585180,DOWN,RED,431.84,0,8
MICROSOFT_otc,1785589800,1785591180,1785591240,DOWN,RED,430.48,1,10
MICROSOFT_otc,1785602400,1785602760,1785602820,UP,GREEN,438.56,0,13
MICROSOFT_otc,1785611700,1785612240,1785612300,DOWN,RED,435.5,0,16
MICROSOFT_otc,1785617100,1785617700,1785617760,DOWN,RED,436.51,1,17
MICROSOFT_otc,1785630600,1785631140,1785631200,DOWN,RED,438.98,1,21
MICROSOFT_otc,1785654600,1785655260,1785655320,UP,GREEN,437.46,0,4
MICROSOFT_otc,1785759300,1785759720,1785759780,UP,GREEN,442.33,1,9
MICROSOFT_otc,1785788100,1785788640,1785788700,UP,GREEN,438.7,1,17
MICROSOFT_otc,1785789600,1785790260,1785790320,DOWN,RED,440.84,1,17
MICROSOFT_otc,1785802500,1785803220,1785803280,DOWN,RED,448.44,1,21
MICROSOFT_otc,1785805800,1785806460,1785806520,UP,GREEN,448.08,0,22
MICROSOFT_otc,1785827400,1785827820,1785827880,UP,GREEN,446.9,1,4
MICROSOFT_otc,1785851400,1785852000,1785852060,UP,GREEN,449.12,1,11
MICROSOFT_otc,1785868500,1785868860,1785868920,UP,GREEN,451.25,1,15
MICROSOFT_otc,1785900300,1785901620,1785901680,DOWN,RED,451.87,0,0
MICROSOFT_otc,1785905100,1785906120,1785906180,UP,GREEN,451.95,0,2
MICROSOFT_otc,1785907200,1785907740,1785907800,UP,GREEN,451.37,1,2
MICROSOFT_otc,1785923700,1785924180,1785924240,UP,GREEN,451.2,1,7
MICROSOFT_otc,1785993600,1785994740,1785994800,DOWN,RED,454.83,0,2
MICROSOFT_otc,1786005000,1786005360,1786005420,DOWN,RED,453.99,1,5
MICROSOFT_otc,1786017600,1786018740,1786018800,DOWN,RED,454.88,1,9
MICROSOFT_otc,1786032300,1786033380,1786033440,DOWN,RED,452.73,1,13
MICROSOFT_otc,1786047300,1786047780,1786047840,UP,GREEN,447.65,1,17
MICROSOFT_otc,1786058400,1786058760,1786058820,UP,GREEN,450.14,1,20
MICROSOFT_otc,1786073100,1786073760,1786073820,DOWN,RED,465.01,0,0
MICROSOFT_otc,1786096200,1786097040,1786097100,UP,GREEN,457.17,1,7
MICROSOFT_otc,1786119000,1786119540,1786119600,DOWN,RED,456.66,0,13
MICROSOFT_otc,1786124400,1786124940,1786125000,UP,GREEN,453.68,0,14
MICROSOFT_otc,1786128000,1786128360,1786128420,UP,GREEN,453.91,1,15
MICROSOFT_otc,1786161000,1786161360,1786161420,DOWN,RED,460.74,0,0
MICROSOFT_otc,1786229700,1786230060,1786230120,UP,GREEN,455.43,0,20
MICROSOFT_otc,1786236300,1786237200,1786237260,UP,GREEN,453.47,0,22
MICROSOFT_otc,1786255500,1786255860,1786255920,UP,GREEN,456.81,1,3
MICROSOFT_otc,1786263600,1786263960,1786264020,DOWN,RED,455.77,1,5
MICROSOFT_otc,1786284600,1786285260,1786285320,DOWN,RED,459.3,0,11
MICROSOFT_otc,1786289400,1786289880,1786289940,UP,GREEN,458.52,0,12
MICROSOFT_otc,1786307700,1786308000,1786308060,UP,GREEN,459.85,0,17
MICROSOFT_otc,1786329600,1786330440,1786330500,DOWN,RED,461.86,1,23
MICROSOFT_otc,1786404300,1786404840,1786404900,UP,GREEN,434.05,1,20
MICROSOFT_otc,1786407300,1786407600,1786407660,UP,GREEN,433.86,1,21
MICROSOFT_otc,1786409700,1786410480,1786410540,UP,GREEN,434.15,1,22
MICROSOFT_otc,1786422300,1786422720,1786422780,UP,GREEN,433.88,1,1
MICROSOFT_otc,1786425300,1786425720,1786425780,UP,GREEN,434.3,1,2
MICROSOFT_otc,1786427100,1786427520,1786427580,UP,GREEN,433.98,1,2
MICROSOFT_otc,1786442400,1786443180,1786443240,UP,GREEN,433.96,1,7
MICROSOFT_otc,1786448100,1786449000,1786449060,DOWN,RED,435.17,1,8
MICROSOFT_otc,1786463700,1786464060,1786464120,UP,GREEN,440.5,0,13
NETFLIX_otc,1785209400,1785209760,1785209820,UP,GREEN,425.65,1,0
NETFLIX_otc,1785211800,1785212340,1785212400,UP,GREEN,427.93,1,1
NETFLIX_otc,1785224700,1785225480,1785225540,UP,GREEN,422.03,1,4
NETFLIX_otc,1785240600,1785241320,1785241380,UP,GREEN,421.22,0,9
NETFLIX_otc,1785248700,1785249060,1785249120,DOWN,RED,416.41,1,11
NETFLIX_otc,1785269100,1785269520,1785269580,DOWN,RED,408.14,1,17
NETFLIX_otc,1785294000,1785294600,1785294660,UP,GREEN,407.15,0,0
NETFLIX_otc,1785322200,1785322500,1785322560,UP,GREEN,402.75,1,7
NETFLIX_otc,1785339600,1785340200,1785340260,UP,GREEN,402.06,1,12
NETFLIX_otc,1785343200,1785343500,1785343560,UP,GREEN,403.65,0,13
NETFLIX_otc,1785379200,1785379560,1785379620,DOWN,RED,407.09,0,23
NETFLIX_otc,1785405300,1785406500,1785406560,UP,GREEN,400.05,0,7
NETFLIX_otc,1785457800,1785458160,1785458220,UP,GREEN,406.36,0,21
NETFLIX_otc,1785563100,1785564420,1785564480,DOWN,RED,419.1,0,3
NETFLIX_otc,1785569400,1785569760,1785569820,UP,GREEN,422.29,0,4
NETFLIX_otc,1785600600,1785601320,1785601380,UP,GREEN,425.61,0,13
NETFLIX_otc,1785603300,1785603960,1785604020,DOWN,RED,425.23,1,14
NETFLIX_otc,1785609000,1785609720,1785609780,DOWN,RED,425.57,1,15
NETFLIX_otc,1785613800,1785614160,1785614220,UP,GREEN,426.93,1,16
NETFLIX_otc,1785649200,1785649860,1785649920,UP,GREEN,431.56,1,2
NETFLIX_otc,1785650100,1785650460,1785650520,UP,GREEN,431.92,0,3
NETFLIX_otc,1785655200,1785655980,1785656040,DOWN,RED,430.2,1,4
NETFLIX_otc,1785682800,1785683580,1785683640,DOWN,RED,430.01,0,12
NETFLIX_otc,1785693300,1785693720,1785693780,UP,GREEN,437.56,0,15
NETFLIX_otc,1785693900,1785694260,1785694320,UP,GREEN,438.01,0,15
NETFLIX_otc,1785711300,1785711600,1785711660,DOWN,RED,446.59,1,20
NETFLIX_otc,1785715800,1785717060,1785717120,UP,GREEN,447.72,0,21
NETFLIX_otc,1785780600,1785781260,1785781320,UP,GREEN,443.12,1,15
NETFLIX_otc,1785838200,1785838980,1785839040,UP,GREEN,449.14,1,7
NETFLIX_otc,1785842100,1785843420,1785843480,DOWN,RED,448.47,1,8
NETFLIX_otc,1785872100,1785872520,1785872580,DOWN,RED,463.81,1,16
NETFLIX_otc,1785916500,1785917940,1785918000,DOWN,RED,454.21,0,5
NETFLIX_otc,1785936900,1785937260,1785937320,UP,GREEN,462.48,1,10
NETFLIX_otc,1785946800,1785947160,1785947220,UP,GREEN,449.5,1,13
NETFLIX_otc,1785956400,1785956760,1785956820,DOWN,RED,429.52,1,16
NETFLIX_otc,1785961200,1785962340,1785962400,DOWN,RED,431.43,1,17
NETFLIX_otc,1785972000,1785972900,1785972960,DOWN,RED,427.62,1,20
NETFLIX_otc,1785982200,1785982500,1785982560,UP,GREEN,404.22,0,23
NETFLIX_otc,1785987900,1785988680,1785988740,UP,GREEN,398.28,1,0
NETFLIX_otc,1785997800,1785998160,1785998220,UP,GREEN,403.45,1,3
NETFLIX_otc,1785998100,1785998760,1785998820,DOWN,RED,404.23,0,3
NETFLIX_otc,1786024200,1786024800,1786024860,DOWN,RED,401.26,0,11
NETFLIX_otc,1786071300,1786071840,1786071900,DOWN,RED,404.34,0,0
NETFLIX_otc,1786119600,1786120140,1786120200,UP,GREEN,423.66,0,13
NETFLIX_otc,1786131000,1786131540,1786131600,UP,GREEN,418.52,1,16
NETFLIX_otc,1786140600,1786140960,1786141020,DOWN,RED,421.59,0,19
NETFLIX_otc,1786140900,1786141260,1786141320,UP,GREEN,420.67,1,19
NETFLIX_otc,1786145700,1786146480,1786146540,UP,GREEN,418.87,1,20
NETFLIX_otc,1786149000,1786150020,1786150080,DOWN,RED,420.11,0,21
NETFLIX_otc,1786177500,1786177920,1786177980,DOWN,RED,420.03,0,5
NETFLIX_otc,1786194300,1786195380,1786195440,UP,GREEN,418.78,1,10
NETFLIX_otc,1786195200,1786195980,1786196040,DOWN,RED,419.72,0,10
NETFLIX_otc,1786206900,1786207440,1786207500,UP,GREEN,420.75,0,13
NETFLIX_otc,1786207800,1786208340,1786208400,UP,GREEN,419.86,0,14
NETFLIX_otc,1786208700,1786209000,1786209060,UP,GREEN,419.82,0,14
NETFLIX_otc,1786265400,1786266300,1786266360,UP,GREEN,419.35,1,6
NETFLIX_otc,1786269000,1786270200,1786270260,UP,GREEN,418.57,0,7
NETFLIX_otc,1786292700,1786293540,1786293600,UP,GREEN,420.41,1,13
NETFLIX_otc,1786298700,1786299000,1786299060,DOWN,RED,421.26,0,15
NETFLIX_otc,1786302000,1786303020,1786303080,DOWN,RED,422.85,0,16
NETFLIX_otc,1786307700,1786308480,1786308540,DOWN,RED,427.6,1,17
NETFLIX_otc,1786370100,1786370640,1786370700,UP,GREEN,421.35,0,11
NETFLIX_otc,1786371000,1786372200,1786372260,UP,GREEN,421.75,0,11
NETFLIX_otc,1786378200,1786378500,1786378560,DOWN,RED,427.92,1,13
NETFLIX_otc,1786381500,1786382400,1786382460,UP,GREEN,426.82,1,14
NETFLIX_otc,1786385100,1786385520,1786385580,UP,GREEN,426.9,1,15
NETFLIX_otc,1786394100,1786394400,1786394460,UP,GREEN,427.02,1,17
NETFLIX_otc,1786403100,1786403400,1786403460,UP,GREEN,427.15,1,20
NETFLIX_otc,1786403700,1786404000,1786404060,UP,GREEN,427.05,1,20
NETFLIX_otc,1786414800,1786415100,1786415160,DOWN,RED,427.95,1,23
NETFLIX_otc,1786415400,1786416300,1786416360,DOWN,RED,428.06,1,23
NETFLIX_otc,1786445700,1786446000,1786446060,UP,GREEN,426.93,1,8
NETFLIX_otc,1786446300,1786446720,1786446780,UP,GREEN,426.71,1,8
NETFLIX_otc,1786458300,1786458840,1786458900,UP,GREEN,426.82,1,11
NIKE_otc,1785226200,1785226920,1785226980,DOWN,RED,360.22,1,5
NIKE_otc,1785231900,1785233160,1785233220,UP,GREEN,360.84,0,7
NIKE_otc,1785249000,1785249840,1785249900,UP,GREEN,359.93,0,11
NIKE_otc,1785262800,1785264000,1785264060,UP,GREEN,356.06,0,15
NIKE_otc,1785270300,1785271500,1785271560,DOWN,RED,357.53,0,17
NIKE_otc,1785284700,1785285000,1785285060,UP,GREEN,353.13,1,21
NIKE_otc,1785288300,1785289020,1785289080,UP,GREEN,355.46,1,22
NIKE_otc,1785302700,1785303120,1785303180,UP,GREEN,350.88,1,2
NIKE_otc,1785306600,1785307500,1785307560,DOWN,RED,350.59,0,3
NIKE_otc,1785315900,1785316740,1785316800,UP,GREEN,351.22,1,6
NIKE_otc,1785331200,1785331980,1785332040,UP,GREEN,352.44,1,10
NIKE_otc,1785395400,1785396000,1785396060,UP,GREEN,347.51,0,4
NIKE_otc,1785397800,1785398760,1785398820,UP,GREEN,346.05,0,5
NIKE_otc,1785418800,1785419160,1785419220,DOWN,RED,340.14,1,10
NIKE_otc,1785429300,1785429600,1785429660,DOWN,RED,328.94,1,13
NIKE_otc,1785440100,1785441300,1785441360,UP,GREEN,325.58,1,16
NIKE_otc,1785450900,1785451200,1785451260,DOWN,RED,330.81,0,19
NIKE_otc,1785457800,1785458820,1785458880,UP,GREEN,325.7,1,21
NIKE_otc,1785498600,1785499440,1785499500,DOWN,RED,325.49,1,9
NIKE_otc,1785522000,1785523200,1785523260,DOWN,RED,335.39,1,15
NIKE_otc,1785554400,1785555420,1785555480,DOWN,RED,335.61,1,0
NIKE_otc,1785559500,1785559860,1785559920,UP,GREEN,333.42,1,1
NIKE_otc,1785563100,1785563820,1785563880,DOWN,RED,334.52,1,2
NIKE_otc,1785587100,1785587460,1785587520,DOWN,RED,326.84,1,9
NIKE_otc,1785590700,1785591540,1785591600,DOWN,RED,326.61,1,10
NIKE_otc,1785591300,1785591960,1785592020,UP,GREEN,325.19,0,10
NIKE_otc,1785593400,1785593880,1785593940,UP,GREEN,324.78,1,11
NIKE_otc,1785622800,1785623400,1785623460,DOWN,RED,318.25,0,19
NIKE_otc,1785643200,1785644640,1785644700,UP,GREEN,321.22,1,1
NIKE_otc,1785675000,1785675540,1785675600,UP,GREEN,326.09,1,10
NIKE_otc,1785717600,1785718440,1785718500,DOWN,RED,334.62,1,21
NIKE_otc,1785762000,1785762840,1785762900,DOWN,RED,348.01,1,10
NIKE_otc,1785789300,1785789600,1785789660,UP,GREEN,343.59,0,17
NIKE_otc,1785795900,1785796620,1785796680,UP,GREEN,344.67,1,19
NIKE_otc,1785813300,1785813720,1785813780,DOWN,RED,338.08,0,0
NIKE_otc,1785815100,1785815700,1785815760,DOWN,RED,338.03,0,0
NIKE_otc,1785841500,1785842580,1785842640,DOWN,RED,334.56,1,8
NIKE_otc,1785846000,1785846360,1785846420,DOWN,RED,333.08,1,9
NIKE_otc,1785889800,1785890400,1785890460,DOWN,RED,357.98,1,21
NIKE_otc,1785897900,1785898200,1785898260,UP,GREEN,353.03,0,23
NIKE_otc,1785901800,1785902640,1785902700,UP,GREEN,352.18,1,1
NIKE_otc,1785976200,1785976620,1785976680,UP,GREEN,353.28,1,21
NIKE_otc,1785978300,1785978780,1785978840,DOWN,RED,356.21,1,22
NIKE_otc,1785998400,1785998760,1785998820,DOWN,RED,353.46,1,3
NIKE_otc,1786006800,1786007220,1786007280,DOWN,RED,348.36,0,6
NIKE_otc,1786007400,1786008120,1786008180,DOWN,RED,348.37,1,6
NIKE_otc,1786035900,1786036380,1786036440,DOWN,RED,349.99,1,14
NIKE_otc,1786088700,1786089420,1786089480,UP,GREEN,328.22,1,4
NIKE_otc,1786169700,1786170300,1786170360,UP,GREEN,336.31,0,3
NIKE_otc,1786185000,1786185360,1786185420,UP,GREEN,337.06,1,7
NIKE_otc,1786207500,1786208640,1786208700,DOWN,RED,335.43,0,14
NIKE_otc,1786209300,1786209720,1786209780,DOWN,RED,335.69,0,14
NIKE_otc,1786256100,1786256460,1786256520,DOWN,RED,335.34,0,3
NIKE_otc,1786273200,1786273560,1786273620,UP,GREEN,340.47,1,8
NIKE_otc,1786283700,1786284000,1786284060,UP,GREEN,337.09,1,11
NIKE_otc,1786308300,1786308780,1786308840,DOWN,RED,330.67,1,17
NIKE_otc,1786312800,1786313100,1786313160,UP,GREEN,332.33,1,19
NIKE_otc,1786320900,1786321200,1786321260,UP,GREEN,331.12,1,21
NIKE_otc,1786323300,1786323660,1786323720,DOWN,RED,332.44,0,22
NIKE_otc,1786335000,1786335840,1786335900,UP,GREEN,336.79,1,1
NIKE_otc,1786347000,1786347720,1786347780,DOWN,RED,340.89,0,4
NIKE_otc,1786355700,1786356000,1786356060,DOWN,RED,343.52,1,7
NIKE_otc,1786356900,1786357560,1786357620,UP,GREEN,343.28,1,7
NIKE_otc,1786367400,1786367700,1786367760,UP,GREEN,343.93,1,10
NIKE_otc,1786368900,1786369500,1786369560,UP,GREEN,345.29,0,10
NIKE_otc,1786393200,1786393740,1786393800,DOWN,RED,326.22,1,17
NIKE_otc,1786401900,1786402200,1786402260,UP,GREEN,325.28,1,19
NIKE_otc,1786402800,1786403700,1786403760,DOWN,RED,326.31,1,20
NIKE_otc,1786411800,1786412220,1786412280,DOWN,RED,326.43,1,22
NIKE_otc,1786467000,1786467300,1786467360,UP,GREEN,336.21,0,13
NIKE_otc,1786481700,1786482300,1786482360,UP,GREEN,340.33,0,18
NVIDIA_otc,1785200100,1785200640,1785200700,UP,GREEN,88.6,0,22
NVIDIA_otc,1785203700,1785204540,1785204600,DOWN,RED,86.6,1,23
NVIDIA_otc,1785209400,1785209880,1785209940,DOWN,RED,84.96,1,0
NVIDIA_otc,1785233400,1785234000,1785234060,UP,GREEN,85.07,1,7
NVIDIA_otc,1785234300,1785234600,1785234660,DOWN,RED,85.32,1,7
NVIDIA_otc,1785248100,1785249120,1785249180,UP,GREEN,84.21,0,11
NVIDIA_otc,1785250200,1785251040,1785251100,UP,GREEN,83.92,1,12
NVIDIA_otc,1785251100,1785251460,1785251520,UP,GREEN,84.04,1,12
NVIDIA_otc,1785260700,1785261300,1785261360,UP,GREEN,78.65,0,14
NVIDIA_otc,1785282600,1785283860,1785283920,UP,GREEN,73.56,1,21
NVIDIA_otc,1785284700,1785285120,1785285180,DOWN,RED,74.47,1,21
NVIDIA_otc,1785297000,1785297480,1785297540,UP,GREEN,75.35,1,0
NVIDIA_otc,1785307200,1785308340,1785308400,DOWN,RED,68.09,1,4
NVIDIA_otc,1785344700,1785345120,1785345180,DOWN,RED,58.53,1,14
NVIDIA_otc,1785362700,1785364080,1785364140,UP,GREEN,55.68,1,19
NVIDIA_otc,1785396600,1785397020,1785397080,DOWN,RED,44.12,1,4
NVIDIA_otc,1785396300,1785397620,1785397680,DOWN,RED,44.24,1,4
NVIDIA_otc,1785398100,1785398760,1785398820,DOWN,RED,44.26,0,5
NVIDIA_otc,1785402000,1785402540,1785402600,UP,GREEN,45.89,1,6
NVIDIA_otc,1785406500,1785407280,1785407340,UP,GREEN,46.49,1,7
NVIDIA_otc,1785423000,1785423480,1785423540,UP,GREEN,49.88,1,11
NVIDIA_otc,1785442800,1785443100,1785443160,DOWN,RED,47.0,1,17
NVIDIA_otc,1785479100,1785480360,1785480420,UP,GREEN,54.25,0,3
NVIDIA_otc,1785483300,1785483900,1785483960,UP,GREEN,52.91,1,4
NVIDIA_otc,1785534600,1785534960,1785535020,DOWN,RED,56.82,0,18
NVIDIA_otc,1785571200,1785571980,1785572040,DOWN,RED,59.26,1,5
NVIDIA_otc,1785585000,1785586200,1785586260,UP,GREEN,60.96,1,9
NVIDIA_otc,1785655500,1785655800,1785655860,DOWN,RED,48.61,1,4
NVIDIA_otc,1785727500,1785728340,1785728400,UP,GREEN,61.46,0,0
NVIDIA_otc,1785755700,1785756300,1785756360,UP,GREEN,56.19,1,8
NVIDIA_otc,1785765600,1785766020,1785766080,DOWN,RED,62.88,0,11
NVIDIA_otc,1785773700,1785774060,1785774120,DOWN,RED,51.11,1,13
NVIDIA_otc,1785827700,1785828300,1785828360,DOWN,RED,54.24,1,4
NVIDIA_otc,1785828900,1785829320,1785829380,UP,GREEN,54.36,1,4
NVIDIA_otc,1785855300,1785855960,1785856020,UP,GREEN,56.97,0,12
NVIDIA_otc,1785869100,1785869400,1785869460,DOWN,RED,57.74,1,15
NVIDIA_otc,1785952200,1785952740,1785952800,DOWN,RED,65.84,1,15
NVIDIA_otc,1785972300,1785972960,1785973020,UP,GREEN,62.42,1,20
NVIDIA_otc,1785988500,1785988860,1785988920,UP,GREEN,64.68,1,1
NVIDIA_otc,1786002900,1786003260,1786003320,DOWN,RED,61.43,1,5
NVIDIA_otc,1786007700,1786008060,1786008120,UP,GREEN,60.66,1,6
NVIDIA_otc,1786038900,1786039920,1786039980,DOWN,RED,47.82,1,15
NVIDIA_otc,1786051200,1786051680,1786051740,DOWN,RED,53.7,0,18
NVIDIA_otc,1786068600,1786068960,1786069020,DOWN,RED,63.33,1,23
NVIDIA_otc,1786091400,1786092000,1786092060,DOWN,RED,61.69,1,5
NVIDIA_otc,1786092300,1786093320,1786093380,DOWN,RED,61.68,0,6
NVIDIA_otc,1786092900,1786093680,1786093740,UP,GREEN,60.49,1,6
NVIDIA_otc,1786115700,1786116120,1786116180,UP,GREEN,65.46,1,12
NVIDIA_otc,1786134000,1786134420,1786134480,DOWN,RED,62.72,1,17
NVIDIA_otc,1786154400,1786155060,1786155120,UP,GREEN,63.11,1,23
NVIDIA_otc,1786161900,1786162200,1786162260,DOWN,RED,58.45,1,1
NVIDIA_otc,1786193400,1786194060,1786194120,UP,GREEN,59.33,1,10
NVIDIA_otc,1786221600,1786222920,1786222980,UP,GREEN,61.43,1,18
NVIDIA_otc,1786254000,1786254420,1786254480,UP,GREEN,50.69,1,2
NVIDIA_otc,1786256400,1786256880,1786256940,DOWN,RED,53.89,1,3
NVIDIA_otc,1786271700,1786272120,1786272180,UP,GREEN,53.83,0,7
NVIDIA_otc,1786311000,1786311840,1786311900,UP,GREEN,49.84,0,18
NVIDIA_otc,1786316400,1786317240,1786317300,UP,GREEN,47.78,1,20
NVIDIA_otc,1786353300,1786353660,1786353720,DOWN,RED,49.59,0,6
NVIDIA_otc,1786359900,1786360800,1786360860,DOWN,RED,50.04,1,8
NVIDIA_otc,1786377000,1786377420,1786377480,DOWN,RED,57.0,1,12
NVIDIA_otc,1786380000,1786380420,1786380480,DOWN,RED,56.89,1,13
NVIDIA_otc,1786475400,1786476600,1786476660,UP,GREEN,47.73,0,16
NVIDIA_otc,1786484400,1786485480,1786485540,UP,GREEN,48.53,1,18
NZDJPY_otc,1785199800,1785200280,1785200340,DOWN,RED,33.75,1,21
NZDJPY_otc,1785201300,1785201600,1785201660,DOWN,RED,33.55,1,22
NZDJPY_otc,1785206700,1785207120,1785207180,UP,GREEN,34.3,1,23
NZDJPY_otc,1785229200,1785229620,1785229680,UP,GREEN,32.9,1,6
NZDJPY_otc,1785231600,1785232080,1785232140,DOWN,RED,32.94,1,6
NZDJPY_otc,1785249000,1785249720,1785249780,DOWN,RED,33.78,1,11
NZDJPY_otc,1785254100,1785254400,1785254460,UP,GREEN,32.74,0,13
NZDJPY_otc,1785269700,1785270240,1785270300,DOWN,RED,33.38,1,17
NZDJPY_otc,1785320700,1785322020,1785322080,UP,GREEN,32.12,1,7
NZDJPY_otc,1785344400,1785344700,1785344760,UP,GREEN,30.71,1,14
NZDJPY_otc,1785366900,1785368160,1785368220,DOWN,RED,30.5,1,20
NZDJPY_otc,1785388800,1785390180,1785390240,UP,GREEN,26.25,1,2
NZDJPY_otc,1785398400,1785398820,1785398880,UP,GREEN,25.46,1,5
NZDJPY_otc,1785401700,1785402120,1785402180,DOWN,RED,25.25,0,6
NZDJPY_otc,1785413100,1785413460,1785413520,DOWN,RED,24.79,0,9
NZDJPY_otc,1785420900,1785421860,1785421920,UP,GREEN,23.85,1,11
NZDJPY_otc,1785429600,1785430200,1785430260,UP,GREEN,24.09,0,13
NZDJPY_otc,1785438000,1785438360,1785438420,DOWN,RED,22.26,1,16
NZDJPY_otc,1785442800,1785443400,1785443460,UP,GREEN,21.67,0,17
NZDJPY_otc,1785455400,1785456840,1785456900,DOWN,RED,21.35,1,21
NZDJPY_otc,1785528000,1785528960,1785529020,DOWN,RED,19.26159,0,17
NZDJPY_otc,1785530100,1785531480,1785531540,DOWN,RED,19.09,1,17
NZDJPY_otc,1785538200,1785538800,1785538860,DOWN,RED,19.29643,1,20
NZDJPY_otc,1785560700,1785561120,1785561180,DOWN,RED,19.11878,1,2
NZDJPY_otc,1785573000,1785573600,1785573660,UP,GREEN,18.95142,1,5
NZDJPY_otc,1785607200,1785607800,1785607860,UP,GREEN,17.81801,1,15
NZDJPY_otc,1785608100,1785608580,1785608640,UP,GREEN,17.83215,0,15
NZDJPY_otc,1785658800,1785659820,1785659880,UP,GREEN,17.34143,1,5
NZDJPY_otc,1785690000,1785690720,1785690780,UP,GREEN,17.57688,0,14
NZDJPY_otc,1785700800,1785701220,1785701280,UP,GREEN,19.41375,0,17
NZDJPY_otc,1785717900,1785719040,1785719100,DOWN,RED,18.55457,1,22
NZDJPY_otc,1785720300,1785720780,1785720840,DOWN,RED,18.72355,1,22
NZDJPY_otc,1785741300,1785742020,1785742080,UP,GREEN,19.64762,0,4
NZDJPY_otc,1785766500,1785767160,1785767220,DOWN,RED,19.49485,1,11
NZDJPY_otc,1785788700,1785789060,1785789120,UP,GREEN,18.33325,1,17
NZDJPY_otc,1785792000,1785792480,1785792540,UP,GREEN,18.86,0,18
NZDJPY_otc,1785815700,1785816120,1785816180,DOWN,RED,18.60012,1,1
NZDJPY_otc,1785841800,1785842280,1785842340,UP,GREEN,19.59915,1,8
NZDJPY_otc,1785862500,1785862860,1785862920,DOWN,RED,19.60042,1,14
NZDJPY_otc,1785870900,1785872100,1785872160,DOWN,RED,20.46977,0,16
NZDJPY_otc,1785928500,1785929160,1785929220,UP,GREEN,18.90457,1,8
NZDJPY_otc,1785949800,1785950100,1785950160,UP,GREEN,19.22787,0,14
NZDJPY_otc,1785956400,1785957060,1785957120,UP,GREEN,19.10208,0,16
NZDJPY_otc,1785992100,1785992400,1785992460,DOWN,RED,15.88193,1,2
NZDJPY_otc,1786003500,1786003920,1786003980,DOWN,RED,16.30395,1,5
NZDJPY_otc,1786004100,1786004400,1786004460,UP,GREEN,16.0872,1,5
NZDJPY_otc,1786011900,1786013040,1786013100,DOWN,RED,15.79199,1,7
NZDJPY_otc,1786017000,1786017720,1786017780,UP,GREEN,16.68022,1,9
NZDJPY_otc,1786032900,1786033620,1786033680,DOWN,RED,17.72037,1,13
NZDJPY_otc,1786053900,1786054860,1786054920,UP,GREEN,17.54491,0,19
NZDJPY_otc,1786056300,1786056960,1786057020,DOWN,RED,17.77311,1,19
NZDJPY_otc,1786070700,1786071060,1786071120,UP,GREEN,17.26881,1,23
NZDJPY_otc,1786094700,1786095120,1786095180,DOWN,RED,19.60389,1,6
NZDJPY_otc,1786105800,1786106340,1786106400,UP,GREEN,19.5819,0,9
NZDJPY_otc,1786125300,1786125660,1786125720,DOWN,RED,20.04907,1,15
NZDJPY_otc,1786172100,1786172400,1786172460,DOWN,RED,19.4061,1,4
NZDJPY_otc,1786177800,1786178160,1786178220,UP,GREEN,19.64594,1,5
NZDJPY_otc,1786194000,1786194360,1786194420,UP,GREEN,20.10254,1,10
NZDJPY_otc,1786211100,1786211580,1786211640,UP,GREEN,18.93874,1,14
NZDJPY_otc,1786212600,1786213560,1786213620,UP,GREEN,19.16457,1,15
NZDJPY_otc,1786214700,1786215960,1786216020,UP,GREEN,19.16605,1,16
NZDJPY_otc,1786223700,1786224000,1786224060,DOWN,RED,19.17849,1,18
NZDJPY_otc,1786248900,1786249560,1786249620,DOWN,RED,19.15102,1,1
NZDJPY_otc,1786263000,1786263480,1786263540,UP,GREEN,19.09367,0,5
NZDJPY_otc,1786277400,1786277820,1786277880,UP,GREEN,19.56054,1,9
NZDJPY_otc,1786286100,1786287000,1786287060,UP,GREEN,19.36894,1,11
NZDJPY_otc,1786291200,1786291620,1786291680,DOWN,RED,20.02706,0,13
NZDJPY_otc,1786300200,1786301460,1786301520,UP,GREEN,20.19125,1,15
NZDJPY_otc,1786332600,1786332960,1786333020,UP,GREEN,19.49847,1,0
NZDJPY_otc,1786370700,1786371600,1786371660,DOWN,RED,19.51786,1,11
NZDJPY_otc,1786402500,1786402920,1786402980,DOWN,RED,18.06045,1,20
NZDJPY_otc,1786439700,1786440480,1786440540,DOWN,RED,18.04956,1,6
NZDJPY_otc,1786454700,1786455120,1786455180,DOWN,RED,18.03947,1,10
NZDJPY_otc,1786467000,1786468080,1786468140,DOWN,RED,19.39981,1,14
NZDJPY_otc,1786469700,1786470060,1786470120,UP,GREEN,19.27382,0,14
PAYPAL_otc,1785395400,1785395880,1785395940,DOWN,RED,497.54574,1,4
PAYPAL_otc,1785396900,1785398220,1785398280,UP,GREEN,496.64366,0,4
PAYPAL_otc,1785410700,1785411540,1785411600,UP,GREEN,499.35556,0,8
PAYPAL_otc,1785438900,1785439320,1785439380,DOWN,RED,498.29927,0,16
PAYPAL_otc,1785440700,1785441000,1785441060,DOWN,RED,498.82893,1,16
PAYPAL_otc,1785466800,1785467280,1785467340,DOWN,RED,490.26855,0,0
PAYPAL_otc,1785513600,1785514020,1785514080,DOWN,RED,493.23,0,13
PAYPAL_otc,1785518100,1785518520,1785518580,UP,GREEN,494.03,1,14
PAYPAL_otc,1785519900,1785520500,1785520560,DOWN,RED,496.32,1,14
PAYPAL_otc,1785534000,1785534780,1785534840,DOWN,RED,499.37,1,18
PAYPAL_otc,1785550800,1785551100,1785551160,DOWN,RED,503.23,1,23
PAYPAL_otc,1785566700,1785568080,1785568140,UP,GREEN,505.75,1,4
PAYPAL_otc,1785577800,1785578280,1785578340,DOWN,RED,502.16,1,6
PAYPAL_otc,1785662700,1785663120,1785663180,DOWN,RED,483.91,1,6
PAYPAL_otc,1785680700,1785681000,1785681060,UP,GREEN,480.8,0,11
PAYPAL_otc,1785693000,1785693300,1785693360,DOWN,RED,478.45,1,14
PAYPAL_otc,1785701400,1785702300,1785702360,UP,GREEN,478.37,1,17
PAYPAL_otc,1785737700,1785738120,1785738180,UP,GREEN,480.38,1,3
PAYPAL_otc,1785758100,1785758760,1785758820,UP,GREEN,474.92,0,9
PAYPAL_otc,1785776100,1785776640,1785776700,UP,GREEN,469.38,1,14
PAYPAL_otc,1785861300,1785861600,1785861660,UP,GREEN,468.28,0,13
PAYPAL_otc,1785909000,1785909600,1785909660,DOWN,RED,473.19,1,3
PAYPAL_otc,1785929700,1785930480,1785930540,UP,GREEN,469.45,1,8
PAYPAL_otc,1785974100,1785974400,1785974460,DOWN,RED,468.47,0,21
PAYPAL_otc,1785996600,1785997260,1785997320,UP,GREEN,463.02,1,3
PAYPAL_otc,1786036200,1786036560,1786036620,DOWN,RED,467.63,1,14
PAYPAL_otc,1786044900,1786045200,1786045260,DOWN,RED,463.86,1,16
PAYPAL_otc,1786071900,1786072320,1786072380,UP,GREEN,470.13,1,0
PAYPAL_otc,1786095000,1786095360,1786095420,DOWN,RED,463.02,1,6
PAYPAL_otc,1786138200,1786138860,1786138920,DOWN,RED,477.94,0,18
PAYPAL_otc,1786146600,1786147980,1786148040,DOWN,RED,479.07,0,21
PAYPAL_otc,1786193700,1786194900,1786194960,UP,GREEN,467.25,0,10
PAYPAL_otc,1786226400,1786226760,1786226820,UP,GREEN,477.65,0,19
PAYPAL_otc,1786233300,1786233720,1786233780,DOWN,RED,475.31,0,21
PAYPAL_otc,1786235400,1786235760,1786235820,UP,GREEN,477.64,1,21
PAYPAL_otc,1786357200,1786357620,1786357680,UP,GREEN,463.18,0,7
PAYPAL_otc,1786369500,1786369980,1786370040,DOWN,RED,469.07,0,10
PAYPAL_otc,1786376100,1786376400,1786376460,UP,GREEN,494.55,1,12
PAYPAL_otc,1786377300,1786377720,1786377780,UP,GREEN,493.96,1,13
PAYPAL_otc,1786389900,1786390560,1786390620,DOWN,RED,495.27,1,16
PAYPAL_otc,1786392300,1786392600,1786392660,DOWN,RED,495.29,1,17
PAYPAL_otc,1786446300,1786446600,1786446660,UP,GREEN,494.25,1,8
PAYPAL_otc,1786451700,1786452120,1786452180,UP,GREEN,494.05,1,9
PAYPAL_otc,1786473300,1786474620,1786474680,DOWN,RED,473.76,1,15
PAYPAL_otc,1786484700,1786485480,1786485540,UP,GREEN,472.32,1,18
PETROLEO_otc,1785217500,1785218460,1785218520,UP,GREEN,448.76,1,3
PETROLEO_otc,1785227700,1785228480,1785228540,UP,GREEN,452.85,1,5
PETROLEO_otc,1785274200,1785275580,1785275640,UP,GREEN,446.3,1,18
PETROLEO_otc,1785302400,1785303300,1785303360,UP,GREEN,457.9,1,2
PETROLEO_otc,1785315000,1785315480,1785315540,UP,GREEN,457.04,0,5
PETROLEO_otc,1785323700,1785324120,1785324180,UP,GREEN,452.41,1,8
PETROLEO_otc,1785342300,1785342720,1785342780,DOWN,RED,439.47,1,13
PETROLEO_otc,1785342600,1785343920,1785343980,UP,GREEN,438.13,1,13
PETROLEO_otc,1785356400,1785356880,1785356940,DOWN,RED,437.14,1,17
PETROLEO_otc,1785358800,1785359400,1785359460,DOWN,RED,438.81,1,18
PETROLEO_otc,1785365100,1785365640,1785365700,UP,GREEN,439.88,0,19
PETROLEO_otc,1785429900,1785430260,1785430320,DOWN,RED,430.6,1,13
PETROLEO_otc,1785434700,1785435120,1785435180,DOWN,RED,426.82,1,15
PETROLEO_otc,1785447300,1785447600,1785447660,UP,GREEN,424.09,1,18
PETROLEO_otc,1785456300,1785457200,1785457260,UP,GREEN,422.19,1,21
PETROLEO_otc,1785504300,1785504600,1785504660,DOWN,RED,410.18,1,10
PETROLEO_otc,1785557700,1785558840,1785558900,DOWN,RED,424.68,1,1
PETROLEO_otc,1785635400,1785636120,1785636180,DOWN,RED,430.94,1,23
PETROLEO_otc,1785653400,1785653700,1785653760,UP,GREEN,427.8,0,3
PETROLEO_otc,1785665400,1785665700,1785665760,DOWN,RED,427.18,0,7
PETROLEO_otc,1785706800,1785707640,1785707700,UP,GREEN,425.12,1,18
PETROLEO_otc,1785713700,1785714300,1785714360,DOWN,RED,420.95,0,20
PETROLEO_otc,1785720900,1785721740,1785721800,UP,GREEN,418.77,1,22
PETROLEO_otc,1785721800,1785722220,1785722280,UP,GREEN,418.85,1,22
PETROLEO_otc,1785733800,1785735000,1785735060,UP,GREEN,414.78,1,2
PETROLEO_otc,1785738000,1785739380,1785739440,DOWN,RED,416.11,1,3
PETROLEO_otc,1785753900,1785754620,1785754680,DOWN,RED,412.86,1,7
PETROLEO_otc,1785757500,1785757800,1785757860,UP,GREEN,411.72,0,8
PETROLEO_otc,1785767400,1785767760,1785767820,DOWN,RED,406.0,1,11
PETROLEO_otc,1785776100,1785776460,1785776520,UP,GREEN,406.06,1,14
PETROLEO_otc,1785801600,1785802020,1785802080,UP,GREEN,406.95,1,21
PETROLEO_otc,1785934200,1785934920,1785934980,DOWN,RED,396.68,0,10
PETROLEO_otc,1785936300,1785936720,1785936780,UP,GREEN,399.73,0,10
PETROLEO_otc,1785968400,1785968700,1785968760,DOWN,RED,407.37,1,19
PETROLEO_otc,1785972000,1785972360,1785972420,UP,GREEN,402.21,0,20
PETROLEO_otc,1785978000,1785978360,1785978420,DOWN,RED,401.58,1,22
PETROLEO_otc,1785978900,1785979260,1785979320,DOWN,RED,401.81,1,22
PETROLEO_otc,1785986700,1785988140,1785988200,DOWN,RED,399.64,1,0
PETROLEO_otc,1786093500,1786093800,1786093860,UP,GREEN,395.73,0,6
PETROLEO_otc,1786095000,1786095300,1786095360,DOWN,RED,394.06,1,6
PETROLEO_otc,1786162200,1786162560,1786162620,UP,GREEN,411.97,1,1
PETROLEO_otc,1786166700,1786167540,1786167600,DOWN,RED,413.22,0,2
PETROLEO_otc,1786179900,1786180740,1786180800,DOWN,RED,411.84,0,6
PETROLEO_otc,1786267800,1786268280,1786268340,DOWN,RED,407.29,1,6
PETROLEO_otc,1786283700,1786285020,1786285080,DOWN,RED,404.34,0,11
PETROLEO_otc,1786291200,1786291920,1786291980,UP,GREEN,408.39,0,13
PETROLEO_otc,1786317900,1786318440,1786318500,DOWN,RED,407.97,0,20
PETROLEO_otc,1786326000,1786326300,1786326360,UP,GREEN,409.7,0,22
PETROLEO_otc,1786376700,1786377000,1786377060,DOWN,RED,409.57,1,12
PETROLEO_otc,1786381200,1786381620,1786381680,DOWN,RED,409.62,1,14
PETROLEO_otc,1786388100,1786388880,1786388940,UP,GREEN,408.59,1,16
PETROLEO_otc,1786410600,1786410900,1786410960,UP,GREEN,408.63,1,22
PETROLEO_otc,1786414200,1786414980,1786415040,UP,GREEN,408.65,1,23
PETROLEO_otc,1786451100,1786452360,1786452420,UP,GREEN,408.61,1,9
PETROLEO_otc,1786458300,1786458720,1786458780,UP,GREEN,408.66,1,11
PETROLEO_otc,1786466400,1786466940,1786467000,DOWN,RED,399.83,0,13
PRATA_otc,1785213300,1785213660,1785213720,UP,GREEN,402.67,1,1
PRATA_otc,1785220500,1785221520,1785221580,DOWN,RED,399.37,0,3
PRATA_otc,1785234300,1785234960,1785235020,DOWN,RED,400.82,0,7
PRATA_otc,1785285000,1785285420,1785285480,DOWN,RED,393.9,0,21
PRATA_otc,1785298200,1785298800,1785298860,UP,GREEN,394.47,1,1
PRATA_otc,1785300900,1785301680,1785301740,UP,GREEN,397.47,1,2
PRATA_otc,1785304200,1785304620,1785304680,UP,GREEN,397.05,1,2
PRATA_otc,1785314400,1785314820,1785314880,DOWN,RED,395.46,1,5
PRATA_otc,1785317700,1785318600,1785318660,DOWN,RED,394.44,0,6
PRATA_otc,1785326400,1785327540,1785327600,UP,GREEN,395.89,1,9
PRATA_otc,1785340200,1785340620,1785340680,DOWN,RED,392.82,0,12
PRATA_otc,1785421800,1785422940,1785423000,DOWN,RED,375.12,1,11
PRATA_otc,1785429300,1785429600,1785429660,DOWN,RED,380.12,1,13
PRATA_otc,1785463800,1785464160,1785464220,UP,GREEN,382.7,1,23
PRATA_otc,1785485400,1785486000,1785486060,UP,GREEN,381.47,0,5
PRATA_otc,1785523800,1785525120,1785525180,DOWN,RED,389.74,1,16
PRATA_otc,1785556200,1785556920,1785556980,DOWN,RED,386.86,1,1
PRATA_otc,1785567300,1785567780,1785567840,UP,GREEN,383.78,0,4
PRATA_otc,1785571200,1785571980,1785572040,UP,GREEN,385.98,0,5
PRATA_otc,1785585300,1785586140,1785586200,UP,GREEN,386.54,0,9
PRATA_otc,1785599100,1785600360,1785600420,DOWN,RED,389.16,1,13
PRATA_otc,1785613500,1785614040,1785614100,DOWN,RED,391.2,1,16
PRATA_otc,1785641100,1785641880,1785641940,UP,GREEN,393.4,1,0
PRATA_otc,1785650400,1785650880,1785650940,DOWN,RED,393.48,0,3
PRATA_otc,1785671100,1785671820,1785671880,DOWN,RED,397.37,1,8
PRATA_otc,1785708600,1785708900,1785708960,DOWN,RED,409.34,1,19
PRATA_otc,1785733200,1785733500,1785733560,DOWN,RED,402.71,0,2
PRATA_otc,1785733500,1785734160,1785734220,UP,GREEN,402.0,1,2
PRATA_otc,1785740700,1785741000,1785741060,UP,GREEN,402.8,1,4
PRATA_otc,1785759000,1785759480,1785759540,UP,GREEN,404.31,0,9
PRATA_otc,1785775800,1785776400,1785776460,UP,GREEN,402.09,1,14
PRATA_otc,1785783900,1785784260,1785784320,DOWN,RED,396.89,1,16
PRATA_otc,1785795000,1785795660,1785795720,UP,GREEN,396.09,1,19
PRATA_otc,1785801000,1785801480,1785801540,UP,GREEN,400.3,0,20
PRATA_otc,1785818100,1785818400,1785818460,DOWN,RED,397.8,0,1
PRATA_otc,1785819900,1785820260,1785820320,UP,GREEN,397.11,1,2
PRATA_otc,1785833700,1785834420,1785834480,DOWN,RED,400.17,1,6
PRATA_otc,1785841500,1785842400,1785842460,UP,GREEN,400.45,1,8
PRATA_otc,1785852600,1785853800,1785853860,UP,GREEN,405.7,0,11
PRATA_otc,1785853500,1785854460,1785854520,DOWN,RED,406.85,1,11
PRATA_otc,1785921300,1785921600,1785921660,UP,GREEN,388.01,0,6
PRATA_otc,1785926100,1785926940,1785927000,DOWN,RED,390.39,1,7
PRATA_otc,1785930000,1785931320,1785931380,DOWN,RED,386.17,0,9
PRATA_otc,1785931200,1785932580,1785932640,UP,GREEN,385.4,0,9
PRATA_otc,1785995700,1785996060,1785996120,DOWN,RED,375.15,1,3
PRATA_otc,1785997800,1785999180,1785999240,DOWN,RED,373.3,1,3
PRATA_otc,1786087800,1786088700,1786088760,UP,GREEN,377.66,0,4
PRATA_otc,1786095600,1786096020,1786096080,DOWN,RED,376.59,1,6
PRATA_otc,1786099500,1786099980,1786100040,DOWN,RED,374.09,0,7
PRATA_otc,1786105800,1786106160,1786106220,UP,GREEN,372.02,1,9
PRATA_otc,1786151100,1786152540,1786152600,DOWN,RED,373.42,0,22
PRATA_otc,1786152600,1786153140,1786153200,UP,GREEN,373.14,0,22
PRATA_otc,1786166100,1786166520,1786166580,UP,GREEN,370.61,1,2
PRATA_otc,1786167900,1786168260,1786168320,DOWN,RED,369.63,1,2
PRATA_otc,1786171800,1786172640,1786172700,DOWN,RED,372.09,1,4
PRATA_otc,1786183500,1786183800,1786183860,DOWN,RED,371.93,0,7
PRATA_otc,1786195800,1786196100,1786196160,DOWN,RED,373.64,1,10
PRATA_otc,1786208400,1786208880,1786208940,DOWN,RED,372.87,1,14
PRATA_otc,1786213200,1786213740,1786213800,DOWN,RED,373.0,1,15
PRATA_otc,1786268400,1786268700,1786268760,UP,GREEN,378.4,1,6
PRATA_otc,1786281900,1786283160,1786283220,UP,GREEN,377.74,1,10
PRATA_otc,1786287900,1786288560,1786288620,UP,GREEN,375.13,0,12
PRATA_otc,1786296600,1786297320,1786297380,UP,GREEN,369.05,1,14
PRATA_otc,1786390200,1786390620,1786390680,UP,GREEN,381.0,1,16
PRATA_otc,1786402500,1786403160,1786403220,UP,GREEN,380.88,1,20
PRATA_otc,1786412400,1786412940,1786413000,DOWN,RED,381.82,1,22
PRATA_otc,1786416300,1786417200,1786417260,UP,GREEN,380.7,1,0
PRATA_otc,1786441200,1786441500,1786441560,UP,GREEN,380.84,1,6
PRATA_otc,1786449600,1786450020,1786450080,UP,GREEN,380.82,1,9
PRATA_otc,1786467900,1786468620,1786468680,UP,GREEN,353.83,1,14
SHIBA_otc,1785229500,1785229920,1785229980,DOWN,RED,70.38,1,6
SHIBA_otc,1785243600,1785244080,1785244140,DOWN,RED,71.76,0,10
SHIBA_otc,1785256200,1785256500,1785256560,DOWN,RED,64.55,1,13
SHIBA_otc,1785265800,1785266160,1785266220,DOWN,RED,68.22,1,16
SHIBA_otc,1785294000,1785294420,1785294480,UP,GREEN,69.64,0,0
SHIBA_otc,1785340500,1785340800,1785340860,DOWN,RED,67.13,0,13
SHIBA_otc,1785353100,1785353400,1785353460,DOWN,RED,63.66,1,16
SHIBA_otc,1785393600,1785393900,1785393960,UP,GREEN,45.82,1,3
SHIBA_otc,1785414300,1785414720,1785414780,DOWN,RED,41.55,0,9
SHIBA_otc,1785441900,1785443280,1785443340,UP,GREEN,48.33,1,17
SHIBA_otc,1785471900,1785472260,1785472320,DOWN,RED,44.77,1,1
SHIBA_otc,1785483600,1785484440,1785484500,UP,GREEN,45.57,1,4
SHIBA_otc,1785485700,1785486240,1785486300,UP,GREEN,46.01,0,5
SHIBA_otc,1785574800,1785575280,1785575340,UP,GREEN,38.37,0,6
SHIBA_otc,1785582000,1785582360,1785582420,UP,GREEN,38.08,1,8
SHIBA_otc,1785588600,1785589080,1785589140,UP,GREEN,36.89,1,9
SHIBA_otc,1785592200,1785592680,1785592740,DOWN,RED,38.47,1,10
SHIBA_otc,1785594000,1785594720,1785594780,UP,GREEN,37.87,1,11
SHIBA_otc,1785627900,1785629340,1785629400,DOWN,RED,34.68,1,21
SHIBA_otc,1785652200,1785652500,1785652560,DOWN,RED,39.91,1,3
SHIBA_otc,1785653400,1785653760,1785653820,DOWN,RED,39.76,0,3
SHIBA_otc,1785662100,1785662580,1785662640,DOWN,RED,42.74,1,6
SHIBA_otc,1785696300,1785696840,1785696900,DOWN,RED,42.65,1,15
SHIBA_otc,1785713100,1785713400,1785713460,DOWN,RED,44.14,0,20
SHIBA_otc,1785717600,1785717900,1785717960,DOWN,RED,44.29,0,21
SHIBA_otc,1785724200,1785724800,1785724860,UP,GREEN,37.33,0,23
SHIBA_otc,1785728400,1785728760,1785728820,DOWN,RED,35.59,0,0
SHIBA_otc,1785737400,1785737760,1785737820,UP,GREEN,38.68,0,3
SHIBA_otc,1785751800,1785752580,1785752640,UP,GREEN,38.53,1,7
SHIBA_otc,1785816300,1785816660,1785816720,UP,GREEN,43.88,1,1
SHIBA_otc,1785817200,1785817980,1785818040,DOWN,RED,44.94,1,1
SHIBA_otc,1785825600,1785826560,1785826620,UP,GREEN,40.61,1,3
SHIBA_otc,1785831900,1785832860,1785832920,DOWN,RED,46.06,0,5
SHIBA_otc,1785842400,1785842940,1785843000,DOWN,RED,46.13,1,8
SHIBA_otc,1785846900,1785847200,1785847260,UP,GREEN,48.79,0,9
SHIBA_otc,1785854100,1785854700,1785854760,UP,GREEN,43.98,1,11
SHIBA_otc,1785861600,1785862500,1785862560,DOWN,RED,39.58,0,13
SHIBA_otc,1785870300,1785871500,1785871560,UP,GREEN,37.56,1,16
SHIBA_otc,1785893100,1785893580,1785893640,UP,GREEN,40.11,1,22
SHIBA_otc,1785907500,1785908040,1785908100,UP,GREEN,45.55,0,2
SHIBA_otc,1785909300,1785909900,1785909960,UP,GREEN,47.0,1,3
SHIBA_otc,1785914700,1785915060,1785915120,DOWN,RED,47.74,0,4
SHIBA_otc,1785932100,1785932460,1785932520,DOWN,RED,47.28,1,9
SHIBA_otc,1785949200,1785949980,1785950040,UP,GREEN,35.27,0,14
SHIBA_otc,1785960300,1785960780,1785960840,UP,GREEN,34.14,1,17
SHIBA_otc,1785988500,1785989280,1785989340,UP,GREEN,33.64,1,1
SHIBA_otc,1785990300,1785990660,1785990720,DOWN,RED,35.54,0,1
SHIBA_otc,1785990900,1785991200,1785991260,UP,GREEN,35.16,1,1
SHIBA_otc,1786015200,1786015620,1786015680,DOWN,RED,41.03,1,8
SHIBA_otc,1786043100,1786044000,1786044060,DOWN,RED,42.41,1,16
SHIBA_otc,1786118400,1786118880,1786118940,DOWN,RED,38.8,1,13
SHIBA_otc,1786124400,1786124700,1786124760,UP,GREEN,32.22,1,14
SHIBA_otc,1786151100,1786151580,1786151640,UP,GREEN,44.46,1,22
SHIBA_otc,1786155600,1786156080,1786156140,DOWN,RED,44.14,1,23
SHIBA_otc,1786158600,1786159500,1786159560,UP,GREEN,45.01,1,0
SHIBA_otc,1786159500,1786160760,1786160820,DOWN,RED,45.68,1,0
SHIBA_otc,1786167300,1786167600,1786167660,UP,GREEN,47.37,0,2
SHIBA_otc,1786171500,1786172820,1786172880,UP,GREEN,44.34,0,4
SHIBA_otc,1786228800,1786229940,1786230000,UP,GREEN,48.69,0,20
SHIBA_otc,1786268400,1786269060,1786269120,UP,GREEN,43.98,0,6
SHIBA_otc,1786281300,1786282020,1786282080,DOWN,RED,40.6,1,10
SHIBA_otc,1786308600,1786309860,1786309920,UP,GREEN,35.19,0,18
SHIBA_otc,1786323300,1786323960,1786324020,UP,GREEN,37.54,0,22
SHIBA_otc,1786326900,1786327500,1786327560,DOWN,RED,36.82,1,23
SHIBA_otc,1786344300,1786345440,1786345500,DOWN,RED,38.03,1,4
SHIBA_otc,1786364700,1786365600,1786365660,DOWN,RED,43.57,1,9
SHIBA_otc,1786383300,1786383720,1786383780,UP,GREEN,41.36,1,14
SHIBA_otc,1786387200,1786387620,1786387680,DOWN,RED,42.56,1,15
SHIBA_otc,1786388400,1786389060,1786389120,DOWN,RED,42.65,1,16
SHIBA_otc,1786396800,1786397100,1786397160,UP,GREEN,41.43,1,18
SHIBA_otc,1786409700,1786410960,1786411020,DOWN,RED,42.8,1,22
SHIBA_otc,1786415400,1786416540,1786416600,UP,GREEN,41.47,1,23
SHIBA_otc,1786423800,1786424220,1786424280,UP,GREEN,41.47,1,1
SHIBA_otc,1786455900,1786456200,1786456260,DOWN,RED,42.52,1,10
SHIBA_otc,1786475700,1786476000,1786476060,UP,GREEN,37.45,0,16
SHIBA_otc,1786477500,1786478940,1786479000,DOWN,RED,38.76,0,17
SOLANA_otc,1785786000,1785787080,1785787140,DOWN,RED,9.99,0,16
SOLANA_otc,1785789900,1785790380,1785790440,DOWN,RED,9.99,0,17
SOLANA_otc,1785805500,1785806040,1785806100,DOWN,RED,9.84,1,22
SOLANA_otc,1785844500,1785844800,1785844860,DOWN,RED,7.34,1,9
SOLANA_otc,1785847800,1785848100,1785848160,UP,GREEN,7.38,0,9
SOLANA_otc,1785850500,1785850920,1785850980,UP,GREEN,7.83,1,10
SOLANA_otc,1785955500,1785956100,1785956160,UP,GREEN,11.46,0,15
SOLANA_otc,1785993900,1785994500,1785994560,DOWN,RED,9.28,0,2
SOLANA_otc,1785994500,1785995400,1785995460,UP,GREEN,8.49,1,2
SOLANA_otc,1785996900,1785997200,1785997260,UP,GREEN,8.48,1,3
SOLANA_otc,1786031400,1786032660,1786032720,UP,GREEN,7.69,0,13
SOLANA_otc,1786062600,1786062900,1786062960,UP,GREEN,3.48,1,21
SOLANA_otc,1786069800,1786070400,1786070460,UP,GREEN,8.87,1,23
SOLANA_otc,1786070100,1786070760,1786070820,DOWN,RED,9.88,0,23
SOLANA_otc,1786082400,1786082820,1786082880,UP,GREEN,7.4,1,3
SOLANA_otc,1786116900,1786117620,1786117680,DOWN,RED,8.25,1,12
SOLANA_otc,1786124400,1786124700,1786124760,UP,GREEN,6.48,1,14
SOLANA_otc,1786152600,1786152900,1786152960,UP,GREEN,6.91,0,22
SOLANA_otc,1786262400,1786263720,1786263780,UP,GREEN,7.22,1,5
SOLANA_otc,1786279800,1786280580,1786280640,DOWN,RED,3.83,1,10
SOLANA_otc,1786291500,1786291860,1786291920,UP,GREEN,7.21,1,13
SOLANA_otc,1786379700,1786380120,1786380180,DOWN,RED,7.59,1,13
SOLANA_otc,1786385100,1786385760,1786385820,DOWN,RED,7.54,1,15
SOLANA_otc,1786386600,1786387020,1786387080,UP,GREEN,6.74,1,15
SOLANA_otc,1786387500,1786387920,1786387980,DOWN,RED,8.02,1,15
SOLANA_otc,1786387800,1786388100,1786388160,UP,GREEN,6.88,1,15
SOLANA_otc,1786392000,1786392420,1786392480,UP,GREEN,6.43,1,17
SOLANA_otc,1786402800,1786403100,1786403160,UP,GREEN,6.62,1,20
SOLANA_otc,1786408800,1786409460,1786409520,UP,GREEN,6.48,1,21
SOLANA_otc,1786413000,1786413660,1786413720,UP,GREEN,6.67,1,23
SOLANA_otc,1786453800,1786454580,1786454640,DOWN,RED,7.66,1,10
SPACEX_otc,1785213600,1785213960,1785214020,UP,GREEN,18.12,0,1
SPACEX_otc,1785225000,1785225660,1785225720,UP,GREEN,14.39,1,5
SPACEX_otc,1785244800,1785245100,1785245160,DOWN,RED,16.79,1,10
SPACEX_otc,1785247800,1785248760,1785248820,UP,GREEN,15.58,0,11
SPACEX_otc,1785254700,1785255720,1785255780,UP,GREEN,14.52,0,13
SPACEX_otc,1785286800,1785287100,1785287160,UP,GREEN,19.99,1,22
SPACEX_otc,1785305700,1785306360,1785306420,DOWN,RED,12.45,1,3
SPACEX_otc,1785310800,1785311400,1785311460,DOWN,RED,12.95,1,4
SPACEX_otc,1785343500,1785343800,1785343860,UP,GREEN,16.41,0,13
SPACEX_otc,1785344700,1785345120,1785345180,UP,GREEN,16.55,0,14
SPACEX_otc,1785389700,1785390360,1785390420,UP,GREEN,14.49,0,2
SPACEX_otc,1785411000,1785411360,1785411420,UP,GREEN,13.35,0,8
SPACEX_otc,1785412200,1785412560,1785412620,UP,GREEN,13.09,0,8
SPACEX_otc,1785491100,1785491460,1785491520,UP,GREEN,6.17,0,6
SPACEX_otc,1785493800,1785494580,1785494640,DOWN,RED,4.64,1,7
SPACEX_otc,1785510900,1785511920,1785511980,UP,GREEN,7.28,1,12
SPACEX_otc,1785555300,1785556020,1785556080,UP,GREEN,5.69,1,0
SPACEX_otc,1785562800,1785563220,1785563280,DOWN,RED,7.39,1,2
SPACEX_otc,1785596100,1785597420,1785597480,DOWN,RED,5.88,1,12
SPACEX_otc,1785598800,1785599280,1785599340,DOWN,RED,6.19,0,12
SPACEX_otc,1785627900,1785628260,1785628320,UP,GREEN,5.72,1,20
SPACEX_otc,1785630000,1785630840,1785630900,UP,GREEN,5.66,1,21
SPACEX_otc,1785636300,1785636900,1785636960,DOWN,RED,4.87,1,23
SPACEX_otc,1785649200,1785649740,1785649800,UP,GREEN,6.51,0,2
SPACEX_otc,1785661200,1785662640,1785662700,UP,GREEN,9.64,1,6
SPACEX_otc,1785675300,1785675720,1785675780,DOWN,RED,8.59,0,10
SPACEX_otc,1785678000,1785678420,1785678480,DOWN,RED,7.07,1,10
SPACEX_otc,1785680400,1785681480,1785681540,UP,GREEN,3.66,1,11
SPACEX_otc,1785734100,1785734520,1785734580,DOWN,RED,10.3,0,2
SPACEX_otc,1785741000,1785742200,1785742260,DOWN,RED,8.01,1,4
SPACEX_otc,1785753600,1785753960,1785754020,UP,GREEN,5.56,0,7
SPACEX_otc,1785808200,1785808620,1785808680,DOWN,RED,5.85,1,22
SPACEX_otc,1785824100,1785824460,1785824520,DOWN,RED,7.77,1,3
SPACEX_otc,1785839100,1785839460,1785839520,UP,GREEN,7.1,1,7
SPACEX_otc,1785851700,1785852480,1785852540,UP,GREEN,9.96,0,11
SPACEX_otc,1785893700,1785894300,1785894360,UP,GREEN,5.4,0,22
SPACEX_otc,1785921900,1785922320,1785922380,UP,GREEN,7.3,1,6
SPACEX_otc,1785967800,1785968520,1785968580,DOWN,RED,10.27,0,19
SPACEX_otc,1785990600,1785990900,1785990960,DOWN,RED,8.2,1,1
SPACEX_otc,1786020900,1786021380,1786021440,DOWN,RED,5.2,0,10
SPACEX_otc,1786053900,1786054320,1786054380,DOWN,RED,8.18,1,19
SPACEX_otc,1786060200,1786060800,1786060860,UP,GREEN,6.32,0,21
SPACEX_otc,1786061100,1786061400,1786061460,UP,GREEN,5.64,1,21
SPACEX_otc,1786067100,1786068000,1786068060,UP,GREEN,9.78,0,23
SPACEX_otc,1786072200,1786072500,1786072560,DOWN,RED,8.02,0,0
SPACEX_otc,1786071600,1786072920,1786072980,UP,GREEN,6.92,1,0
SPACEX_otc,1786101000,1786101780,1786101840,DOWN,RED,7.54,1,8
SPACEX_otc,1786112400,1786113120,1786113180,UP,GREEN,9.12,0,11
SPACEX_otc,1786133700,1786134300,1786134360,UP,GREEN,9.35,0,17
SPACEX_otc,1786161300,1786162320,1786162380,UP,GREEN,5.21,0,1
SPACEX_otc,1786164000,1786164720,1786164780,DOWN,RED,5.84,0,1
SPACEX_otc,1786182600,1786184040,1786184100,UP,GREEN,5.12,1,7
SPACEX_otc,1786184700,1786185720,1786185780,DOWN,RED,6.54,0,7
SPACEX_otc,1786186200,1786186740,1786186800,UP,GREEN,5.7,1,8
SPACEX_otc,1786203300,1786204680,1786204740,UP,GREEN,6.98,1,12
SPACEX_otc,1786209900,1786210500,1786210560,DOWN,RED,9.34,1,14
SPACEX_otc,1786246500,1786246860,1786246920,UP,GREEN,8.81,1,0
SPACEX_otc,1786247400,1786248000,1786248060,UP,GREEN,9.58,0,1
SPACEX_otc,1786248300,1786248660,1786248720,DOWN,RED,9.7,1,1
SPACEX_otc,1786258200,1786258860,1786258920,UP,GREEN,7.77,1,4
SPACEX_otc,1786299300,1786300080,1786300140,UP,GREEN,4.62,0,15
SPACEX_otc,1786370400,1786371780,1786371840,UP,GREEN,7.33,1,11
SPACEX_otc,1786376100,1786376400,1786376460,DOWN,RED,7.92,1,12
SPACEX_otc,1786389000,1786389780,1786389840,UP,GREEN,6.98,1,16
SPACEX_otc,1786400400,1786401060,1786401120,DOWN,RED,8.26,1,19
SPACEX_otc,1786408800,1786409460,1786409520,DOWN,RED,7.95,1,21
SPACEX_otc,1786428900,1786429200,1786429260,UP,GREEN,6.91,1,3
SPACEX_otc,1786437300,1786438560,1786438620,DOWN,RED,8.08,1,5
SPACEX_otc,1786446000,1786446540,1786446600,UP,GREEN,6.72,1,8
SPACEX_otc,1786461000,1786461300,1786461360,DOWN,RED,6.9,0,12
SPOTIFY_otc,1785479400,1785480360,1785480420,UP,GREEN,490.06278,1,3
SPOTIFY_otc,1785492300,1785493080,1785493140,UP,GREEN,493.18887,0,7
SPOTIFY_otc,1785503100,1785504420,1785504480,DOWN,RED,490.37,0,10
SPOTIFY_otc,1785515700,1785516000,1785516060,UP,GREEN,485.38,0,13
SPOTIFY_otc,1785549600,1785550020,1785550080,DOWN,RED,476.47,1,23
SPOTIFY_otc,1785561600,1785562260,1785562320,UP,GREEN,476.84,1,2
SPOTIFY_otc,1785576900,1785577560,1785577620,UP,GREEN,477.46,0,6
SPOTIFY_otc,1785586800,1785588060,1785588120,DOWN,RED,477.13,1,9
SPOTIFY_otc,1785594000,1785594300,1785594360,UP,GREEN,475.02,0,11
SPOTIFY_otc,1785601500,1785602220,1785602280,UP,GREEN,470.14,1,13
SPOTIFY_otc,1785609300,1785609840,1785609900,DOWN,RED,470.72,1,15
SPOTIFY_otc,1785627600,1785628860,1785628920,UP,GREEN,472.15,0,21
SPOTIFY_otc,1785646200,1785646560,1785646620,DOWN,RED,469.63,1,1
SPOTIFY_otc,1785653700,1785654120,1785654180,DOWN,RED,469.11,1,4
SPOTIFY_otc,1785655800,1785656220,1785656280,UP,GREEN,467.76,0,4
SPOTIFY_otc,1785657300,1785658020,1785658080,UP,GREEN,468.77,1,5
SPOTIFY_otc,1785663600,1785663900,1785663960,UP,GREEN,475.67,0,6
SPOTIFY_otc,1785713700,1785714600,1785714660,DOWN,RED,478.27,1,20
SPOTIFY_otc,1785742500,1785742920,1785742980,DOWN,RED,473.3,0,4
SPOTIFY_otc,1785743700,1785745140,1785745200,DOWN,RED,471.66,1,5
SPOTIFY_otc,1785756300,1785757500,1785757560,UP,GREEN,467.3,0,8
SPOTIFY_otc,1785770700,1785771120,1785771180,UP,GREEN,479.94,1,12
SPOTIFY_otc,1785773400,1785773880,1785773940,UP,GREEN,479.26,1,13
SPOTIFY_otc,1785858000,1785858300,1785858360,DOWN,RED,465.86,1,12
SPOTIFY_otc,1785873300,1785873900,1785873960,DOWN,RED,450.76,0,17
SPOTIFY_otc,1785900000,1785900540,1785900600,DOWN,RED,451.76,0,0
SPOTIFY_otc,1785901800,1785902160,1785902220,DOWN,RED,451.75,1,0
SPOTIFY_otc,1785909000,1785909300,1785909360,UP,GREEN,449.88,1,2
SPOTIFY_otc,1785935400,1785936060,1785936120,DOWN,RED,453.59,1,10
SPOTIFY_otc,1785955200,1785955500,1785955560,DOWN,RED,458.94,0,15
SPOTIFY_otc,1785961800,1785963060,1785963120,DOWN,RED,456.43,1,17
SPOTIFY_otc,1785987900,1785988380,1785988440,UP,GREEN,449.95,1,0
SPOTIFY_otc,1786007700,1786008240,1786008300,UP,GREEN,454.49,1,6
SPOTIFY_otc,1786008300,1786009140,1786009200,UP,GREEN,454.52,0,6
SPOTIFY_otc,1786049400,1786050300,1786050360,UP,GREEN,460.09,1,18
SPOTIFY_otc,1786055100,1786055640,1786055700,UP,GREEN,464.06,1,19
SPOTIFY_otc,1786058100,1786058460,1786058520,UP,GREEN,464.45,1,20
SPOTIFY_otc,1786082100,1786083240,1786083300,UP,GREEN,461.83,1,3
SPOTIFY_otc,1786131600,1786132320,1786132380,UP,GREEN,449.52,0,16
SPOTIFY_otc,1786152300,1786153680,1786153740,UP,GREEN,455.94,1,22
SPOTIFY_otc,1786159500,1786160160,1786160220,DOWN,RED,453.8,0,0
SPOTIFY_otc,1786176000,1786176420,1786176480,DOWN,RED,458.39,0,5
SPOTIFY_otc,1786181100,1786181640,1786181700,DOWN,RED,455.65,1,6
SPOTIFY_otc,1786196700,1786197120,1786197180,DOWN,RED,447.36,0,10
SPOTIFY_otc,1786201200,1786201500,1786201560,DOWN,RED,447.16,1,12
SPOTIFY_otc,1786262100,1786262760,1786262820,UP,GREEN,468.65,1,5
SPOTIFY_otc,1786266000,1786266540,1786266600,DOWN,RED,467.18,0,6
SPOTIFY_otc,1786288800,1786289220,1786289280,UP,GREEN,460.15,1,12
SPOTIFY_otc,1786304400,1786305420,1786305480,UP,GREEN,460.24,1,16
SPOTIFY_otc,1786310400,1786310820,1786310880,UP,GREEN,459.67,1,18
SPOTIFY_otc,1786311000,1786312140,1786312200,DOWN,RED,460.59,1,18
SPOTIFY_otc,1786324800,1786326000,1786326060,UP,GREEN,462.83,1,22
SPOTIFY_otc,1786337400,1786338240,1786338300,UP,GREEN,463.44,0,2
SPOTIFY_otc,1786355100,1786355760,1786355820,UP,GREEN,462.95,1,6
SPOTIFY_otc,1786380600,1786380900,1786380960,UP,GREEN,489.55,1,13
SPOTIFY_otc,1786391700,1786392120,1786392180,DOWN,RED,490.91,1,17
SPOTIFY_otc,1786424100,1786424400,1786424460,UP,GREEN,489.64,1,2
SPOTIFY_otc,1786425300,1786426440,1786426500,UP,GREEN,489.48,1,2
SPOTIFY_otc,1786446600,1786447260,1786447320,UP,GREEN,489.6,1,8
SPOTIFY_otc,1786454700,1786455000,1786455060,DOWN,RED,490.83,1,10
SPOTIFY_otc,1786476900,1786478220,1786478280,UP,GREEN,451.99,1,16
SPOTIFY_otc,1786480500,1786480860,1786480920,UP,GREEN,452.2,0,17
SPOTIFY_otc,1786486200,1786486740,1786486800,UP,GREEN,455.35,0,19
STARBUCKS_otc,1785198000,1785198300,1785198360,UP,GREEN,437.08,1,21
STARBUCKS_otc,1785214800,1785215160,1785215220,DOWN,RED,436.39,0,2
STARBUCKS_otc,1785227700,1785228420,1785228480,DOWN,RED,443.61,1,5
STARBUCKS_otc,1785231600,1785232920,1785232980,UP,GREEN,442.56,0,7
STARBUCKS_otc,1785237300,1785237600,1785237660,DOWN,RED,442.4,1,8
STARBUCKS_otc,1785249900,1785250320,1785250380,UP,GREEN,446.59,0,11
STARBUCKS_otc,1785260400,1785261420,1785261480,DOWN,RED,444.18,0,14
STARBUCKS_otc,1785304800,1785306000,1785306060,DOWN,RED,442.6,1,3
STARBUCKS_otc,1785342300,1785342600,1785342660,DOWN,RED,438.41,1,13
STARBUCKS_otc,1785345300,1785345600,1785345660,UP,GREEN,435.39,1,14
STARBUCKS_otc,1785358500,1785359400,1785359460,UP,GREEN,441.49,1,18
STARBUCKS_otc,1785400800,1785401100,1785401160,DOWN,RED,450.69,0,5
STARBUCKS_otc,1785425100,1785426120,1785426180,DOWN,RED,456.79,1,12
STARBUCKS_otc,1785427500,1785427800,1785427860,DOWN,RED,455.41,1,13
STARBUCKS_otc,1785460500,1785461520,1785461580,DOWN,RED,451.06,1,22
STARBUCKS_otc,1785505800,1785506340,1785506400,DOWN,RED,439.86,0,11
STARBUCKS_otc,1785562800,1785563760,1785563820,DOWN,RED,436.75,1,2
STARBUCKS_otc,1785567300,1785567840,1785567900,DOWN,RED,433.87,1,4
STARBUCKS_otc,1785578100,1785578460,1785578520,DOWN,RED,438.94,1,7
STARBUCKS_otc,1785594300,1785595080,1785595140,DOWN,RED,434.61,0,11
STARBUCKS_otc,1785600600,1785601020,1785601080,DOWN,RED,433.66,1,13
STARBUCKS_otc,1785601500,1785602220,1785602280,DOWN,RED,433.99,0,13
STARBUCKS_otc,1785603600,1785604020,1785604080,UP,GREEN,433.47,0,14
STARBUCKS_otc,1785603300,1785604080,1785604140,UP,GREEN,433.1,1,14
STARBUCKS_otc,1785604500,1785604920,1785604980,UP,GREEN,433.28,0,14
STARBUCKS_otc,1785606000,1785606480,1785606540,UP,GREEN,432.39,1,14
STARBUCKS_otc,1785658500,1785658980,1785659040,UP,GREEN,429.65,0,5
STARBUCKS_otc,1785702300,1785702900,1785702960,UP,GREEN,433.7,1,17
STARBUCKS_otc,1785724800,1785725160,1785725220,DOWN,RED,432.6,1,23
STARBUCKS_otc,1785740100,1785740640,1785740700,UP,GREEN,428.92,1,4
STARBUCKS_otc,1785799200,1785799500,1785799560,UP,GREEN,424.46,1,20
STARBUCKS_otc,1785818400,1785818760,1785818820,UP,GREEN,429.82,1,1
STARBUCKS_otc,1785830100,1785831240,1785831300,DOWN,RED,428.19,1,5
STARBUCKS_otc,1785834900,1785835200,1785835260,DOWN,RED,430.81,1,6
STARBUCKS_otc,1785890100,1785890640,1785890700,UP,GREEN,436.71,1,21
STARBUCKS_otc,1785996600,1785997140,1785997200,DOWN,RED,450.78,0,3
STARBUCKS_otc,1786028100,1786029000,1786029060,DOWN,RED,444.27,0,12
STARBUCKS_otc,1786047300,1786048080,1786048140,DOWN,RED,448.76,0,17
STARBUCKS_otc,1786068600,1786068960,1786069020,DOWN,RED,457.59,0,23
STARBUCKS_otc,1786108800,1786109400,1786109460,UP,GREEN,475.48,0,10
STARBUCKS_otc,1786113000,1786113420,1786113480,DOWN,RED,477.71,1,11
STARBUCKS_otc,1786138500,1786139100,1786139160,DOWN,RED,468.23,0,18
STARBUCKS_otc,1786138800,1786139760,1786139820,UP,GREEN,466.96,1,18
STARBUCKS_otc,1786143300,1786144080,1786144140,UP,GREEN,465.15,0,20
STARBUCKS_otc,1786154400,1786155300,1786155360,DOWN,RED,470.35,1,23
STARBUCKS_otc,1786172400,1786172700,1786172760,UP,GREEN,465.0,1,4
STARBUCKS_otc,1786261500,1786262040,1786262100,UP,GREEN,470.56,0,4
STARBUCKS_otc,1786268700,1786269000,1786269060,UP,GREEN,471.18,0,6
STARBUCKS_otc,1786344000,1786345140,1786345200,UP,GREEN,467.17,1,4
STARBUCKS_otc,1786365600,1786365900,1786365960,DOWN,RED,469.43,0,9
STARBUCKS_otc,1786380300,1786380720,1786380780,UP,GREEN,440.76,1,13
STARBUCKS_otc,1786380000,1786381020,1786381080,DOWN,RED,441.79,1,13
STARBUCKS_otc,1786382100,1786382400,1786382460,UP,GREEN,440.45,1,14
STARBUCKS_otc,1786431300,1786432080,1786432140,UP,GREEN,440.74,1,4
STARBUCKS_otc,1786482000,1786482540,1786482600,DOWN,RED,451.08,1,18
STARBUCKS_otc,1786482600,1786483140,1786483200,DOWN,RED,451.02,1,18
SUI_otc,1785212700,1785213000,1785213060,DOWN,RED,393.56,1,1
SUI_otc,1785256500,1785256800,1785256860,DOWN,RED,400.57,1,13
SUI_otc,1785257700,1785259020,1785259080,DOWN,RED,400.37,1,14
SUI_otc,1785261000,1785261480,1785261540,DOWN,RED,400.06,0,14
SUI_otc,1785300300,1785301440,1785301500,UP,GREEN,398.83,0,2
SUI_otc,1785304200,1785305460,1785305520,UP,GREEN,396.65,1,3
SUI_otc,1785352500,1785352980,1785353040,UP,GREEN,385.19,1,16
SUI_otc,1785355800,1785356280,1785356340,DOWN,RED,387.72,1,17
SUI_otc,1785391800,1785392100,1785392160,UP,GREEN,382.94,0,3
SUI_otc,1785404400,1785404820,1785404880,DOWN,RED,381.96,1,6
SUI_otc,1785422700,1785423120,1785423180,UP,GREEN,390.01,1,11
SUI_otc,1785441900,1785442500,1785442560,DOWN,RED,384.53,1,17
SUI_otc,1785447900,1785448380,1785448440,UP,GREEN,385.23,1,18
SUI_otc,1785485700,1785486300,1785486360,DOWN,RED,384.79,1,5
SUI_otc,1785489900,1785490620,1785490680,DOWN,RED,384.31,1,6
SUI_otc,1785510300,1785511320,1785511380,UP,GREEN,381.89,0,12
SUI_otc,1785535800,1785536400,1785536460,DOWN,RED,375.66,1,19
SUI_otc,1785614400,1785614820,1785614880,DOWN,RED,389.63,1,17
SUI_otc,1785617400,1785617880,1785617940,UP,GREEN,390.43,1,17
SUI_otc,1785629400,1785630120,1785630180,DOWN,RED,391.0,1,21
SUI_otc,1785640500,1785640800,1785640860,DOWN,RED,393.67,1,0
SUI_otc,1785674700,1785675180,1785675240,UP,GREEN,402.3,1,9
SUI_otc,1785680700,1785681300,1785681360,DOWN,RED,399.78,0,11
SUI_otc,1785689100,1785690300,1785690360,UP,GREEN,402.58,1,14
SUI_otc,1785692700,1785693840,1785693900,UP,GREEN,405.92,0,15
SUI_otc,1785730800,1785731520,1785731580,DOWN,RED,402.06,1,1
SUI_otc,1785787200,1785788160,1785788220,DOWN,RED,406.9,1,17
SUI_otc,1785794100,1785794700,1785794760,DOWN,RED,414.94,0,19
SUI_otc,1785798300,1785798600,1785798660,DOWN,RED,412.15,0,20
SUI_otc,1785806400,1785806700,1785806760,UP,GREEN,408.04,0,22
SUI_otc,1785840600,1785841260,1785841320,UP,GREEN,397.87,0,8
SUI_otc,1785904800,1785905160,1785905220,DOWN,RED,384.95,1,1
SUI_otc,1785908400,1785909300,1785909360,UP,GREEN,384.09,1,2
SUI_otc,1785953700,1785954120,1785954180,UP,GREEN,388.77,1,15
SUI_otc,1785959400,1785959820,1785959880,UP,GREEN,382.18,1,16
SUI_otc,1785966600,1785967560,1785967620,DOWN,RED,388.07,1,19
SUI_otc,1785966300,1785967740,1785967800,UP,GREEN,386.37,1,19
SUI_otc,1785970500,1785971100,1785971160,UP,GREEN,386.48,1,20
SUI_otc,1785997800,1785998460,1785998520,UP,GREEN,393.31,0,3
SUI_otc,1786012500,1786012860,1786012920,DOWN,RED,394.46,1,7
SUI_otc,1786027500,1786027860,1786027920,UP,GREEN,382.15,0,11
SUI_otc,1786030500,1786031220,1786031280,DOWN,RED,382.56,0,12
SUI_otc,1786071900,1786072260,1786072320,UP,GREEN,379.64,1,0
SUI_otc,1786074600,1786074900,1786074960,DOWN,RED,379.44,0,0
SUI_otc,1786086300,1786087500,1786087560,UP,GREEN,371.13,0,4
SUI_otc,1786115400,1786115880,1786115940,UP,GREEN,377.7,1,12
SUI_otc,1786124400,1786124700,1786124760,DOWN,RED,373.73,0,14
SUI_otc,1786171800,1786173000,1786173060,UP,GREEN,370.95,1,4
SUI_otc,1786174800,1786175280,1786175340,UP,GREEN,372.57,1,4
SUI_otc,1786215900,1786217100,1786217160,DOWN,RED,362.56,0,16
SUI_otc,1786263600,1786264080,1786264140,DOWN,RED,355.77,1,5
SUI_otc,1786291200,1786291560,1786291620,DOWN,RED,349.35,0,13
SUI_otc,1786305000,1786305300,1786305360,UP,GREEN,352.08,0,16
SUI_otc,1786305300,1786306080,1786306140,DOWN,RED,352.79,1,17
SUI_otc,1786311900,1786312200,1786312260,DOWN,RED,355.54,1,18
SUI_otc,1786362300,1786362720,1786362780,UP,GREEN,356.68,0,8
SUI_otc,1786388100,1786388400,1786388460,DOWN,RED,380.84,1,16
SUI_otc,1786416000,1786416660,1786416720,UP,GREEN,379.52,1,23
SUI_otc,1786430700,1786431360,1786431420,DOWN,RED,380.87,1,3
SUI_otc,1786433400,1786434180,1786434240,UP,GREEN,379.65,1,4
SUI_otc,1786434300,1786435080,1786435140,DOWN,RED,380.81,1,4
SUI_otc,1786438200,1786438620,1786438680,UP,GREEN,379.81,1,5
SUI_otc,1786447500,1786447800,1786447860,DOWN,RED,380.78,1,8
TESLA_otc,1786195500,1786196100,1786196160,DOWN,RED,511.2,1,10
TESLA_otc,1786207800,1786208640,1786208700,UP,GREEN,514.79,0,14
TESLA_otc,1786300800,1786301220,1786301280,UP,GREEN,509.43,1,15
TESLA_otc,1786420200,1786420560,1786420620,UP,GREEN,494.91,0,0
TESLA_otc,1786439400,1786439700,1786439760,DOWN,RED,500.72,1,6
TESLA_otc,1786451400,1786451820,1786451880,DOWN,RED,500.36,1,9
TESLA_otc,1786461300,1786461660,1786461720,DOWN,RED,488.06,0,12
TESLA_otc,1786468200,1786469340,1786469400,DOWN,RED,489.16,0,14
TESLA_otc,1786486800,1786487100,1786487160,DOWN,RED,494.68,1,19
VISA_otc,1785422100,1785422520,1785422580,UP,GREEN,506.08514,1,11
VISA_otc,1785469500,1785470400,1785470460,UP,GREEN,506.22,1,1
VISA_otc,1785523500,1785524760,1785524820,DOWN,RED,505.38,1,16
VISA_otc,1785524700,1785525000,1785525060,UP,GREEN,504.51,1,16
VISA_otc,1785570300,1785570660,1785570720,UP,GREEN,510.09,1,4
VISA_otc,1785572700,1785574020,1785574080,UP,GREEN,513.16,0,5
VISA_otc,1785578700,1785579000,1785579060,DOWN,RED,510.46,1,7
VISA_otc,1785612600,1785613080,1785613140,DOWN,RED,504.7,0,16
VISA_otc,1785660000,1785660360,1785660420,UP,GREEN,495.58,1,5
VISA_otc,1785701400,1785702480,1785702540,DOWN,RED,499.55,0,17
VISA_otc,1785742200,1785742560,1785742620,UP,GREEN,511.57,1,4
VISA_otc,1785749700,1785750300,1785750360,UP,GREEN,511.95,0,6
VISA_otc,1785755100,1785756180,1785756240,DOWN,RED,510.24,0,8
VISA_otc,1785757800,1785758160,1785758220,UP,GREEN,508.65,0,8
VISA_otc,1785812100,1785812580,1785812640,DOWN,RED,522.13,1,0
VISA_otc,1785854400,1785854880,1785854940,UP,GREEN,520.29,1,11
VISA_otc,1785864600,1785864900,1785864960,DOWN,RED,522.09,0,14
VISA_otc,1785887400,1785888360,1785888420,UP,GREEN,539.24,1,21
VISA_otc,1785955500,1785955800,1785955860,DOWN,RED,540.24,1,15
VISA_otc,1785985500,1785985860,1785985920,UP,GREEN,543.16,1,0
VISA_otc,1785996600,1785996960,1785997020,UP,GREEN,544.39,1,3
VISA_otc,1786008000,1786009080,1786009140,DOWN,RED,542.29,1,6
VISA_otc,1786024800,1786025280,1786025340,UP,GREEN,547.11,1,11
VISA_otc,1786029900,1786030980,1786031040,DOWN,RED,544.29,1,12
VISA_otc,1786032000,1786033380,1786033440,UP,GREEN,543.56,0,13
VISA_otc,1786087200,1786087620,1786087680,DOWN,RED,536.77,0,4
VISA_otc,1786097700,1786098060,1786098120,UP,GREEN,531.42,1,7
VISA_otc,1786101900,1786102440,1786102500,DOWN,RED,534.77,0,8
VISA_otc,1786124100,1786124460,1786124520,UP,GREEN,538.04,1,14
VISA_otc,1786134300,1786134660,1786134720,DOWN,RED,540.21,0,17
VISA_otc,1786153800,1786154340,1786154400,DOWN,RED,542.46,0,23
VISA_otc,1786164900,1786165620,1786165680,DOWN,RED,542.87,1,2
VISA_otc,1786175400,1786175940,1786176000,UP,GREEN,540.59,1,5
VISA_otc,1786183800,1786184280,1786184340,UP,GREEN,537.45,0,7
VISA_otc,1786202100,1786202580,1786202640,UP,GREEN,538.92,0,12
VISA_otc,1786229700,1786230180,1786230240,UP,GREEN,539.05,0,20
VISA_otc,1786231800,1786233120,1786233180,DOWN,RED,538.32,0,20
VISA_otc,1786255200,1786256100,1786256160,UP,GREEN,547.04,1,3
VISA_otc,1786259100,1786260360,1786260420,UP,GREEN,546.75,0,4
VISA_otc,1786271700,1786272120,1786272180,UP,GREEN,548.68,1,7
VISA_otc,1786292700,1786293720,1786293780,UP,GREEN,545.84,0,13
VISA_otc,1786327800,1786329240,1786329300,UP,GREEN,542.92,1,23
VISA_otc,1786336800,1786337340,1786337400,DOWN,RED,536.71,0,1
VISA_otc,1786362000,1786362780,1786362840,DOWN,RED,541.19,1,8
VISA_otc,1786363800,1786364220,1786364280,DOWN,RED,539.27,1,9
VISA_otc,1786364100,1786364640,1786364700,UP,GREEN,538.42,1,9
VISA_otc,1786443300,1786443960,1786444020,DOWN,RED,511.72,1,7
VISA_otc,1786451100,1786451640,1786451700,DOWN,RED,511.92,1,9
XPL_otc,1786290900,1786291200,1786291260,DOWN,RED,498.98,1,13
XPL_otc,1786399200,1786399620,1786399680,UP,GREEN,499.9,1,19
XPL_otc,1786428900,1786429200,1786429260,DOWN,RED,1.81,1,3
XPL_otc,1786445100,1786446000,1786446060,DOWN,RED,500.75,1,8
