atr_14,std_14,trend_slope,hour_sin,hour_cos,rsi_14,atr_pct,dist_ema9,dist_ema21,body_ratio,avg_body_5,dist_res_h1,dist_sup_h1,command_age_m1,command_body_ratio,command_range_pct,touch_close_level_ratio,touch_body_ratio,direction_up,symbol,from_ts,timeframe,direction,target
0.4528571428571441,0.5131330183346247,-0.5707081327733948,0.0,1.0,50.0,0.1,0.1268368440912118,-0.44459515686676476,0.7352941165657519,0.2160000000000025,36800.000000000065,7699.99999999996,0.0,0.6538461530078952,1.0441767068133325,-0.014705882331322563,0.7352941165657519,0.0,GOLD_otc,1785199800,1m,DOWN,0
0.16214285714285787,0.11611854495950866,-0.013529065700028202,0.0,1.0,50.0,0.1,0.3633397299648863,0.3497615077940768,0.8499999957499912,0.10400000000000062,2200.0000000000596,5999.999999999943,3.0,0.3142857133877522,1.0370370370063144,-0.09999999950001777,0.8499999957499912,0.0,NZDJPY_otc,1785200280,1m,DOWN,1
0.1221428571428572,0.09693092589889961,0.08891076217567624,0.25881904510252074,0.9659258262890683,50.0,0.1,-0.09779024642998185,-0.008966430307739977,0.7777777734567946,0.05799999999999983,5199.99999999996,4299.999999999997,0.0,0.7999999960000072,0.47607712448284245,0.11111111049384471,0.7777777734567946,1.0,CADJPY_otc,1785200400,1m,UP,0
0.1471428571428568,0.11263331539226625,-0.034347340072704485,0.25881904510252074,0.9659258262890683,50.0,0.1,0.05963230286107512,0.025264480678513754,0.1666666638889679,0.05800000000000409,5399.999999999991,5600.000000000023,0.0,0.11999999952000454,0.5982292414310069,-0.3333333277776989,0.1666666638889679,0.0,EURJPY_otc,1785200400,1m,DOWN,0
0.46714285714285453,0.5165656878753001,0.05135265779123205,0.25881904510252074,0.9659258262890683,50.0,0.1,-0.3433820434885595,-0.2922057215030367,0.5185185165980892,0.18200000000000216,16900.00000000012,9599.999999999936,4.0,0.6206896547443547,1.6365688487399968,0.40740740589849495,0.5185185165980892,1.0,NVIDIA_otc,1785200640,1m,UP,0
0.12071428571428607,0.08896227129675184,0.08002668927236892,0.25881904510252074,0.9659258262890683,50.0,0.1,0.19155645960231,0.271736445167386,0.6363636305785183,0.07600000000000051,1300.0000000000255,7000.000000000028,9.0,0.6521739102079422,0.36444303596316346,-0.36363636033057267,0.6363636305785183,0.0,EURNZD_otc,1785200940,1m,DOWN,1
0.13000000000000003,0.088370473911418,-0.10675235388858302,0.25881904510252074,0.9659258262890683,50.0,0.1,0.2248293908805824,0.11783702632500098,0.14285714183675646,0.08800000000000097,4200.000000000017,3999.9999999999854,0.0,0.1333333328888873,0.8941877794070204,-0.1428571418367057,0.14285714183675646,0.0,NZDJPY_otc,1785201600,1m,DOWN,1
0.1442857142857135,0.12602982378616293,0.07463624303338377,0.25881904510252074,0.9659258262890683,50.0,0.1,-0.3219814622730032,-0.24758553410632392,0.8499999957499965,0.08800000000000097,4600.000000000008,8699.999999999975,11.0,0.9374999980468731,0.9702850212053794,0.14999999925000357,0.8499999957499965,1.0,GBPNZD_otc,1785201660,1m,UP,1
0.1571428571428576,0.22151451717373363,0.08575484734094325,0.25881904510252074,0.9659258262890683,50.0,0.1,-0.6656625995617796,-0.5804785901668964,0.7999999946666619,0.11999999999999958,10399.99999999999,2800.0000000000114,2.0,0.6896551712247321,2.4775736863529367,0.1333333324444397,0.7999999946666619,1.0,CHFJPY_otc,1785201720,1m,UP,0
0.1471428571428563,0.16953232373576452,0.12542995376360802,0.25881904510252074,0.9659258262890683,50.0,0.1,0.5367666867506181,0.662869906721236,0.07692307633137356,0.08000000000000043,4799.999999999968,5600.000000000023,9.0,0.9999999980000001,2.1258503400456696,-0.07692307633134624,0.07692307633137356,0.0,CHFJPY_otc,1785203340,1m,DOWN,1
0.43642857142857344,0.18270855913687337,-0.1595620203955272,0.49999999999999994,0.8660254037844387,50.0,0.1,0.2223856499142788,0.062468786482678666,0.46428571345663994,0.3200000000000074,24699.99999999999,7600.000000000051,9.0,0.6774193541103023,1.0739030022970597,-0.3035714280293132,0.46428571345663994,0.0,NVIDIA_otc,1785204540,1m,DOWN,1
0.14214285714285677,0.09280725625219714,0.13837083713882645,0.49999999999999994,0.8660254037844387,50.0,0.1,0.23507507323790913,0.3737711857234796,0.3888888867283973,0.043999999999999775,1400.0000000000057,10899.999999999962,11.0,0.6486486468955416,0.8486238531915559,-0.33333333148149463,0.3888888867283973,0.0,CADJPY_otc,1785204960,1m,DOWN,0
0.18000000000000022,0.13510476195658744,0.07364930417282459,0.49999999999999994,0.8660254037844387,50.0,0.1,-0.4555980008222533,-0.3822842414068596,0.8214285684948834,0.18599999999999994,5399.999999999991,3900.0000000000055,9.0,0.9512195098750663,0.8267795926431313,0.03571428558672744,0.8214285684948834,1.0,GBPNZD_otc,1785205140,1m,UP,1
0.17142857142857132,0.1224026861732338,0.04437619604248304,0.49999999999999994,0.8660254037844387,50.0,0.1,-0.08643538251846092,-0.04209754321077435,0.33333333148149463,0.13600000000000137,3800.0000000000255,6499.999999999985,1.0,0.7894736821329699,0.6004108073850505,0.6666666629629499,0.33333333148149463,1.0,EURNZD_otc,1785205260,1m,UP,1
0.41071428571428675,0.4052627691851922,0.28726235239948195,0.49999999999999994,0.8660254037844387,50.0,0.1,1.2878943933048814,1.5788563814349919,0.6599999986799966,0.2059999999999988,5499.999999999971,30700.0,16.0,0.5811965806998308,2.562979189429073,-0.0799999998399983,0.6599999986799966,0.0,ETHEREUM_otc,1785205560,1m,DOWN,1
0.14071428571428563,0.10328664903121752,-0.07101041798182266,0.49999999999999994,0.8660254037844387,50.0,0.1,-0.36811638841251465,-0.4388654054082659,0.6399999974400147,0.09400000000000261,6499.999999999985,5799.999999999983,1.0,0.5714285693877551,0.8714596949619654,0.07999999967998407,0.6399999974400147,1.0,EURCHF_otc,1785205560,1m,UP,0
0.13928571428571399,0.073109882676414,0.13640827446064133,0.49999999999999994,0.8660254037844387,50.0,0.1,-0.17719209306587066,-0.041025523281861175,0.7999999959999716,0.047999999999998974,1999.9999999999573,10600.000000000022,1.0,0.608695649527421,0.5601558694456779,0.14999999925000357,0.7999999959999716,1.0,GBPCAD_otc,1785205560,1m,UP,0
0.1307142857142856,0.06979168375165162,0.05162704640024788,0.49999999999999994,0.8660254037844387,50.0,0.1,-0.28893492096968176,-0.2374570431351494,0.7333333284444477,0.05999999999999943,2999.9999999999714,4299.999999999997,2.0,0.7666666641111134,0.8746355684876325,0.06666666622225696,0.7333333284444477,1.0,NZDJPY_otc,1785207120,1m,UP,1
0.15428571428571455,0.11761597035930284,-0.15654604279171033,0.7071067811865476,0.7071067811865476,50.0,0.1,0.7623113408670106,0.6045719298374205,0.3333333314814749,0.07999999999999971,4299.999999999997,4600.000000000008,9.0,0.9024390221891752,1.7672413792341715,-0.11111111049382497,0.3333333314814749,0.0,CHFJPY_otc,1785208740,1m,DOWN,1
0.14785714285714238,0.09187904136228431,0.14061140302208378,0.7071067811865476,0.7071067811865476,50.0,0.1,0.23038449418330686,0.3713198440750071,0.6153846130177262,0.08799999999999812,1600.0000000000368,11699.999999999945,10.0,0.5357142838010132,0.6677796327052787,-0.230769229881661,0.6153846130177262,0.0,GBPCAD_otc,1785209400,1m,DOWN,0
0.1585714285714285,0.14715059192288102,0.02034905722282004,0.7071067811865476,0.7071067811865476,50.0,0.1,-0.3024062914906218,-0.2821187710971026,0.24999999874999113,0.12199999999999847,5599.999999999952,8800.000000000025,14.0,0.9756097537180296,0.6578947368315431,0.1499999992500089,0.24999999874999113,1.0,EURCAD_otc,1785209640,1m,UP,1
0.31357142857142356,0.24525384920313711,0.05891472501781571,0.7071067811865476,0.7071067811865476,50.0,0.1,0.09663595167869667,0.1556076095017122,0.9148936150746558,0.2060000000000059,36.000000000001364,231.00000000000023,1.0,0.33707865130667114,0.24934861177191406,-0.0851063827976846,0.9148936150746558,0.0,AMZN_otc,1785209760,1m,DOWN,0
0.48857142857143493,0.43931515133789967,-0.002348277788827204,0.7071067811865476,0.7071067811865476,50.0,0.1,-0.09209672502631476,-0.09444284012820393,0.5121951207019529,0.29000000000002046,242.0000000000016,65.00000000000341,1.0,0.9266055037370758,0.2560789380940846,0.07317073152892964,0.5121951207019529,1.0,NETFLIX_otc,1785209760,1m,UP,1
0.5085714285714279,0.3085244927658042,-0.039668450489630004,0.7071067811865476,0.7071067811865476,50.0,0.1,0.40706285429407496,0.36723292827762755,0.599999998909091,0.16599999999999965,23200.000000000073,12099.999999999936,3.0,0.805555554809663,1.271186440663002,-0.19999999963636364,0.599999998909091,0.0,NVIDIA_otc,1785209880,1m,DOWN,1
0.16785714285714246,0.1381450901555734,-0.2087075804090039,0.8660254037844386,0.5000000000000001,50.0,0.1,-0.47987422255775436,-0.6875802690878514,0.41379310202139546,0.08999999999999915,11099.999999999995,399.9999999999915,5.0,0.9999999978723404,1.1883691529408908,0.03448275850180133,0.41379310202139546,1.0,EURJPY_otc,1785211200,1m,UP,0
0.461428571428574,0.34293817723598363,0.0013869577955217894,0.8660254037844386,0.5000000000000001,50.0,0.1,0.12276736047597647,0.12415602100297474,0.7868852446116559,0.28599999999999,93.99999999999977,263.99999999999864,10.0,0.38211382082756623,0.26268580215218507,-0.14754098336474955,0.7868852446116559,0.0,LINK_otc,1785211200,1m,DOWN,1
0.4828571428571412,0.5033956126713137,0.10059389636653837,0.8660254037844386,0.5000000000000001,50.0,0.1,0.654635062314274,0.7558874815969758,0.627906975283918,0.24799999999999614,14699.999999999987,17099.999999999938,11.0,0.8688524585416133,2.5512337933563165,-0.27906976679286716,0.627906975283918,0.0,GOLD_otc,1785211260,1m,DOWN,1
0.509999999999999,0.35990230663995293,0.06077891932698349,0.8660254037844386,0.5000000000000001,50.0,0.1,-0.05928661510036775,0.00145627046265218,0.6666666654970761,0.403999999999985,97.00000000000273,299.0000000000009,4.0,0.9368421042770052,0.22199892505731517,0.15789473656505498,0.6666666654970761,1.0,NETFLIX_otc,1785212340,1m,UP,1
0.5071428571428547,0.23922493897652206,0.01737156997970108,0.8660254037844386,0.5000000000000001,50.0,0.1,0.08018095236461797,0.09756645103456946,0.7611940287146687,0.3039999999999964,37.999999999999545,218.99999999999977,0.0,0.5544554449955958,0.2566317715208417,-0.07462686556027993,0.7611940287146687,0.0,SUI_otc,1785213000,1m,DOWN,1
0.5207142857142912,0.32367735936594544,0.07799078947314467,0.8660254037844386,0.5000000000000001,50.0,0.1,-0.07319556171351435,0.004738141963190645,0.7575757564278869,0.42800000000002003,113.99999999999864,303.00000000000296,1.0,0.48695652131570155,0.2855936623034051,0.015151515128543956,0.7575757564278869,1.0,PRATA_otc,1785213660,1m,UP,1
0.4885714285714288,0.32372234066563077,-0.1456258632542056,0.8660254037844386,0.5000000000000001,50.0,0.1,-0.17320134838932474,-0.31857498568477044,0.03773584898540318,0.2,32200.000000000022,8799.999999999989,1.0,0.5243902432629383,4.52538631321604,0.3584905653613335,0.03773584898540318,1.0,SPACEX_otc,1785213960,1m,UP,0
0.10714285714285714,0.08783100656536943,-7.857431346491442,0.9659258262890683,0.25881904510252074,50.0,0.1,-84.92471604784785,-86.10924613467684,0.7333333284444447,0.072,8300.0,199.99999999999997,13.0,0.9615384578402366,2599.999740000026,0.13333333244444442,0.7333333284444447,1.0,FORD_otc,1785214980,1m,UP,1
0.12571428571428506,0.08510174905574765,-0.043866453097020974,0.9659258262890683,0.25881904510252074,50.0,0.1,0.16656763560912322,0.12262811519835294,0.11111110987651691,0.0519999999999996,3200.0000000000027,5099.99999999998,5.0,0.347826085444221,0.5802219979672093,-0.22222221975311277,0.11111110987651691,0.0,EURJPY_otc,1785215100,1m,DOWN,1
0.4921428571428521,0.7672800540347267,-0.11348800445591278,0.9659258262890683,0.25881904510252074,50.0,0.1,0.010994766596918238,-0.10250571560019997,0.1851851844993687,0.17600000000001045,444.99999999999886,77.99999999999727,1.0,0.8131868122932397,0.20852906803498772,-0.4814814796982323,0.1851851844993687,0.0,STARBUCKS_otc,1785215160,1m,DOWN,0
0.4592857142857148,0.35998244767899007,-0.046026808715917675,0.9659258262890683,0.25881904510252074,50.0,0.1,-0.3334301034678956,-0.3793034449478888,0.3478260865784419,0.3119999999999976,18999.999999999913,6200.0000000000455,3.0,0.9450549440164113,1.2975901896293096,0.32608695616730854,0.3478260865784419,1.0,GOLD_otc,1785217380,1m,UP,1
0.40285714285714186,0.4418094661650689,-0.06654204598334848,1.0,6.123233995736766e-17,50.0,0.1,-0.08090685913761107,-0.1473950680415485,0.44680850968774694,0.22000000000000455,355.00000000000114,21.999999999997044,11.0,0.7405063286452667,0.3520812906668293,0.021276595699393483,0.44680850968774694,1.0,PETROLEO_otc,1785218460,1m,UP,1
0.12571428571428456,0.10825285824707843,0.039692623199631946,1.0,6.123233995736766e-17,50.0,0.1,-0.20070957556492722,-0.16109661926084984,0.4285714224489942,0.06400000000000006,3900.0000000000055,6700.000000000016,6.0,0.9374999970703249,0.5121638924373858,0.28571428163269663,0.4285714224489942,1.0,EURNZD_otc,1785219360,1m,UP,1
0.16500000000000117,0.12597095426600508,0.5479835774799872,1.0,6.123233995736766e-17,50.0,0.1,0.36174645655449733,0.9117123452085188,0.3846153816568132,0.09000000000000057,799.999999999983,11900.000000000013,0.0,0.34482758501783756,1.2195121950706795,-0.3846153816568132,0.3846153816568132,0.0,CHFJPY_otc,1785219900,1m,DOWN,1
0.509285714285714,0.3287505484030197,-0.057266509235663926,1.0,6.123233995736766e-17,50.0,0.1,0.08271356415837026,0.025399687751848435,0.9397590350123278,0.42400000000000093,189.99999999999773,125.0,6.0,0.8999999988750214,0.17221337236799614,-0.060240963782852944,0.9397590350123278,0.0,MICROSOFT_otc,1785219960,1m,DOWN,0
0.1535714285714295,0.14392458342540632,-0.028446302458387383,1.0,6.123233995736766e-17,50.0,0.1,-0.5501432423748199,-0.578433049422527,0.7407407379972516,0.10999999999999943,6499.999999999985,1000.0000000000142,14.0,0.4999999984374889,0.7895386133533306,0.11111111069959431,0.7407407379972516,1.0,GBPCAD_otc,1785220140,1m,UP,1
0.5657142857142828,0.755798100837318,-0.09999813063098745,1.0,6.123233995736766e-17,50.0,0.1,0.04611625345697701,-0.053927992565384476,0.2948717944936934,0.33400000000001456,325.0,133.9999999999975,1.0,0.5375722540245078,0.37322287661990144,-0.49999999935893796,0.2948717944936934,0.0,MICROSOFT_otc,1785220860,1m,DOWN,1
0.35785714285714626,0.38534414474248696,0.004720357302184756,1.0,6.123233995736766e-17,50.0,0.1,0.1161885704252622,0.12091441224311532,0.5599999977599454,0.22199999999998,218.99999999999977,122.99999999999613,12.0,0.8303571421157552,0.28044169566998023,-0.39999999840009093,0.5599999977599454,0.0,PRATA_otc,1785221520,1m,DOWN,0
0.17428571428571463,0.11512057701660501,0.013244757407969411,0.9659258262890683,-0.25881904510252063,50.0,0.1,0.5291501173831809,0.5424649594405215,0.5555555534979306,0.1280000000000001,1200.0000000000455,7599.99999999998,10.0,0.3333333324074205,1.0876132930184994,-0.3333333320987742,0.5555555534979306,0.0,EURCHF_otc,1785222300,1m,DOWN,1
0.18714285714285697,0.15082374547152508,-0.22526587984338436,0.9659258262890683,-0.25881904510252063,50.0,0.1,0.18017722394094596,-0.04549453371122636,0.7692307633136053,0.09399999999999978,7000.000000000028,3699.999999999974,0.0,0.366666665444446,0.6103763987668228,-0.07692307633134414,0.7692307633136053,0.0,GBPNZD_otc,1785222600,1m,DOWN,0
0.15714285714285733,0.1465425715438683,-0.06311979439714831,0.9659258262890683,-0.25881904510252063,50.0,0.1,0.15081919247880007,0.0876042013174477,0.42857142551016786,0.11599999999999824,3500.000000000014,5700.000000000003,4.0,0.9736842079639938,0.6030788763592521,-0.2142857127551093,0.42857142551016786,0.0,EURNZD_otc,1785222840,1m,DOWN,1
0.1671428571428574,0.14662690936296302,0.04745492431997781,0.9659258262890683,-0.25881904510252063,50.0,0.1,0.2447635134189569,0.2923345900789906,0.16666666527774818,0.08799999999999812,1500.0000000000568,6099.999999999994,0.0,0.23529411695501481,1.0290556900414825,-0.49999999583336296,0.16666666527774818,0.0,EURCHF_otc,1785222900,1m,DOWN,1
0.4149999999999961,0.33501927121758796,-0.03222279642663904,0.9659258262890683,-0.25881904510252063,50.0,0.1,0.06715030420101768,0.03490587006855608,0.06249999980463199,0.22399999999997816,373.0000000000018,115.99999999999682,9.0,0.905405404181895,0.1604370826464324,-0.3124999990235152,0.06249999980463199,0.0,MICROSOFT_otc,1785223140,1m,DOWN,1
0.1264285714285709,0.08671349819530814,0.23978013916502203,0.9659258262890683,-0.25881904510252063,50.0,0.1,0.669643806333906,0.9110296183496654,0.8749999945312528,0.08400000000000034,1499.9999999999857,8399.999999999998,3.0,0.6333333312222131,1.2970168611631239,-0.06249999960936251,0.8749999945312528,0.0,CHFJPY_otc,1785224880,1m,DOWN,0
0.16999999999999968,0.13039458291156586,-0.11873884378224592,0.9659258262890683,-0.25881904510252063,50.0,0.1,-0.264663282591201,-0.3830878682517819,0.5666666647777651,0.06800000000000068,9599.999999999936,900.0000000000341,6.0,0.8627450963475576,0.8163918680836147,0.16666666611112688,0.5666666647777651,1.0,EURCAD_otc,1785225360,1m,UP,0
0.5600000000000023,0.5074245464409003,0.014192668875644927,0.9659258262890683,-0.25881904510252063,50.0,0.1,-0.13194101370386974,-0.11776707077941098,0.4418604640886843,0.282000000000005,202.00000000000387,119.99999999999886,8.0,0.9942528729918139,0.41229296495412326,0.13953488339643358,0.4418604640886843,1.0,NETFLIX_otc,1785225480,1m,UP,1
0.4814285714285716,0.29526296716704903,-1.4523617753726001,0.8660254037844387,-0.4999999999999998,50.0,0.1,-1.3781427544812561,-2.8104889112777034,0.24675324643278979,0.1140000000000004,32699.999999999993,5899.999999999998,6.0,0.7383177563193282,7.435719248962077,0.727272726328216,0.24675324643278979,1.0,SPACEX_otc,1785225660,1m,UP,1
0.5435714285714255,0.3574182454721102,-0.010301503388266433,0.8660254037844387,-0.4999999999999998,50.0,0.1,-0.10774375101146093,-0.11803415517356627,0.5495495490544654,0.21400000000001002,150.9999999999991,172.99999999999613,16.0,0.7913043471380335,0.24582629700038885,0.1891891890187277,0.5495495490544654,1.0,LINK_otc,1785225960,1m,UP,1
0.46285714285714413,0.3196151531985527,0.10300697534749191,0.8660254037844387,-0.4999999999999998,50.0,0.1,-0.3351343637754403,-0.2324726001994235,0.09756097537178052,0.2619999999999976,10600.000000000022,6600.000000000107,0.0,0.12068965506837034,1.551424368041322,0.2439024384295206,0.09756097537178052,1.0,GOLD_otc,1785226200,1m,UP,1
0.19571428571428587,0.12316343113603298,0.05806407345326593,0.8660254037844387,-0.4999999999999998,50.0,0.1,-0.14959704188437953,-0.09161983056739725,0.4615384579881741,0.06600000000000109,3500.000000000014,5000.0,0.0,0.35294117543252224,0.5389126644390667,0.4615384579881195,0.4615384579881741,1.0,EURNZD_otc,1785226500,1m,UP,1
0.5178571428571429,0.6228986653170298,0.05865496310888938,0.8660254037844387,-0.4999999999999998,50.0,0.1,0.12207906062758064,0.18080562916444484,0.052631578808817026,0.2279999999999859,48.00000000000182,201.99999999999818,7.0,0.9683257914170508,0.6135139636871637,-0.5263157880887686,0.052631578808817026,0.0,NIKE_otc,1785226920,1m,DOWN,1
0.3099999999999901,0.26950096330617196,0.08497853373619128,0.8660254037844387,-0.4999999999999998,50.0,0.1,-0.03637282775854594,0.04857479688193774,0.46808510538714043,0.1419999999999959,50.0,318.9999999999998,1.0,0.9107142840879903,0.15444867339579066,0.12765957419648186,0.46808510538714043,1.0,AMZN_otc,1785227160,1m,UP,1
0.15285714285714366,0.18667860375212628,-0.19453866522613714,0.8660254037844387,-0.4999999999999998,50.0,0.1,0.20898373383087288,0.014038514438401425,0.5416666644097284,0.11599999999999966,5200.000000000031,3399.9999999999986,1.0,0.9999999974999999,1.2360939431014761,-0.29166666545138764,0.5416666644097284,0.0,EURCHF_otc,1785227460,1m,DOWN,1
0.5599999999999982,0.4044593460854076,0.01004954863503094,0.8660254037844387,-0.4999999999999998,50.0,0.1,0.08812520542129956,0.09818361024170902,0.6415094327517861,0.43799999999999956,37.000000000000455,200.9999999999991,1.0,0.44927536199326495,0.29859788817661986,-0.18867924492705268,0.6415094327517861,0.0,MICROSOFT_otc,1785227460,1m,DOWN,1
0.452857142857138,0.306824394061555,-0.09640745824203234,0.8660254037844387,-0.4999999999999998,50.0,0.1,0.5841143688841428,0.4871437808258428,0.4666666658888952,0.32399999999999807,17400.00000000009,12899.99999999992,15.0,0.8915662639860623,1.1155913978344847,-0.34999999941668325,0.4666666658888952,0.0,GOLD_otc,1785228000,1m,DOWN,0
0.5249999999999935,0.4259649678626134,0.03944287766473224,0.8660254037844387,-0.4999999999999998,50.0,0.1,0.11818970991224781,0.15767920499967306,0.34999999912498575,0.21000000000000227,43.99999999999977,298.0000000000018,7.0,0.6761904755465126,0.23669439372368622,-0.2999999992500284,0.34999999912498575,0.0,STARBUCKS_otc,1785228420,1m,DOWN,1
0.43714285714286155,0.35327976648350884,-0.028521042844051634,0.8660254037844387,-0.4999999999999998,50.0,0.1,-0.14377305703461704,-0.17225309430347363,0.7540983594194605,0.25399999999999634,171.99999999999704,24.00000000000091,8.0,0.9530201335885801,0.3290272717227916,0.01639344259606105,0.7540983594194605,1.0,PETROLEO_otc,1785228480,1m,UP,1
0.15428571428571505,0.09283389396168877,-0.09621972571983521,0.8660254037844387,-0.4999999999999998,50.0,0.1,0.12042669333505358,0.02409109338119792,0.5263157867035952,0.06800000000000068,8999.999999999985,3400.000000000034,2.0,0.2820512813280717,0.622505985624542,-0.2631578933517789,0.5263157867035952,0.0,EURNZD_otc,1785228720,1m,DOWN,0
0.13928571428571296,0.08967585093901718,-0.1384662412111487,0.7071067811865476,-0.7071067811865475,50.0,0.1,-0.16986563864725662,-0.30809667329346113,0.6874999957031361,0.06400000000000006,8900.000000000005,599.9999999999517,1.0,0.8076923045858082,0.4191520232078132,0.1249999992187278,0.6874999957031361,1.0,EURCAD_otc,1785229560,1m,UP,0
0.5099999999999909,0.4620641694709882,0.03249875328505881,0.7071067811865476,-0.7071067811865475,50.0,0.1,0.09134165598717471,0.12387009417165928,0.09677419323612355,0.3159999999999741,25.0,333.9999999999975,12.0,0.9290780135254991,0.32034533681625915,-0.6774193526534149,0.09677419323612355,0.0,AVAX_otc,1785229620,1m,DOWN,1
0.14500000000000007,0.1074172311058553,-0.15994067448160343,0.7071067811865476,-0.7071067811865475,50.0,0.1,-0.28547608221986054,-0.4449601643300778,0.4615384579881447,0.05599999999999881,6799.999999999997,399.9999999999915,2.0,0.9411764650519154,0.5167173252122631,0.15384615266275134,0.4615384579881447,1.0,NZDJPY_otc,1785229620,1m,UP,1
0.43428571428571416,0.21384625266341503,-0.27488133441420143,0.7071067811865476,-0.7071067811865475,50.0,0.1,0.4385878442743293,0.1625009137412081,0.849056602171595,0.16199999999999762,20499.99999999997,7800.000000000011,2.0,0.6447368412569262,1.0798522307320153,-0.037735848985396475,0.849056602171595,0.0,SHIBA_otc,1785229920,1m,DOWN,1
0.1707142857142855,0.09189100088696932,0.43457901358282386,0.7071067811865476,-0.7071067811865475,50.0,0.1,0.07628159843615409,0.511192115837007,0.05882352906575255,0.08999999999999986,3700.0000000000095,7100.000000000008,0.0,0.3513513504017591,1.6517857142119785,0.7058823487889261,0.05882352906575255,1.0,CHFJPY_otc,1785231300,1m,UP,1
0.15785714285714242,0.12995349971390993,-0.163115670312954,0.7071067811865476,-0.7071067811865475,50.0,0.1,0.32951429870137383,0.16586113893131607,0.7142857108843441,0.05000000000000142,3699.999999999974,3399.9999999999627,3.0,0.7142857122449096,1.0625379477515755,-0.04761904739228058,0.7142857108843441,0.0,NZDJPY_otc,1785232080,1m,DOWN,1
0.1700000000000017,0.1164493003867214,0.06002990752139878,0.7071067811865476,-0.7071067811865475,50.0,0.1,0.3587548218088399,0.4190000895179991,0.9473684160664919,0.08400000000000034,3599.999999999994,4800.000000000039,17.0,0.6857142837551049,0.8291873963319346,-0.052631578670350274,0.9473684160664919,0.0,CADJPY_otc,1785232320,1m,DOWN,1
0.4264285714285734,0.4618762500170904,-0.031019917737182014,0.49999999999999994,-0.8660254037844387,50.0,0.1,-0.08979631727485345,-0.12078838026828578,0.26923076819524944,0.22999999999999546,154.00000000000205,102.99999999999727,17.0,0.659999999340025,0.22595806218314815,0.03846153831357583,0.26923076819524944,1.0,STARBUCKS_otc,1785232920,1m,UP,0
0.5085714285714289,0.4599074202175291,-0.01395084232139429,0.49999999999999994,-0.8660254037844387,50.0,0.1,-0.17262116032570712,-0.186547920541211,0.6949152530593743,0.25799999999999274,194.99999999999886,106.00000000000023,16.0,0.511111110543231,0.24941802460856335,0.15254237262285528,0.6949152530593743,1.0,NIKE_otc,1785233160,1m,UP,0
0.576428571428571,0.3977408731796926,0.1304614032743917,0.49999999999999994,-0.8660254037844387,50.0,0.1,-0.627040969110661,-0.4973976122836763,0.7761194018266796,0.3200000000000017,29099.999999999964,6500.000000000056,2.0,0.4859154926155503,1.9648540196213549,0.17910447734462653,0.7761194018266796,1.0,GOLD_otc,1785233220,1m,UP,0
0.5221428571428584,0.5009907766027153,-0.28115063180569244,0.49999999999999994,-0.8660254037844387,50.0,0.1,-0.832768291763345,-1.1115775902552674,0.8815789462084451,0.332000000000005,26400.000000000004,1499.9999999999147,5.0,0.7226277366988161,1.6104384624237689,0.01315789471953573,0.8815789462084451,1.0,NVIDIA_otc,1785234000,1m,UP,1
0.13500000000000054,0.15165026277033433,0.14680152105701325,0.49999999999999994,-0.8660254037844387,50.0,0.1,0.1927860336349323,0.33987056752170713,0.49999999583327415,0.0799999999999983,800.000000000054,5700.000000000003,0.0,0.3599999985599852,0.5153576582041774,-0.2499999979166667,0.49999999583327415,0.0,GBPNZD_otc,1785234300,1m,DOWN,1
0.48999999999999894,0.45910328268804484,-0.3506733980532799,0.49999999999999994,-0.8660254037844387,50.0,0.1,0.09821708819394284,-0.2528007310599757,0.14285714263039193,0.16800000000000068,24699.99999999999,8499.999999999944,0.0,0.1739130432892236,1.0782934833441216,-0.11111111093473425,0.14285714263039193,0.0,NVIDIA_otc,1785234600,1m,DOWN,1
0.5064285714285737,0.3201347587093856,0.0629126736792115,0.49999999999999994,-0.8660254037844387,50.0,0.1,0.06827143426966664,0.13122705933353634,0.49999999921875005,0.253999999999985,36.000000000001364,391.0000000000025,6.0,0.5735294113429672,0.33930442592600685,-0.31249999951170765,0.49999999921875005,0.0,PRATA_otc,1785234960,1m,DOWN,0
0.5292857142857201,0.43111980435654024,0.05549773432607922,0.49999999999999994,-0.8660254037844387,50.0,0.1,-0.07973965375674172,-0.024286173131856947,0.12499999960944161,0.20000000000001136,121.00000000000364,199.0000000000009,5.0,0.8295454536028143,0.20256427963031326,0.06249999980463199,0.12499999960944161,1.0,COKE_otc,1785235800,1m,UP,1
0.15142857142857175,0.11797746106237272,-0.3704579866388966,0.258819045102521,-0.9659258262890682,50.0,0.1,0.23366944990405975,-0.13765418387434164,0.06249999960936251,0.09399999999999978,5800.000000000018,2699.9999999999955,0.0,0.07999999967999828,1.1018069633714496,-0.06249999960938472,0.06249999960936251,0.0,CHFJPY_otc,1785236700,1m,DOWN,1
0.5592857142857152,0.4021815510432579,-0.35669477585815945,0.258819045102521,-0.9659258262890682,50.0,0.1,0.5190559130135125,0.16050969182985095,0.317460316956419,0.31800000000000067,19300.000000000065,12600.000000000051,0.0,0.2318840578029863,1.930609960801208,-0.19047619017385592,0.317460316956419,0.0,GOLD_otc,1785236700,1m,DOWN,1
0.4492857142857076,0.2558298284103125,-0.005937176193376297,0.258819045102521,-0.9659258262890682,50.0,0.1,-0.05094050578851784,-0.05687465755431167,0.5272727263141305,0.22399999999998954,181.00000000000023,59.99999999999659,0.0,0.39999999946668185,0.17098303848219273,0.0181818181487453,0.5272727263141305,1.0,AVAX_otc,1785237300,1m,UP,0
0.4514285714285669,0.3828988619224186,-0.055504546858265946,0.258819045102521,-0.9659258262890682,50.0,0.1,0.021066531413220648,-0.03444970832784496,0.4683544297869205,0.18799999999999956,170.99999999999795,106.00000000000023,0.0,0.7684210518226832,0.21473779385122993,-0.4556962019547813,0.4683544297869205,0.0,STARBUCKS_otc,1785237600,1m,DOWN,1
0.4300000000000068,0.4770053101723065,-0.009926591307992583,0.258819045102521,-0.9659258262890682,50.0,0.1,0.04076193056651703,0.030831292988267867,0.18181818099154762,0.2419999999999959,85.00000000000227,166.9999999999959,2.0,0.8865979372303006,0.2098476981650071,-0.40909090723149893,0.18181818099154762,0.0,MICROSOFT_otc,1785238320,1m,DOWN,1
0.3357142857142768,0.2731149176290466,-0.06625654358918782,0.258819045102521,-0.9659258262890682,50.0,0.1,-0.0029874597734596406,-0.06924202397506045,0.06521739116263804,0.10600000000000591,150.0,43.00000000000068,0.0,0.2982456135118813,0.15657189946392733,-0.3043478254253147,0.06521739116263804,0.0,AMZN_otc,1785239400,1m,DOWN,0
0.4335714285714362,0.3376486241769738,0.006501786313480508,1.2246467991473532e-16,-1.0,50.0,0.1,-0.04358771576454463,-0.03708876343120206,0.16279069729581713,0.20000000000001136,113.99999999999864,225.0,7.0,0.7837837827246456,0.175680167133136,0.627906975283885,0.16279069729581713,1.0,NETFLIX_otc,1785241320,1m,UP,0
0.13642857142857118,0.1285250221502331,-0.2784834961760734,1.2246467991473532e-16,-1.0,50.0,0.1,-0.4628863652907942,-0.7400807993334835,0.5624999964843737,0.030000000000000426,6799.999999999997,4499.999999999993,19.0,0.9183673450645579,2.218198279664176,0.31249999804687917,0.5624999964843737,1.0,CHFJPY_otc,1785241440,1m,UP,1
0.144285714285714,0.16201512614223224,0.1146893300176732,1.2246467991473532e-16,-1.0,50.0,0.1,0.6558334816031473,0.7712749826469026,0.11538461494083364,0.11000000000000085,2800.0000000000114,8700.00000000001,13.0,0.9538461523786964,2.0105165480355507,-0.3076923065088715,0.11538461494083364,0.0,EURCHF_otc,1785241980,1m,DOWN,1
0.15857142857142797,0.14882137681724367,0.009446718508380105,1.2246467991473532e-16,-1.0,50.0,0.1,-0.36447439890198885,-0.3550621112641081,0.7894736800554076,0.10000000000000071,6500.000000000021,3099.9999999999873,2.0,0.3199999993600074,1.5693659760963792,0.10526315734071727,0.7894736800554076,1.0,EURCHF_otc,1785242220,1m,UP,1
0.48928571428572404,0.3483942758243951,-0.016842616875411456,-0.2588190451025208,-0.9659258262890683,50.0,0.1,-0.08014059397408704,-0.09696971307629376,0.34374999946291007,0.13599999999999,235.00000000000227,65.99999999999682,9.0,0.9120879110856321,0.19761987491269803,0.04687499992671202,0.34374999946291007,1.0,LINK_otc,1785243840,1m,UP,1
0.5157142857142857,0.3397057550292261,-0.20265734018292944,-0.2588190451025208,-0.9659258262890683,50.0,0.1,-0.605116524788031,-0.8065475519168176,0.7837837827246197,0.2639999999999958,25700.000000000073,6799.999999999925,1.0,0.39814814777949936,1.5602427043981448,0.10810810796201452,0.7837837827246197,1.0,GOLD_otc,1785243960,1m,UP,0
0.5299999999999991,0.46811992452231616,0.1463251615528936,-0.2588190451025208,-0.9659258262890683,50.0,0.1,0.6963440298497934,0.8436881179293287,0.6097560968173757,0.26400000000000146,4899.999999999948,19000.000000000055,3.0,0.752066115080941,1.6861761426743953,-0.26829268259964395,0.6097560968173757,0.0,SHIBA_otc,1785244080,1m,DOWN,0
0.1299999999999995,0.10675019623164772,-0.08340353905690401,-0.2588190451025208,-0.9659258262890683,50.0,0.1,0.1709780730751323,0.08743193225427233,0.4545454524793477,0.10000000000000142,4600.000000000008,3999.9999999999854,5.0,0.9999999966666666,0.4869339392876608,-0.31818181673554013,0.4545454524793477,0.0,EURCAD_otc,1785244800,1m,DOWN,0
0.45785714285714263,0.23748684174030046,-0.6754745075256686,-0.2588190451025208,-0.9659258262890683,50.0,0.1,0.13278911588307338,-0.5435823482691542,0.05999999988000228,0.10999999999999943,15999.999999999978,14600.000000000007,0.0,0.18571428544897836,4.169148302312733,-0.19999999959999576,0.05999999988000228,0.0,SPACEX_otc,1785245100,1m,DOWN,1
0.1414285714285712,0.0759988432523835,0.2161456936313785,-0.2588190451025208,-0.9659258262890683,50.0,0.1,0.25057529926080463,0.46726260061083924,0.3999999959999858,0.045999999999999375,700.0000000000028,8599.999999999995,0.0,0.39999999840000566,0.7534659433166527,-0.5999999940000142,0.3999999959999858,0.0,EURCHF_otc,1785246300,1m,DOWN,1
0.14071428571428615,0.1273223822072386,-0.029736575426718273,-0.4999999999999997,-0.8660254037844388,50.0,0.1,0.35764103612182824,0.3277981104986467,0.8666666608888731,0.09000000000000057,2199.9999999999886,4200.000000000017,1.0,0.6279069752839284,1.047503045041473,-0.06666666622220643,0.8666666608888731,0.0,GBPCAD_otc,1785247260,1m,DOWN,1
0.4278571428571422,0.29333250083104806,-0.06153789515729255,-0.4999999999999997,-0.8660254037844388,50.0,0.1,-2.892514198888676,-2.952272101690846,0.7936507923910295,0.18999999999999914,19199.99999999998,9900.000000000002,11.0,0.9878048768441429,5.263157894399018,0.09523809508692434,0.7936507923910295,1.0,SPACEX_otc,1785248760,1m,UP,0
0.4792857142857209,0.6466056766734558,-0.14060480947306464,-0.4999999999999997,-0.8660254037844388,50.0,0.1,0.05290637755329421,-0.08777282083112835,0.7236842095741234,0.22199999999999137,450.9999999999991,115.00000000000341,1.0,0.4749999996041903,0.2881775173500069,-0.06578947359766117,0.7236842095741234,0.0,NETFLIX_otc,1785249060,1m,DOWN,1
0.45999999999999985,0.4241449057783077,-0.13998735739667892,-0.4999999999999997,-0.8660254037844388,50.0,0.1,-0.6268438879320967,-0.7659537431350568,0.6666666654970761,0.2639999999999986,16299.999999999955,15300.000000000011,12.0,0.9758064508259617,1.4725092031650446,0.14035087694677648,0.6666666654970761,1.0,NVIDIA_otc,1785249120,1m,UP,0
0.1385714285714284,0.09575610042905888,-0.03182395945375519,-0.4999999999999997,-0.8660254037844388,50.0,0.1,0.2118805761490726,0.17998918790667334,0.4482758605231723,0.0779999999999987,5399.999999999991,3200.0000000000027,8.0,0.9189189164353522,0.590394127962503,-0.17241379250893316,0.4482758605231723,0.0,EURNZD_otc,1785249180,1m,DOWN,0
0.1664285714285708,0.10871123156360749,0.09249903920554797,-0.4999999999999997,-0.8660254037844388,50.0,0.1,0.40742805526836373,0.5003039615104888,0.41666666493055804,0.05,4299.999999999997,5800.000000000054,7.0,0.6363636349173613,1.3025458851005693,-0.3333333319444346,0.41666666493055804,0.0,NZDJPY_otc,1785249720,1m,DOWN,1
0.5464285714285576,0.3559386291151634,-0.04109740461899625,-0.4999999999999997,-0.8660254037844388,50.0,0.1,-0.13510509749603272,-0.17614697742645014,0.3749999988279695,0.47999999999999543,340.9999999999968,17.00000000000159,9.0,0.6478873234874072,0.39452115689052614,0.12499999960944161,0.3749999988279695,1.0,NIKE_otc,1785249840,1m,UP,0
0.518571428571436,0.45643626711217816,0.00915466179596612,-0.4999999999999997,-0.8660254037844388,50.0,0.1,-0.04063341701540017,-0.03148247507133796,0.6129032238293326,0.2759999999999877,201.99999999999818,81.99999999999932,2.0,0.2436974787868265,0.2664636467447397,0.29032257970873737,0.6129032238293326,1.0,STARBUCKS_otc,1785250320,1m,UP,0
0.5964285714285812,0.45679064384663465,0.016969211657827867,-0.7071067811865471,-0.7071067811865479,50.0,0.1,-0.05550014648440792,-0.0385403527639074,0.606060605142275,0.18999999999999773,272.00000000000273,85.00000000000227,3.0,0.5203252028290313,0.2664009876323567,0.3484848479568555,0.606060605142275,1.0,MICROSOFT_otc,1785250980,1m,UP,0
0.4964285714285706,0.3522205852274484,0.0449328255345351,-0.7071067811865471,-0.7071067811865479,50.0,0.1,-0.40382785346643557,-0.3590764791967584,0.5409836056705164,0.27800000000000014,18799.999999999953,15200.000000000102,9.0,0.5912408754808457,1.6325071496469012,0.19672131115292352,0.5409836056705164,1.0,NVIDIA_otc,1785251040,1m,UP,1
0.1328571428571423,0.0750238057476144,0.3279339887745805,-0.7071067811865471,-0.7071067811865479,50.0,0.1,0.16968839751295184,0.4981788522179843,0.2499999984375,0.05600000000000023,799.999999999983,13699.999999999975,5.0,0.43749999863281386,0.7879832553364209,-0.4374999972656361,0.2499999984375,0.0,CADJPY_otc,1785251100,1m,DOWN,0
0.15857142857142748,0.1098050220038613,-0.054072084664570336,-0.7071067811865471,-0.7071067811865479,50.0,0.1,0.11961710518616901,0.0654803410592091,0.31578947202213903,0.03399999999999892,4299.999999999997,3299.9999999999827,0.0,0.33333333174603175,0.33589251439002227,-0.05263157867038767,0.31578947202213903,0.0,EURNZD_otc,1785251400,1m,DOWN,1
0.5092857142857119,0.2930898298308039,-0.005363120504557425,-0.7071067811865471,-0.7071067811865479,50.0,0.1,-0.1693970346944439,-0.17475107023189948,0.2749999993125044,0.13800000000000523,17199.99999999999,16800.00000000007,1.0,0.29999999975000236,1.427891480230497,0.399999999,0.2749999993125044,1.0,NVIDIA_otc,1785251460,1m,UP,1
0.12714285714285772,0.09865301608701124,-0.07996520433261037,-0.7071067811865471,-0.7071067811865479,50.0,0.1,0.1689265052777469,0.08882621852001928,0.7096774170655478,0.09200000000000016,6499.999999999985,2599.99999999998,4.0,0.6666666644444365,0.620219144084753,-0.25806451529655866,0.7096774170655478,0.0,GBPNZD_otc,1785251940,1m,DOWN,1
0.38357142857143295,0.7751543624994195,-0.10735822581348993,-0.7071067811865471,-0.7071067811865479,50.0,0.1,-0.09392988237200439,-0.20118726673027104,0.6458333319878274,0.1459999999999809,243.00000000000068,38.999999999998636,1.0,0.749999998897038,0.18629626585522147,0.35416666592883916,0.6458333319878274,1.0,AMZN_otc,1785252060,1m,UP,0
0.1892857142857142,0.17695998181814548,0.10600041750231196,-0.7071067811865471,-0.7071067811865479,50.0,0.1,-0.2919234316545898,-0.18623245420861875,0.7199999971199988,0.12999999999999828,5300.000000000011,4900.00000000002,2.0,0.7796610156276902,0.9423414789819199,0.23999999904000907,0.7199999971199988,1.0,EURNZD_otc,1785252720,1m,UP,0
0.16857142857142854,0.111759160210144,-0.16426369108292338,-0.7071067811865471,-0.7071067811865479,50.0,0.1,0.11093095725683937,-0.05351495311102773,0.649999996749968,0.06000000000000085,8800.000000000025,2500.0,0.0,0.5714285693877406,0.5832118308564237,-0.14999999925000357,0.649999996749968,0.0,GBPNZD_otc,1785253200,1m,DOWN,1
0.1364285714285727,0.08774338207950218,0.23295757307686482,-0.7071067811865471,-0.7071067811865479,50.0,0.1,0.3022787358346551,0.5359404901184478,0.4999999949999645,0.07199999999999988,1000.0000000000142,8599.999999999995,0.0,0.3103448265160574,0.8633521881255515,-0.39999999600005687,0.4999999949999645,0.0,EURCHF_otc,1785253500,1m,DOWN,1
0.46285714285714413,0.3013923732210498,0.013468636988443076,-0.7071067811865471,-0.7071067811865479,50.0,0.1,-0.10046412535985585,-0.0870090195197611,0.8085106365776781,0.2720000000000141,164.00000000000432,107.99999999999841,6.0,0.8620689645263531,0.18856065367652508,0.14893616989587533,0.8085106365776781,1.0,MICROSOFT_otc,1785254160,1m,UP,1
0.16285714285714192,0.17334618859029277,0.16870980887251008,-0.8660254037844385,-0.5000000000000004,50.0,0.1,-0.21793174228545895,-0.04958960563883118,0.4516129017689995,0.09000000000000057,6099.999999999994,3399.9999999999627,0.0,0.5714285697959038,1.0690287110241634,0.19354838647241196,0.4516129017689995,1.0,NZDJPY_otc,1785254400,1m,UP,0
0.48000000000000004,0.43345595616391697,-0.5729835848709106,-0.8660254037844385,-0.5000000000000004,50.0,0.1,-4.680414812391193,-5.226580388683236,0.1799999996399997,0.3019999999999996,24600.000000000007,7900.000000000009,12.0,0.5373134325685004,13.84297520565821,0.09999999980000143,0.1799999996399997,1.0,SPACEX_otc,1785255720,1m,UP,0
0.1549999999999986,0.10615404523017372,-0.14430767724476665,-0.8660254037844385,-0.5000000000000004,50.0,0.1,0.07765920611560648,-0.06676053932567233,0.5789473653739652,0.07600000000000051,12700.000000000031,2800.0000000000114,4.0,0.14285714244897088,0.5645161290231553,-0.3684210506925267,0.5789473653739652,0.0,EURNZD_otc,1785255840,1m,DOWN,0
0.4007142857142857,0.26278725778648143,-0.07259517680605346,-0.8660254037844385,-0.5000000000000004,50.0,0.1,0.326884702818147,0.2540522234841308,0.6551724115339153,0.3080000000000013,14200.000000000016,15400.000000000062,0.0,0.227722772051764,1.5646785437402808,-0.13793103400710394,0.6551724115339153,0.0,SHIBA_otc,1785256500,1m,DOWN,1
0.46999999999999886,0.24464035051125957,0.05039963071659186,-0.8660254037844385,-0.5000000000000004,50.0,0.1,0.07857159798500217,0.1290108284968266,0.5102040811120568,0.20799999999999272,46.999999999997044,225.0,0.0,0.8139534874256094,0.214694060962595,-0.20408163244481112,0.5102040811120568,0.0,SUI_otc,1785256800,1m,DOWN,1
0.5642857142857086,0.39175008855156607,0.012063006784733587,-0.9659258262890683,-0.25881904510252063,50.0,0.1,-0.06695866613695603,-0.05490373658066152,0.25263157868145303,0.29199999999999593,602.9999999999973,181.99999999999932,2.0,0.6171874995178239,0.2812012566175043,0.11578947356234262,0.25263157868145303,1.0,MICROSOFT_otc,1785258720,1m,UP,1
0.46142857142856997,0.4730889840317637,0.02463898389115032,-0.9659258262890683,-0.25881904510252063,50.0,0.1,0.17574085637425224,0.20042314102669476,0.4545454535123732,0.2940000000000055,68.00000000000068,215.99999999999682,17.0,0.9181818173470802,0.27474586007874596,-0.20454545408065192,0.4545454535123732,0.0,SUI_otc,1785259020,1m,DOWN,1
0.13428571428571448,0.0729330567656374,0.3077404893443389,-0.9659258262890683,-0.25881904510252063,50.0,0.1,-0.05826440175017453,0.24929678443910483,0.307692305325448,0.053999999999997786,1799.999999999997,21800.000000000065,0.0,0.41666666493055804,0.5577504066800476,0.46153845798819937,0.307692305325448,1.0,CADJPY_otc,1785259800,1m,UP,1
0.5642857142857208,1.3425891420649498,0.11592295489179655,-0.9659258262890683,-0.25881904510252063,50.0,0.1,0.02297493478808583,0.1389245229031732,0.7291666651475571,0.12999999999997272,162.00000000000045,298.0000000000018,0.0,0.44554455401430504,0.2194078161314268,0.2083333328993697,0.7291666651475571,1.0,LINK_otc,1785259800,1m,UP,1
0.1557142857142852,0.12043875831919679,0.10089303542934744,-0.9659258262890683,-0.25881904510252063,50.0,0.1,-0.28466669068094713,-0.18406086411668393,0.47999999808001814,0.1019999999999996,3599.999999999994,4699.999999999988,1.0,0.7249999981875004,0.9498931369995243,0.15999999935999656,0.47999999808001814,1.0,GBPCAD_otc,1785260460,1m,UP,0
0.432857142857143,0.2745675921052201,0.035895463788594886,-0.9659258262890683,-0.25881904510252063,50.0,0.1,-0.3089526912704065,-0.27316812748323044,0.35135135040175,0.21400000000000433,22999.99999999997,6299.9999999999545,5.0,0.45348837156571215,1.093452002529008,0.6486486468955472,0.35135135040175,1.0,NVIDIA_otc,1785261300,1m,UP,0
0.4950000000000086,0.4319798530147178,-0.0037295437121248835,-0.9659258262890683,-0.25881904510252063,50.0,0.1,0.046833032615338645,0.043101742244790665,0.19672131115291894,0.24400000000000546,197.99999999999613,147.00000000000273,12.0,0.6197183094227234,0.31969021567761247,-0.7540983594194605,0.19672131115291894,0.0,STARBUCKS_otc,1785261420,1m,DOWN,0
0.4864285714285635,0.35573557904313696,-0.01777193107361298,-0.9659258262890683,-0.25881904510252063,50.0,0.1,0.0421379531773852,0.02435853337577771,0.139534883396452,0.2600000000000023,81.00000000000023,143.00000000000068,3.0,0.4408602145797439,0.23246513022988605,-0.3488372084910639,0.139534883396452,0.0,SUI_otc,1785261480,1m,DOWN,0
0.16142857142857078,0.09577044440659252,0.1270882828081609,-1.0,-1.8369701987210297e-16,50.0,0.1,-0.21182350650312504,-0.08500442655196298,0.9090909008263994,0.09399999999999835,2999.9999999999714,10000.0,3.0,0.19354838647243044,0.7118254879285513,0.09090909008269162,0.9090909008263994,1.0,CADJPY_otc,1785261780,1m,UP,1
0.5128571428571352,0.6114857603815747,0.03647442118366058,-1.0,-1.8369701987210297e-16,50.0,0.1,0.16244672011960645,0.1989803928041625,0.7384615373254102,0.34199999999998454,135.00000000000227,462.00000000000045,13.0,0.8016528918994588,0.28271688590789723,-0.04615384608288733,0.7384615373254102,0.0,COKE_otc,1785262380,1m,DOWN,0
0.16357142857142953,0.14542850666003837,-0.1775147574258392,-1.0,-1.8369701987210297e-16,50.0,0.1,-0.26195246077761747,-0.43900221392813626,0.42307692144970516,0.11200000000000046,6799.999999999997,1599.999999999966,1.0,0.5714285700680296,0.974930362094365,0.38461538313610305,0.42307692144970516,1.0,CADJPY_otc,1785262860,1m,UP,1
0.5407142857142853,0.37141324988696794,-0.007439485247057342,-1.0,-1.8369701987210297e-16,50.0,0.1,-0.0705425355510305,-0.07797677279656262,0.18556701011798485,0.182000000000005,121.00000000000364,97.99999999999613,15.0,0.8895348832037582,0.4830646520235746,0.6082474220533459,0.18556701011798485,1.0,NIKE_otc,1785264000,1m,UP,0
0.16785714285714246,0.12375090187398056,0.045382366942040314,-1.0,-1.8369701987210297e-16,50.0,0.1,-0.27287214548067107,-0.22761361437697536,0.09090909049588246,0.08799999999999955,3400.000000000034,6499.999999999985,7.0,0.999999996875,0.6529279738695594,0.1818181809917326,0.09090909049588246,1.0,GBPNZD_otc,1785264420,1m,UP,0
0.16785714285714423,0.10093246572461118,-0.08253292622415559,-0.9659258262890684,0.2588190451025203,50.0,0.1,-0.3159526944032732,-0.3982248556232537,0.4444444427983451,0.08599999999999923,9699.999999999987,2600.0000000000155,11.0,0.23404255269352406,1.4826498422245298,0.2962962951989099,0.4444444427983451,1.0,EURCHF_otc,1785265860,1m,UP,1
0.4871428571428587,0.31574523740253146,-0.1959788293763062,-0.9659258262890684,0.2588190451025203,50.0,0.1,0.4005611454769807,0.2037973010568324,0.848484847199255,0.24000000000000057,20700.000000000073,9899.999999999949,1.0,0.5833333326388804,1.231310466120918,-0.09090909077135183,0.848484847199255,0.0,SHIBA_otc,1785266160,1m,DOWN,1
0.18142857142857086,0.27845728853541585,0.10176135030005923,-0.9659258262890684,0.2588190451025203,50.0,0.1,0.9512506781609078,1.053980033995802,0.8695652136105834,0.2,300.00000000001137,9699.999999999987,17.0,0.6585365837596685,0.9545983701756874,-0.0869565213610707,0.8695652136105834,0.0,CADJPY_otc,1785268620,1m,DOWN,1
0.5307142857142862,0.7554097934569141,-0.15411507470749508,-0.8660254037844386,0.5000000000000001,50.0,0.1,0.07606412020320029,-0.07816818077997155,0.6093749990477891,0.2,411.00000000000136,110.00000000000227,2.0,0.8159999993471854,0.3062674572443126,-0.23437499963373773,0.6093749990477891,0.0,NETFLIX_otc,1785269520,1m,DOWN,1
0.1385714285714279,0.08049639948208413,0.11588390049135015,-0.8660254037844386,0.5000000000000001,50.0,0.1,0.23021071931926793,0.34636139697151447,0.44999999775002664,0.06400000000000147,1499.9999999999857,11099.999999999995,4.0,0.9130434742911032,0.6890353504886567,-0.3499999982500089,0.44999999775002664,0.0,NZDJPY_otc,1785270240,1m,DOWN,1
0.46928571428570975,0.3458863435162463,0.002411716803907537,-0.8660254037844386,0.5000000000000001,50.0,0.1,0.0800875557926168,0.08250120408156522,0.15909090872932416,0.14400000000001684,125.99999999999909,128.00000000000296,15.0,0.3720930228231584,0.2405392554464105,-0.24999999943172127,0.15909090872932416,0.0,NIKE_otc,1785271500,1m,DOWN,0
0.14571428571428566,0.21858309959503527,-0.09409437222862749,-0.8660254037844386,0.5000000000000001,50.0,0.1,-0.5288686493241004,-0.6224653859172323,0.39999999600001424,0.13799999999999954,7600.000000000051,4799.999999999968,15.0,0.8596491212988643,1.3440226361390242,0.29999999700002844,0.39999999600001424,1.0,GBPCAD_otc,1785272100,1m,UP,0
0.46357142857142847,0.2536990082981866,-0.7420458932194838,-0.7071067811865477,0.7071067811865474,50.0,0.1,0.7132277287045519,-0.0341106415850866,0.49999999944444445,0.2519999999999989,26999.999999999956,6700.000000000016,7.0,0.9344262279763518,1.969012265914491,-0.2999999996666667,0.49999999944444445,0.0,ETHEREUM_otc,1785273420,1m,DOWN,1
0.1135714285714273,0.07842193570650602,-0.01975626477169848,-0.7071067811865477,0.7071067811865474,50.0,0.1,0.18194045129392136,0.16214824188493843,0.4999999937500001,0.07199999999999988,2899.9999999999914,13599.999999999995,3.0,0.47619047392290736,0.4869000695458657,-0.12499999843756664,0.4999999937500001,0.0,CADJPY_otc,1785273480,1m,DOWN,1
0.38428571428570585,0.21501341639023724,0.07172901878143528,-0.7071067811865477,0.7071067811865474,50.0,0.1,0.02376068671666973,0.09550674880554261,0.3913043469754576,0.13999999999999774,56.99999999999932,450.9999999999991,2.0,0.2769230764970616,0.1402494282135621,-0.3260869558128195,0.3913043469754576,0.0,LINK_otc,1785274020,1m,DOWN,1
0.4821428571428531,0.30665959936059395,-0.008959649228083864,-0.7071067811865477,0.7071067811865474,50.0,0.1,-0.07017579371748763,-0.07912915544061137,0.22807017503846813,0.4,234.00000000000318,59.99999999999659,18.0,0.8695652161310183,0.15460452610317088,0.7017543847337328,0.22807017503846813,1.0,PETROLEO_otc,1785275580,1m,UP,1
0.538571428571428,0.2913411579719718,-0.32844797091287387,-0.7071067811865477,0.7071067811865474,50.0,0.1,-0.8147287050007859,-1.1405007160136398,0.7666666653888885,0.33600000000000135,43400.00000000003,1400.0000000000057,2.0,0.6559139777893395,1.6253058370914835,0.06666666655555398,0.7666666653888885,1.0,GOLD_otc,1785275820,1m,UP,1
0.16500000000000017,0.14892471731963314,0.10339231960338321,-0.7071067811865477,0.7071067811865474,50.0,0.1,-0.46095155958088396,-0.3580358284871994,0.7999999946666573,0.08999999999999915,5099.99999999998,7700.000000000031,3.0,0.617021275282933,1.2195121950903056,0.13333333244446655,0.7999999946666573,1.0,EURJPY_otc,1785275880,1m,UP,1
0.13714285714285776,0.1300570458084779,-0.005473660697958784,-0.5000000000000004,0.8660254037844384,50.0,0.1,-0.22349713484930228,-0.22895856207242976,0.7999999946666573,0.07999999999999971,5099.99999999998,7699.99999999996,9.0,0.7333333317037111,0.7561754326876846,0.19999999866667614,0.7999999946666573,1.0,EURNZD_otc,1785277740,1m,UP,0
0.11357142857142984,0.07858990791827923,0.07178302703280283,-0.5000000000000004,0.8660254037844384,50.0,0.1,0.10533064840904456,0.17718928496966868,0.5714285673469243,0.0940000000000012,1200.0000000000455,7699.99999999996,3.0,0.5384615343195183,0.26020816652802337,-0.4285714255102186,0.5714285673469243,0.0,GBPNZD_otc,1785278280,1m,DOWN,0
0.1928571428571441,0.12585749834674942,-0.08026251085529922,-0.5000000000000004,0.8660254037844384,50.0,0.1,0.010905768690913097,-0.06936549540816551,0.4999999979166519,0.1280000000000001,6099.999999999994,5799.999999999983,0.0,0.9999999947368421,0.44559099436102684,-0.29166666545138764,0.4999999979166519,0.0,CADJPY_otc,1785279000,1m,DOWN,0
0.2114285714285715,0.14640190054579005,0.4985090075444039,-0.5000000000000004,0.8660254037844384,50.0,0.1,-0.03214804395286975,0.4662007026966798,0.26086956408316975,0.11400000000000006,3299.9999999999827,11700.000000000016,5.0,0.6857142837551049,1.1547344110473576,0.6521739102079476,0.26086956408316975,1.0,EURCHF_otc,1785279000,1m,UP,0
0.5342857142857075,0.32373252423898746,-0.0038575390649657265,-0.5000000000000004,0.8660254037844384,50.0,0.1,-0.14169200771312404,-0.1455440809535403,0.8030303018135188,0.20200000000000956,176.99999999999818,79.00000000000205,18.0,0.2602739722461904,0.1576912276150695,0.09090909077134987,0.8030303018135188,1.0,LINK_otc,1785279180,1m,UP,1
0.4414285714285709,0.38201101761719164,-0.7538047080209264,-0.5000000000000004,0.8660254037844384,50.0,0.1,-1.1643622438184258,-1.9093899344270309,0.8095238056689391,0.3040000000000006,27899.99999999999,4799.999999999968,4.0,0.4954128435821909,3.3262129995933294,0.09523809478456116,0.8095238056689391,1.0,ETHEREUM_otc,1785279540,1m,UP,1
0.43642857142857644,0.2611134232038918,0.0070034130764875325,-0.25881904510252157,0.9659258262890681,50.0,0.1,-0.025564756797165616,-0.01856313412619859,0.3287671228373096,0.20000000000001136,152.99999999999727,103.00000000000296,1.0,0.9836065557645948,0.13172669949008733,0.20547945177335744,0.3287671228373096,1.0,LINK_otc,1785280560,1m,UP,1
0.3342857142857107,0.1674567352906687,0.054181058280775754,-0.25881904510252157,0.9659258262890681,50.0,0.1,-0.08766870426281423,-0.0335351458137891,0.7659574451788911,0.1599999999999909,82.99999999999841,331.9999999999993,10.0,0.8518518502743679,0.14264958393832705,0.042553191398786966,0.7659574451788911,1.0,AMZN_otc,1785280800,1m,UP,1
0.4457142857142856,0.4091756655439379,-1.569889045686642,-0.25881904510252157,0.9659258262890681,50.0,0.1,1.1549357060095864,-0.43308454881042385,0.2909090903801652,0.16199999999999903,52400.000000000015,10099.99999999998,2.0,0.6796116498256217,3.4139874045935077,-0.0363636362975263,0.2909090903801652,0.0,ETHEREUM_otc,1785281520,1m,DOWN,0
0.14285714285714285,0.1650574325620961,-0.3257958412981994,0.0,1.0,50.0,0.1,0.23147015006338853,-0.09507981135756413,0.588235290657442,0.11599999999999966,8599.999999999995,3900.0000000000055,0.0,0.2926829261154159,0.9681227862817532,-0.1176470581315051,0.588235290657442,0.0,CADJPY_otc,1785283200,1m,DOWN,1
0.5149999999999996,0.4903469280879632,-0.2085511955557161,0.0,1.0,50.0,0.1,-1.0527689783527459,-1.2591246116176675,0.5357142847576712,0.41599999999999965,34900.00000000009,2199.9999999999886,16.0,0.8319327724101377,1.6177270255353728,0.07142857130100591,0.5357142847576712,1.0,NVIDIA_otc,1785283860,1m,UP,1
0.42000000000000376,0.36612689206978577,0.021994057500820327,0.0,1.0,50.0,0.1,-0.10725260246937536,-0.08528213416761327,0.31168831128351787,0.21400000000001002,152.99999999999727,257.9999999999984,9.0,0.9879518060386231,0.17864445448832303,0.09090909079101374,0.31168831128351787,1.0,LINK_otc,1785284940,1m,UP,1
0.18214285714285797,0.13804960089461615,-0.8208787333197369,0.0,1.0,50.0,0.1,0.04181508718033294,-0.7794068972973864,0.46153845976330726,0.07199999999999988,32899.99999999999,2100.0000000000086,0.0,0.6666666641975221,0.7092198581374073,-0.2307692298816673,0.46153845976330726,0.0,GBPCAD_otc,1785285000,1m,DOWN,0
0.49714285714285567,0.4035072884797323,-0.07198509991936168,0.0,1.0,50.0,0.1,-0.11489490630020537,-0.18679729900646458,0.8461538445266525,0.26800000000000634,237.00000000000045,6.999999999999318,0.0,0.561797752177764,0.25203182963709286,0.11538461516273031,0.8461538445266525,1.0,NIKE_otc,1785285000,1m,UP,1
0.44571428571428634,0.21443126923540998,-0.0009395386428007708,0.0,1.0,50.0,0.1,0.3546706816485428,0.35372781073763326,0.6363636352066045,0.2200000000000017,14200.000000000016,11499.999999999915,2.0,0.3076923072978234,1.0474016382295248,-0.10909090889256669,0.6363636352066045,0.0,NVIDIA_otc,1785285120,1m,DOWN,1
0.4799999999999979,0.4581976155618973,-0.02687952538667018,0.0,1.0,50.0,0.1,0.08712212264018859,0.06021917924044593,0.3098591544931787,0.28799999999999953,314.9999999999977,183.0000000000041,10.0,0.6132075465912908,0.2506858386144867,-0.25352112640340796,0.3098591544931787,0.0,AVAX_otc,1785285300,1m,DOWN,0
0.40500000000000114,0.3052660521813922,-0.07410251920262581,0.0,1.0,50.0,0.1,0.09089222324783845,0.016722350618026734,0.9152542357368426,0.3,221.99999999999704,117.00000000000159,2.0,0.3719008261389218,0.30718456460952215,-0.0677966100545167,0.9152542357368426,0.0,PRATA_otc,1785285420,1m,DOWN,0
0.45500000000000007,0.2606627225820577,-1.3479059776834275,0.0,1.0,50.0,0.1,-1.1720799050859265,-2.504187347665474,0.677966100545824,0.25800000000000056,66400.0,1399.99999999997,1.0,0.7049180316312822,2.664919178564221,0.016949152513642138,0.677966100545824,1.0,ETHEREUM_otc,1785285960,1m,UP,0
0.45142857142857196,0.45054545696380277,1.0818055329655902,0.25881904510252074,0.9659258262890683,50.0,0.1,-0.7697978369716483,0.30367998040093336,0.13999999971999347,0.18599999999999922,12699.999999999995,15900.000000000033,0.0,0.252525252270176,4.952476237871322,0.35999999928000653,0.13999999971999347,1.0,SPACEX_otc,1785287100,1m,UP,1
0.5507142857142863,0.3468254778480673,-0.4559174112979241,0.25881904510252074,0.9659258262890683,50.0,0.1,0.3835751410753736,-0.07409105607612372,0.058823529238764154,0.32200000000000273,22199.99999999999,9799.999999999969,2.0,0.4403669720730564,2.0989793952994544,-0.3235294108131506,0.058823529238764154,0.0,GOLD_otc,1785287220,1m,DOWN,0
0.14928571428571402,0.09709234303904404,-0.12194447207817195,0.25881904510252074,0.9659258262890683,50.0,0.1,-0.20148167957178093,-0.32318045587946487,0.199999998,0.05999999999999801,4799.999999999968,1000.0000000000142,6.0,0.9285714252550911,0.8780181874920695,0.6999999930000178,0.199999998,1.0,EURCHF_otc,1785287760,1m,UP,1
0.19357142857142864,0.1419487602963748,0.0503543406502672,0.25881904510252074,0.9659258262890683,50.0,0.1,-0.40146554064032236,-0.3513133553159826,0.4285714270408308,0.13400000000000176,5300.000000000011,2400.0000000000196,7.0,0.4705882343713948,1.3672922251644297,0.35714285586735056,0.4285714270408308,1.0,EURJPY_otc,1785288120,1m,UP,1
0.4107142857142776,0.26027880231991063,0.047406044033446434,0.25881904510252074,0.9659258262890683,50.0,0.1,-0.08490398508358878,-0.037538190670697205,0.6153846138067509,0.21400000000002137,85.00000000000227,150.9999999999991,7.0,0.7749999990312447,0.22506048500471526,0.17948717902694472,0.6153846138067509,1.0,NIKE_otc,1785289020,1m,UP,1
0.17357142857142804,0.21381541798222145,0.3337319686837135,0.25881904510252074,0.9659258262890683,50.0,0.1,-0.4291606402152019,-0.09686091778489422,0.3333333305555556,0.06400000000000076,3399.9999999999986,5899.999999999998,3.0,0.8333333310185218,1.948051947946531,0.1666666652777778,0.3333333305555556,1.0,CHFJPY_otc,1785289080,1m,UP,1
0.137142857142857,0.06381635740476152,0.20198751791469322,0.25881904510252074,0.9659258262890683,50.0,0.1,0.5718459425260422,0.7749885178663396,0.4999999972222222,0.060000000000000143,1000.0000000000142,8299.999999999982,13.0,0.6874999978515693,1.7039403619965965,-0.22222222098766967,0.4999999972222222,0.0,CHFJPY_otc,1785289980,1m,DOWN,1
0.20214285714285754,0.26249123480835074,0.04384109521050001,0.49999999999999994,0.8660254037844387,50.0,0.1,0.4802320028011041,0.5242836369811834,0.49999999807690937,0.11599999999999966,2700.000000000031,8900.000000000005,16.0,0.8611111087191434,0.6489994591554163,-0.11538461494083364,0.49999999807690937,0.0,EURCAD_otc,1785293160,1m,DOWN,1
0.32785714285714107,0.2297980478440345,-0.03797020380813968,0.49999999999999994,0.8660254037844387,50.0,0.1,0.05974532066226185,0.02175243143410088,0.8867924511569854,0.22999999999998408,92.00000000000159,104.99999999999545,0.0,0.7761194018267078,0.17365160822077666,-0.09433962246353646,0.8867924511569854,0.0,AMZN_otc,1785293700,1m,DOWN,0
0.4350000000000013,0.34749654120650575,0.17808862307459528,0.7071067811865476,0.7071067811865476,50.0,0.1,0.001476221371843111,0.179567473428753,0.14705882331315986,0.14199999999999874,22999.99999999997,13799.999999999955,2.0,0.3888888884567814,1.2923607122157983,0.602941175583899,0.14705882331315986,1.0,SHIBA_otc,1785294420,1m,UP,0
0.40214285714286085,0.3578453530600124,-0.05939729338666507,0.7071067811865476,0.7071067811865476,50.0,0.1,-0.11622924709448393,-0.17555750345425117,0.5199999979199817,0.2300000000000068,402.99999999999727,32.99999999999841,5.0,0.792079207136529,0.24806582340600938,0.39999999840009093,0.5199999979199817,1.0,NETFLIX_otc,1785294600,1m,UP,0
0.5142857142857143,0.48834380340980243,0.8866806574977386,0.7071067811865476,0.7071067811865476,50.0,0.1,-1.3899552535920041,-0.5155990604757397,0.679012344840726,0.39199999999999946,28999.999999999985,9299.999999999996,1.0,0.4336283182003295,8.236151602898232,0.25925925893918483,0.679012344840726,1.0,ETHEREUM_otc,1785296760,1m,UP,1
0.15214285714285683,0.08583142179304325,0.08164104465833728,0.7071067811865476,0.7071067811865476,50.0,0.1,0.2369364719912081,0.3187709540604556,0.5263157867035578,0.0859999999999971,1200.0000000000455,7699.99999999996,7.0,0.41666666493055804,0.7003209804289431,-0.4210526293628986,0.5263157867035578,0.0,EURCHF_otc,1785297420,1m,DOWN,1
0.40000000000000363,0.3286477455498274,-0.3794118691568983,0.7071067811865476,0.7071067811865476,50.0,0.1,-0.4204556939607709,-0.7982723043102361,0.29411764619380604,0.14399999999999977,22800.00000000001,7099.999999999937,3.0,0.594936708107669,1.0484406104705002,0.2647058815744129,0.29411764619380604,1.0,NVIDIA_otc,1785297480,1m,UP,1
0.1599999999999994,0.07740644832035569,0.2582819585918543,0.8660254037844386,0.5000000000000001,50.0,0.1,0.4501010490467295,0.7095455374437042,0.39999999733332864,0.06799999999999998,1299.99999999999,6400.0000000000055,0.0,0.3888888867283775,0.9955752211838715,-0.0666666662222096,0.39999999733332864,0.0,CHFJPY_otc,1785297900,1m,DOWN,1
0.40357142857142697,0.25814320070033253,0.05264578886627463,0.8660254037844386,0.5000000000000001,50.0,0.1,-0.07215461610732138,-0.01954681360789989,0.5675675668005989,0.22799999999999726,85.00000000000227,197.99999999999613,5.0,0.4615384610312476,0.23068927928553787,0.08108108097143732,0.5675675668005989,1.0,PRATA_otc,1785298800,1m,UP,1
0.1535714285714295,0.11255523674482575,0.2340205026498135,0.8660254037844386,0.5000000000000001,50.0,0.1,0.3389762349629803,0.5737900115017176,0.31818181673554013,0.05600000000000023,1099.9999999999943,6300.0000000000255,5.0,0.48275861902497363,0.8415554265571202,-0.045454545247925075,0.31818181673554013,0.0,EURCHF_otc,1785300000,1m,DOWN,1
0.4657142857142844,0.36337550583531014,-0.018731050289267494,0.9659258262890683,0.25881904510252074,50.0,0.1,-0.08901834934451826,-0.10773272556200335,0.5208333322482441,0.25,240.99999999999682,75.99999999999909,14.0,0.7931034473642422,0.21813805380684081,0.45833333237851165,0.5208333322482441,1.0,SUI_otc,1785301440,1m,UP,0
0.5178571428571469,0.34841635442585633,0.08672256840254029,0.9659258262890683,0.25881904510252074,50.0,0.1,-0.11652864839581115,-0.029907136630084468,0.6124999992343777,0.29599999999999227,131.99999999999932,354.00000000000205,8.0,0.7346938770512326,0.36983923314873374,0.33749999957809745,0.6124999992343777,1.0,PRATA_otc,1785301680,1m,UP,1
0.43857142857143167,0.6766026964007595,0.08362649520628239,0.9659258262890683,0.25881904510252074,50.0,0.1,-0.014782521170117371,0.06883161193180733,0.36111111010805536,0.17200000000001409,62.999999999999545,219.99999999999886,2.0,0.6585365845627907,0.23369813041428872,0.5277777763117854,0.36111111010805536,1.0,NIKE_otc,1785303120,1m,UP,1
0.5428571428571445,0.3075648774867987,-0.03428822217438106,0.9659258262890683,0.25881904510252074,50.0,0.1,-0.10682789661420002,-0.14107948940204576,0.6805555546103801,0.4939999999999941,231.00000000000023,14.999999999997726,10.0,0.20879120856175967,0.19873334789212443,0.08333333321759917,0.6805555546103801,1.0,PETROLEO_otc,1785303300,1m,UP,1
0.49571428571429366,0.40302428142049035,-0.02134337692774345,0.9659258262890683,0.25881904510252074,50.0,0.1,-0.0674430324892309,-0.08877201479633869,0.5384615376331429,0.19600000000000364,181.00000000000023,45.999999999997954,2.0,0.4712643672743697,0.2191159803545683,0.3076923072189013,0.5384615376331429,1.0,PRATA_otc,1785304620,1m,UP,1
0.4964285714285706,0.39841995624218185,-0.03647387929368886,1.0,6.123233995736766e-17,50.0,0.1,-0.18218734721522023,-0.21859477571579744,0.4418604646024755,0.4019999999999982,224.0000000000009,47.00000000000273,16.0,0.4999999997474747,0.49918063784067224,0.11627906963225824,0.4418604646024755,1.0,SUI_otc,1785305460,1m,UP,1
0.49214285714284806,0.23975834904933005,-0.020751732862145638,1.0,6.123233995736766e-17,50.0,0.1,0.03310708856898413,0.012348485412260222,0.17142857118368277,0.20000000000001136,235.00000000000227,79.99999999999545,15.0,0.616822429330067,0.24175327609526265,-0.6428571419388509,0.17142857118368277,0.0,STARBUCKS_otc,1785306000,1m,DOWN,1
0.46000000000000024,0.47505002628417403,-0.8202850528714294,1.0,6.123233995736766e-17,50.0,0.1,4.238784821352958,3.3837296501685876,0.4745762703820732,0.41400000000000003,11300.000000000007,14800.000000000004,6.0,0.86607142779815,8.995983935020398,-0.4745762703820732,0.4745762703820732,0.0,SPACEX_otc,1785306360,1m,DOWN,1
0.5150000000000026,0.48463875753660424,0.0769803410115544,1.0,6.123233995736766e-17,50.0,0.1,0.014357945965488934,0.09134933977280983,0.2799999994399727,0.26800000000000634,56.99999999999932,280.00000000000114,0.0,0.46249999942187414,0.18096681520985403,0.4599999990800364,0.2799999994399727,1.0,MICROSOFT_otc,1785306600,1m,UP,0
0.4500000000000049,0.3416130127517403,0.01846810970246783,1.0,6.123233995736766e-17,50.0,0.1,-0.06525036820463266,-0.04679430901174612,0.6406249989990762,0.3040000000000077,136.00000000000136,103.99999999999636,9.0,0.8533333321955374,0.18163764500694668,0.3593749994384238,0.6406249989990762,1.0,AVAX_otc,1785307440,1m,UP,0
0.5071428571428547,0.5548056782721036,0.015137833553647867,1.0,6.123233995736766e-17,50.0,0.1,0.24569901318040252,0.2608740402417086,0.6081081072863176,0.5279999999999972,97.00000000000273,209.9999999999966,10.0,0.8465909086098687,0.5020108959168746,-0.3648648643717752,0.6081081072863176,0.0,NIKE_otc,1785307500,1m,DOWN,0
0.45642857142857046,0.40292406504385125,0.07831418973878791,1.0,6.123233995736766e-17,50.0,0.1,0.46435787903613013,0.5430357268853735,0.2888888882469423,0.1799999999999983,38199.99999999993,13900.000000000005,14.0,0.8979591830626185,2.158907328504053,-0.17777777738271675,0.2888888882469423,0.0,NVIDIA_otc,1785308340,1m,DOWN,1
0.15357142857142694,0.08586022374375388,0.1259996589639423,0.9659258262890683,-0.25881904510252063,50.0,0.1,-0.098188297689403,0.02768764435430816,0.6428571405612208,0.1,2500.0,11199.999999999975,0.0,0.8846153812130124,0.4418011894572303,0.17857142793366257,0.6428571405612208,1.0,EURNZD_otc,1785309600,1m,UP,1
0.17428571428571413,0.16194558847328708,0.20038572343508135,0.9659258262890683,-0.25881904510252063,50.0,0.1,0.26007336943628256,0.4609802427741708,0.1333333324444192,0.12199999999999989,1799.999999999997,15199.99999999996,2.0,0.999999997826087,0.7675621558356837,-0.4666666635555619,0.1333333324444192,0.0,EURNZD_otc,1785311220,1m,DOWN,1
0.522142857142857,0.406796652497949,0.637742017697768,0.9659258262890683,-0.25881904510252063,50.0,0.1,3.258408850220658,3.9169311102646662,0.5161290305931318,0.2120000000000001,9699.999999999987,16800.000000000015,5.0,0.4742857140146939,13.513513512469999,-0.2258064508844901,0.5161290305931318,0.0,SPACEX_otc,1785311400,1m,DOWN,1
0.12071428571428504,0.07457203906718397,-0.09063112587204974,0.8660254037844387,-0.4999999999999998,50.0,0.1,-0.1868289596125889,-0.27729076029508676,0.615384610650896,0.045999999999999375,6600.000000000036,499.9999999999716,4.0,0.5599999977600022,0.4658095770362249,0.07692307633134834,0.615384610650896,1.0,EURCAD_otc,1785314040,1m,UP,1
0.14571428571428516,0.06287961635907208,-0.01885184039081351,0.8660254037844387,-0.4999999999999998,50.0,0.1,-0.07877836585987133,-0.09761535507889044,0.7999999919999716,0.0759999999999991,4399.999999999977,3100.0000000000227,0.0,0.4545454524793477,0.36813922355474815,0.19999999800002843,0.7999999919999716,1.0,EURNZD_otc,1785314400,1m,UP,0
0.1500000000000006,0.17176043884462472,-0.1034079224740111,0.8660254037844387,-0.4999999999999998,50.0,0.1,-0.042714614380284587,-0.14607836655897224,0.38461538165682996,0.07599999999999767,4699.999999999988,7500.0,0.0,0.4444444427983656,0.5597014925257174,-0.5384615343195183,0.38461538165682996,0.0,GBPNZD_otc,1785314400,1m,DOWN,1
0.5128571428571433,0.41500695079792826,0.059128169599308104,0.8660254037844387,-0.4999999999999998,50.0,0.1,0.1127470594868952,0.17194189435875495,0.5510204070386865,0.24799999999999045,23.00000000000182,339.9999999999977,2.0,0.9326923067954923,0.26298487836881956,-0.38775510124946755,0.5510204070386865,0.0,PRATA_otc,1785314820,1m,DOWN,1
0.15142857142857075,0.12803030204340515,-0.0722540649027206,0.8660254037844387,-0.4999999999999998,50.0,0.1,-0.42603417659056286,-0.497980414482822,0.4999999949999645,0.08799999999999955,6099.999999999994,2400.0000000000196,19.0,0.9714285686530669,0.9495387954164571,0.2999999970000071,0.4999999949999645,1.0,GBPCAD_otc,1785315240,1m,UP,1
0.45357142857143423,0.37538039316783645,0.025801014689023787,0.8660254037844387,-0.4999999999999998,50.0,0.1,-0.04068607583574532,-0.014895558567124299,0.4374999994531472,0.21200000000000047,260.0000000000023,127.99999999999727,3.0,0.5206611565945,0.2647470680897366,0.4249999994687127,0.4374999994531472,1.0,PETROLEO_otc,1785315480,1m,UP,0
0.12428571428571443,0.0830629312607216,0.11136697888955505,0.7071067811865476,-0.7071067811865475,50.0,0.1,0.24925387468136034,0.36089844008091315,0.7894736800554036,0.0799999999999983,1799.999999999997,6000.000000000014,9.0,0.42857142734694165,0.8287946956943083,-0.052631578670350274,0.7894736800554036,0.0,CADJPY_otc,1785316140,1m,DOWN,1
0.45571428571428135,0.2924620760383657,0.018455181434942458,0.7071067811865476,-0.7071067811865475,50.0,0.1,-0.1363904700740683,-0.11796045974783798,0.5624999988281324,0.2600000000000023,250.9999999999991,175.0,9.0,0.7539682533698628,0.3587495017357791,0.31249999934893613,0.5624999988281324,1.0,NIKE_otc,1785316740,1m,UP,1
0.16214285714285634,0.19018932152350218,0.1385346645773404,0.7071067811865476,-0.7071067811865475,50.0,0.1,0.23830916422082105,0.37717396959947186,0.6666666622221906,0.11199999999999903,900.0000000000341,6999.999999999957,1.0,0.2926829261154037,0.6832194634113722,-0.19999999866667614,0.6666666622221906,0.0,EURNZD_otc,1785317160,1m,DOWN,1
0.3157142857142706,0.45672087314531606,-0.08970576559303176,0.7071067811865476,-0.7071067811865475,50.0,0.1,-0.07566341288081874,-0.16530130403005194,0.7241379285374756,0.082000000000005,242.0000000000016,8.999999999997499,0.0,0.5090909081652292,0.1403992443964383,0.24137930951249187,0.7241379285374756,1.0,AMZN_otc,1785317700,1m,UP,1
0.4692857142857057,0.46183104276880543,0.012998285347704178,0.7071067811865476,-0.7071067811865475,50.0,0.1,0.10471072171042294,0.11772261765652467,0.419354837356979,0.32599999999998774,186.00000000000136,137.99999999999955,16.0,0.834862384555162,0.2545182832852543,-0.4516129017690261,0.419354837356979,0.0,COKE_otc,1785318060,1m,DOWN,1
0.15214285714285733,0.09094437377392431,-0.13058594955866262,0.7071067811865476,-0.7071067811865475,50.0,0.1,0.299858037698464,0.16888051567394485,0.666666662222238,0.09199999999999875,6400.0000000000055,4100.000000000036,7.0,0.5862068945303286,0.6916289053018909,-0.0666666662222096,0.666666662222238,0.0,CADJPY_otc,1785318120,1m,DOWN,1
0.5678571428571543,0.6303043046497468,-0.001348095821641946,0.7071067811865476,-0.7071067811865475,50.0,0.1,0.16047337156680108,0.1591231124103422,0.2999999994000682,0.43800000000001094,182.9999999999984,197.00000000000273,10.0,0.8263473048943921,0.4233850522248712,-0.5399999989199636,0.2999999994000682,0.0,PRATA_otc,1785318600,1m,DOWN,0
0.1557142857142862,0.09285460689685743,-0.02877113141085566,0.49999999999999994,-0.8660254037844387,50.0,0.1,-0.23115701215529935,-0.2598616370784224,0.2608695640831812,0.0660000000000025,5199.99999999996,4699.999999999988,4.0,0.9393939365473027,0.9663250365749199,0.2608695640831812,0.2608695640831812,1.0,EURCHF_otc,1785320640,1m,UP,1
0.16714285714285687,0.13013940116563186,-0.1980740973771461,0.49999999999999994,-0.8660254037844387,50.0,0.1,-0.008579462449821102,-0.20663656613415993,0.6428571405612462,0.10600000000000306,9299.999999999996,1800.0000000000682,1.0,0.1739130427221105,0.38707505889621885,-0.2857142846938703,0.6428571405612462,0.0,EURNZD_otc,1785321660,1m,DOWN,1
0.15428571428571658,0.06290145790568177,0.025965222955251912,0.49999999999999994,-0.8660254037844387,50.0,0.1,-0.2666357000365134,-0.24073970963525426,0.038461538313628384,0.05999999999999943,2899.9999999999914,6799.999999999997,17.0,0.7249999981874875,1.2453300124145468,0.8076923045857861,0.038461538313628384,1.0,NZDJPY_otc,1785322020,1m,UP,1
0.4664285714285654,0.36449347662198034,-0.015586258653573765,0.49999999999999994,-0.8660254037844387,50.0,0.1,-0.016516017351499136,-0.03209970177588922,0.455555555049422,0.2400000000000091,233.0000000000041,85.99999999999568,0.0,0.7380952372165807,0.2085661080069247,0.23333333307405724,0.455555555049422,1.0,NETFLIX_otc,1785322500,1m,UP,1
0.5307142857142862,0.33963215395727225,-0.06180875708038746,0.258819045102521,-0.9659258262890682,50.0,0.1,-0.07994956517656632,-0.14170890642442696,0.7162162152483108,0.3139999999999986,367.0000000000016,19.999999999998863,2.0,0.36936936903658985,0.24535266682820964,0.12162162145723279,0.7162162152483108,1.0,PETROLEO_otc,1785324120,1m,UP,1
0.5185714285714289,0.301501735820821,-0.12434418953822501,0.258819045102521,-0.9659258262890682,50.0,0.1,-0.5915131494840943,-0.7151218267905813,0.24489795868387548,0.31999999999999884,14299.999999999996,35700.0,0.0,0.22916666642795,1.6298811544714809,0.20408163223657017,0.24489795868387548,1.0,GOLD_otc,1785324600,1m,UP,0
0.471428571428569,0.528764369282689,-0.030112653440786282,0.258819045102521,-0.9659258262890682,50.0,0.1,0.056205168108413486,0.026075589800138906,0.704545453744779,0.3139999999999873,123.00000000000182,114.99999999999773,3.0,0.599999999333308,0.20993212194674207,-0.13636363620868355,0.704545453744779,0.0,COKE_otc,1785325380,1m,DOWN,0
0.13571428571428562,0.10471310885040326,0.0936421970501217,0.258819045102521,-0.9659258262890682,50.0,0.1,0.2162072786564088,0.3100519369524466,0.08333333298609384,0.07199999999999988,4400.000000000048,5899.999999999963,19.0,0.9999999972222221,0.9659243359011197,-0.4583333314236346,0.08333333298609384,0.0,EURJPY_otc,1785326040,1m,DOWN,1
0.38857142857143245,0.29621884542105104,0.0499563201122711,1.2246467991473532e-16,-1.0,50.0,0.1,-0.0986247514064121,-0.048717700590663514,0.3030303025711375,0.18799999999998818,109.99999999999659,438.99999999999864,14.0,0.867469878472918,0.2096541968723495,0.43939393872820537,0.3030303025711375,1.0,PRATA_otc,1785327540,1m,UP,1
0.509999999999995,0.7627624750891343,0.06648507580623403,1.2246467991473532e-16,-1.0,50.0,0.1,0.0977792397905077,0.16432932419843924,0.5454545446280601,0.17599999999998772,104.00000000000205,223.99999999999523,0.0,0.41573033661152387,0.1897007417508198,-0.015151515128631388,0.5454545446280601,0.0,LINK_otc,1785327600,1m,DOWN,0
0.18428571428571366,0.22279444032124085,-0.07313694664851435,1.2246467991473532e-16,-1.0,50.0,0.1,0.46574633383001074,0.3922687545338058,0.5555555524691446,0.15,5600.000000000023,6400.0000000000055,5.0,0.8823529398788952,1.4388489208328634,-0.22222222098764993,0.5555555524691446,0.0,GBPNZD_otc,1785328200,1m,DOWN,1
0.432857142857143,0.24383046721679225,0.014528307984314263,1.2246467991473532e-16,-1.0,50.0,0.1,0.04495947031116467,0.05949431014579385,0.4888888878024158,0.18799999999998818,95.00000000000455,142.999999999995,2.0,0.27102803712990114,0.2454128440361328,-0.35555555476549666,0.4888888878024158,0.0,MICROSOFT_otc,1785329220,1m,DOWN,1
0.14500000000000007,0.07670766542015665,0.09591708713868159,-0.2588190451025208,-0.9659258262890683,50.0,0.1,-0.21053999029822043,-0.11482484698549494,0.499999996875,0.08599999999999994,3200.0000000000027,7100.000000000008,7.0,0.39285714145408795,0.668576886325951,0.2499999984375,0.499999996875,1.0,CADJPY_otc,1785330120,1m,UP,0
0.17428571428571452,0.12061427028846126,0.03779315353611677,-0.2588190451025208,-0.9659258262890683,50.0,0.1,-0.9760705507586372,-0.9386462850643894,0.3999999959999929,0.0899999999999995,15000.0,2700.000000000013,3.0,0.911764703200689,2.5110782863729018,0.099999999000016,0.3999999959999929,1.0,CHFJPY_otc,1785330780,1m,UP,1
0.172857142857143,0.11913839030117261,-0.1649256695551708,-0.2588190451025208,-0.9659258262890683,50.0,0.1,-0.30669665898883874,-0.47111650702566893,0.6923076869822612,0.05200000000000245,8900.000000000005,1099.9999999999943,0.0,0.32499999918750755,1.0749798440990292,0.3076923053254312,0.6923076869822612,1.0,GBPCAD_otc,1785331200,1m,UP,1
0.43714285714286155,0.5473256659460123,-0.05310756323897099,-0.2588190451025208,-0.9659258262890683,50.0,0.1,-0.21223211579687773,-0.2652269677307385,0.6181818170579603,0.2800000000000182,435.0000000000023,38.999999999998636,8.0,0.8928571423256766,0.47667688116991264,0.14545454519006573,0.6181818170579603,1.0,NIKE_otc,1785331980,1m,UP,1
0.20999999999999996,0.27950997151289236,-2.4517542601889954,-0.2588190451025208,-0.9659258262890683,50.0,0.1,-0.592057448192401,-3.029295914672573,0.18181818016528634,0.05999999999999979,16400.000000000004,1300.0000000000077,0.0,0.4499999977499969,1.6233766232448643,-0.6363636305785183,0.18181818016528634,0.0,CHFJPY_otc,1785332400,1m,DOWN,1
0.2964285714285698,0.1519615333335457,-0.006356665950985288,-0.2588190451025208,-0.9659258262890683,50.0,0.1,0.05400853029972954,0.04764843120688806,0.36842105069278847,0.22999999999999546,116.99999999999591,72.00000000000273,16.0,0.6111111099794356,0.13700367880212955,-0.26315789335156436,0.36842105069278847,0.0,AMZN_otc,1785332760,1m,DOWN,1
0.43142857142856883,0.32598877483630706,0.0010795474432191076,-0.2588190451025208,-0.9659258262890683,50.0,0.1,0.03295856016426378,0.03403846341077646,0.28571428513116215,0.11800000000000636,147.00000000000273,164.99999999999773,2.0,0.39423076885168434,0.2207692960851142,-0.24489795868388645,0.28571428513116215,0.0,LINK_otc,1785332820,1m,DOWN,1
0.15785714285714342,0.14483981299270984,-0.09293492707143583,-0.2588190451025208,-0.9659258262890683,50.0,0.1,0.2899318046218474,0.19672742963922937,0.4666666635555619,0.07400000000000091,5399.999999999991,10300.000000000011,4.0,0.8999999982000058,0.8946144211684628,-0.5333333297777715,0.4666666635555619,0.0,EURCAD_otc,1785332940,1m,DOWN,1
0.17999999999999922,0.16845940587802058,0.32179324684927835,-0.4999999999999997,-0.8660254037844388,50.0,0.1,-0.19402794227719353,0.1271409357568362,0.5714285687075024,0.08999999999999772,3599.999999999994,12999.99999999997,0.0,0.4146341453301682,1.0832232496411212,0.23809523696143675,0.5714285687075024,1.0,EURJPY_otc,1785333600,1m,UP,0
0.13857142857142893,0.0790326125505744,-0.042539145059342205,-0.7071067811865471,-0.7071067811865479,50.0,0.1,-0.24869994093709588,-0.29113329116780035,0.5454545429751978,0.08399999999999892,4799.999999999968,2800.0000000000114,4.0,0.3999999979999858,0.48602673145842673,0.09090909049588246,0.5454545429751978,1.0,CADJPY_otc,1785337440,1m,UP,0
0.1500000000000001,0.09474372604888466,-0.8317819919859344,-0.7071067811865471,-0.7071067811865479,50.0,0.1,-1.0288602020604187,-1.8520843201629045,0.6999999964999991,0.08399999999999999,10400.00000000001,1400.0000000000057,2.0,0.8108108086194299,3.2090199476835286,0.2999999985000009,0.6999999964999991,1.0,CHFJPY_otc,1785338220,1m,UP,1
0.13785714285714284,0.08278464050528851,-0.5246090798216114,-0.7071067811865471,-0.7071067811865479,50.0,0.1,0.11042164233725368,-0.4147667194461471,0.2857142836735129,0.03799999999999955,16999.999999999956,2300.0000000000396,3.0,0.6206896530321054,0.7820927723629403,-0.42857142551016786,0.2857142836735129,0.0,EURJPY_otc,1785338580,1m,DOWN,0
0.4964285714285706,0.24892736924807046,-0.037110079439643236,-0.7071067811865471,-0.7071067811865479,50.0,0.1,-0.09685182868469275,-0.13392596633377232,0.6285714276734764,0.2259999999999991,225.0,21.000000000003638,5.0,0.29411764677048924,0.25369347858465024,0.05714285706125465,0.6285714276734764,1.0,NETFLIX_otc,1785340200,1m,UP,1
0.4457142857142742,0.46826544549478055,-0.043188528131678415,-0.7071067811865471,-0.7071067811865479,50.0,0.1,0.08005609279048694,0.036832989610652574,0.7968749987549745,0.32400000000002366,250.0,131.00000000000023,2.0,0.35074626839494993,0.34112316073432203,-0.046874999926716183,0.7968749987549745,0.0,PRATA_otc,1785340620,1m,DOWN,0
0.5978571428571442,0.5000219775378067,-0.7900765091704967,-0.8660254037844385,-0.5000000000000004,50.0,0.1,0.02163373597257401,-0.768613696263898,0.309523808786836,0.25,28900.000000000004,14099.999999999965,0.0,0.315217390961711,1.3704751973578086,-0.38095238004534177,0.309523808786836,0.0,SHIBA_otc,1785340800,1m,DOWN,0
0.14785714285714288,0.1059882846503047,-0.01796425512929395,-0.8660254037844385,-0.5000000000000004,50.0,0.1,0.28893273726815416,0.27091657752478526,0.333333329629656,0.05799999999999841,4799.999999999968,3800.0000000000255,13.0,0.9302325559762006,1.1528150133739186,-0.5555555493827073,0.333333329629656,0.0,GBPCAD_otc,1785342480,1m,DOWN,0
0.4914285714285792,0.4068911888401788,-0.0633284554334939,-0.8660254037844385,-0.5000000000000004,50.0,0.1,0.050796349194918856,-0.012564274781936785,0.6538461525887322,0.3,200.9999999999991,89.99999999999773,0.0,0.4285714281341191,0.22353504710152206,-0.15384615355037995,0.6538461525887322,0.0,STARBUCKS_otc,1785342600,1m,DOWN,1
0.5978571428571513,0.6994255884572792,-0.16311268777600874,-0.8660254037844385,-0.5000000000000004,50.0,0.1,0.10934552004935728,-0.05394552414336661,0.5616438348470056,0.5039999999999963,592.0000000000016,184.9999999999966,2.0,0.7204301071395655,0.4232370810284618,-0.013698630118286122,0.5616438348470056,0.0,PETROLEO_otc,1785342720,1m,DOWN,1
0.1342857142857142,0.1111107753352854,-0.4488858716880726,-0.8660254037844385,-0.5000000000000004,50.0,0.1,2.9113214472964755,2.4493670649520642,0.4999999937500001,0.05399999999999992,3200.0000000000027,3999.9999999999945,10.0,0.8333333310185173,7.860262007017417,-0.2499999968750056,0.4999999937500001,0.0,FORD_otc,1785343200,1m,DOWN,0
0.4550000000000044,0.32945592844448135,-0.015813533919515076,-0.8660254037844385,-0.5000000000000004,50.0,0.1,-0.09111273597958959,-0.10691186175569552,0.884057969733272,0.3059999999999832,175.0,198.99999999999523,0.0,0.8072289146900651,0.20562368388405422,0.08695652161311007,0.884057969733272,1.0,NETFLIX_otc,1785343500,1m,UP,0
0.5642857142857134,0.6356877386725923,0.49905893867162365,-0.8660254037844385,-0.5000000000000004,50.0,0.1,-1.7610067006362669,-1.2707362233147745,0.8382352928849489,0.4019999999999989,30100.000000000015,11399.999999999987,0.0,0.5495495490544596,6.764168189715769,0.05882352932525829,0.8382352928849489,1.0,SPACEX_otc,1785343800,1m,UP,0
0.5500000000000073,0.3320044021066406,-0.058799331154715404,-0.8660254037844385,-0.5000000000000004,50.0,0.1,-0.1133628673253533,-0.1720955418723036,0.9482758604339548,0.2779999999999859,568.9999999999998,55.00000000000114,17.0,0.8188405791167815,0.3149750074171697,0.05172413784190732,0.9482758604339548,1.0,PETROLEO_otc,1785343920,1m,UP,1
0.15642857142857128,0.11154509264186081,-0.03338453337707166,-0.9659258262890683,-0.25881904510252063,50.0,0.1,-0.42072710638083755,-0.45397118197665315,0.5263157867035962,0.10200000000000031,4399.999999999977,4900.00000000002,0.0,0.41463414533015597,1.3350700097253319,0.3684210506925267,0.5263157867035962,1.0,NZDJPY_otc,1785344700,1m,UP,1
0.4557142857142849,0.2287231639116078,-0.3611420730062127,-0.9659258262890683,-0.25881904510252063,50.0,0.1,0.42643347890952965,0.06375137519759053,0.543478260278827,0.20800000000000124,26700.000000000015,6699.999999999945,2.0,0.7391304337114047,1.1788826242750878,-0.13043478246692342,0.543478260278827,0.0,NVIDIA_otc,1785345120,1m,DOWN,1
0.4964285714285719,0.48714970508516786,1.2052290708851365,-0.9659258262890683,-0.25881904510252063,50.0,0.1,-1.6157729049399092,-0.4300175988245938,0.5833333326388871,0.23799999999999882,14800.000000000004,15800.0,2.0,0.6453900704642623,8.519637461720867,0.40476190428004527,0.5833333326388871,1.0,SPACEX_otc,1785345120,1m,UP,0
0.5071428571428588,0.4678175891214492,-0.0002031280758088161,-0.9659258262890683,-0.25881904510252063,50.0,0.1,0.018154090983155832,0.017950926031291323,0.2528735629277616,0.17800000000002,311.00000000000136,131.00000000000023,0.0,0.6666666658436449,0.18604010197711063,0.3678160915312361,0.2528735629277616,1.0,STARBUCKS_otc,1785345600,1m,UP,1
0.12642857142857114,0.08016809263724634,0.05211903002475855,-0.9659258262890683,-0.25881904510252063,50.0,0.1,0.2195591545574659,0.27179261668391036,0.9166666590277927,0.08599999999999568,999.9999999999432,5200.000000000031,2.0,0.5714285687074685,0.5839822024309261,-0.08333333263887409,0.9166666590277927,0.0,EURCHF_otc,1785346620,1m,DOWN,0
0.15214285714285886,0.10839488249177216,-0.18291267347530044,-0.9659258262890683,-0.25881904510252063,50.0,0.1,-0.4621240600996672,-0.6441914501018667,0.9259259224965842,0.11399999999999863,17700.00000000003,300.00000000001137,17.0,0.6724137919441171,1.452905811586847,0.074074073799712,0.9259259224965842,1.0,CADJPY_otc,1785346920,1m,UP,1
0.10428571428571441,0.0769793750028366,0.46786052079013585,-1.0,-1.8369701987210297e-16,50.0,0.1,1.39133709840738,1.865707136192071,0.3749999976562528,0.056000000000000064,1100.0000000000032,7400.000000000002,9.0,0.6999999965000009,4.089979549265839,-0.12499999921874723,0.3749999976562528,0.0,FORD_otc,1785348540,1m,DOWN,1
0.15285714285714316,0.10487040667799355,-0.21960098942075093,-1.0,-1.8369701987210297e-16,50.0,0.1,1.2998583139183972,1.0774028227792138,0.5263157867035957,0.11000000000000085,7999.999999999989,4100.000000000001,6.0,0.29268292611540675,4.375667021944949,-0.3157894720221518,0.5263157867035957,0.0,CHFJPY_otc,1785348960,1m,DOWN,1
0.18499999999999872,0.14015689795634345,0.22857222430046267,-1.0,-1.8369701987210297e-16,50.0,0.1,0.41836559167293536,0.6478940835119927,0.692307686982299,0.1260000000000005,299.9999999999403,9400.000000000047,4.0,0.6041666654079882,1.0289389067303483,-0.1538461526626967,0.692307686982299,0.0,GBPNZD_otc,1785350040,1m,DOWN,0
0.4764285714285726,0.2557997586562494,0.06593628766641711,-1.0,-1.8369701987210297e-16,50.0,0.1,0.1314151803679865,0.19743811832576835,0.7941176458910084,0.23799999999999955,14.00000000000432,450.9999999999991,10.0,0.7567567560749621,0.2515523727501922,-0.07352941165659653,0.7941176458910084,0.0,MICROSOFT_otc,1785350100,1m,DOWN,1
0.10857142857142829,0.059484969010283384,-0.04037112894695699,-1.0,-1.8369701987210297e-16,50.0,0.1,0.056563142391422974,0.01616917826531469,0.2799999988799727,0.0460000000000008,5000.0,2000.0000000000284,3.0,0.7826086922495435,0.23669856951490892,-0.23999999904000907,0.2799999988799727,0.0,INTEL_otc,1785351180,1m,DOWN,1
0.4942857142857114,0.339822998534785,-0.03923838250308063,-0.9659258262890684,0.2588190451025203,50.0,0.1,-0.002719679292226217,-0.04195699463714331,0.038461538387536125,0.12000000000000455,143.99999999999977,88.99999999999864,4.0,0.5454545448346697,0.18785355961108272,-0.6153846142011246,0.038461538387536125,0.0,LINK_otc,1785352140,1m,DOWN,0
0.14142857142857018,0.0995843007964309,0.13736348377254823,-0.9659258262890684,0.2588190451025203,50.0,0.1,-0.1467980413837973,-0.00963620451500369,0.8888888790123634,0.052000000000001025,2800.0000000000114,11400.000000000005,0.0,0.3599999985599852,0.4256043581813823,0.11111110987652568,0.8888888790123634,1.0,EURCAD_otc,1785352200,1m,UP,1
0.15928571428571406,0.15152702584349062,0.20701906689626942,-0.9659258262890684,0.2588190451025203,50.0,0.1,-0.20671566018203386,-0.00012453411660177257,0.2142857127551093,0.09199999999999875,4699.999999999988,16899.999999999978,6.0,0.9999999974999999,0.8422825857897994,0.5714285673469243,0.2142857127551093,1.0,GBPNZD_otc,1785352260,1m,UP,1
0.1671428571428574,0.14878260562496115,0.021187513408601866,-0.9659258262890684,0.2588190451025203,50.0,0.1,0.47736473631712584,0.4986533914432429,0.5714285673469751,0.1039999999999992,4199.999999999945,7600.000000000051,12.0,0.714285712244895,0.9251916468166788,-0.42857142551016786,0.5714285673469751,0.0,EURJPY_otc,1785352320,1m,DOWN,1
0.5278571428571378,0.3014698424128118,0.03206037571371064,-0.9659258262890684,0.2588190451025203,50.0,0.1,-0.060627334553398096,-0.02858639619093048,0.16216216201608258,0.24400000000001681,101.99999999999818,136.00000000000136,3.0,0.7333333326348953,0.27259274643611864,0.3963963960392959,0.16216216201608258,1.0,SUI_otc,1785352980,1m,UP,1
0.15142857142857125,0.17720820312093052,-0.08450263793199712,-0.9659258262890684,0.2588190451025203,50.0,0.1,0.3160526388155391,0.23128292806648917,0.49999999500003556,0.08200000000000074,5099.99999999998,13599.999999999995,4.0,0.6976744169821628,0.9041211101576083,-0.2999999970000071,0.49999999500003556,0.0,GBPNZD_otc,1785353040,1m,DOWN,1
0.4557142857142864,0.3139293684149556,-0.5052345860557336,-0.9659258262890684,0.2588190451025203,50.0,0.1,0.3964830438575877,-0.11075471166356085,0.7543859635887957,0.22800000000000012,31200.000000000044,6799.999999999997,0.0,0.6428571419387734,1.099591580252906,-0.03508771923668121,0.7543859635887957,0.0,SHIBA_otc,1785353400,1m,DOWN,1
0.1635714285714284,0.15950472795761775,0.657483906469752,-0.8660254037844386,0.5000000000000001,50.0,0.1,-2.3144739081827654,-1.6722072951787565,0.8333333298611149,0.13000000000000042,5800.0,8899.999999999987,7.0,0.799999998,4.132231404531797,0.08333333298610926,0.8333333298611149,1.0,CHFJPY_otc,1785355620,1m,UP,0
0.4692857142857138,0.33398361472357824,0.023426454355846574,-0.8660254037844386,0.5000000000000001,50.0,0.1,0.019761694325538696,0.04319277814568639,0.17741935455257013,0.20399999999999635,115.99999999999682,318.9999999999998,3.0,0.32608695581290276,0.11864231919912564,-0.08064516116026749,0.17741935455257013,0.0,SUI_otc,1785356280,1m,DOWN,1
0.5807142857142732,0.4766094767589864,0.030682204746615628,-0.8660254037844386,0.5000000000000001,50.0,0.1,0.08712737270264284,0.11783631004814143,0.7446808494794976,0.26400000000001,319.99999999999886,191.0000000000025,3.0,0.7256637161719759,0.25849842155771846,-0.08510638279757393,0.7446808494794976,0.0,PETROLEO_otc,1785356880,1m,DOWN,1
0.5071428571428588,0.5196744542504697,0.02598088522934924,-0.7071067811865477,0.7071067811865474,50.0,0.1,0.02845616878999974,0.05444444718390298,0.09999999974990052,0.05600000000000591,125.99999999999909,332.9999999999984,5.0,0.21232876697786154,0.33271803286084006,-0.5749999985624964,0.09999999974990052,0.0,PETROLEO_otc,1785359400,1m,DOWN,1
0.3878571428571393,0.2711432856021909,0.038852627517452,-0.7071067811865477,0.7071067811865474,50.0,0.1,-0.034140564915227815,0.0046987980957053106,0.031249999951144122,0.060000000000002274,99.00000000000091,324.0000000000009,10.0,0.8888888879910086,0.2242406396515814,0.4062499993652288,0.031249999951144122,1.0,STARBUCKS_otc,1785359400,1m,UP,1
0.17571428571428527,0.09621404709226565,0.15033930309975083,-0.5000000000000004,0.8660254037844384,50.0,0.1,0.33568658687640873,0.4865305588514689,0.4516129017689995,0.08800000000000097,1199.9999999999743,9600.000000000007,8.0,0.5599999988800023,1.304121022396867,-0.16129032206037006,0.4516129017689995,0.0,EURCHF_otc,1785362580,1m,DOWN,1
0.14785714285714338,0.11653420004105335,-0.042039156992036614,-0.5000000000000004,0.8660254037844384,50.0,0.1,-0.2007350178314001,-0.2426897875141526,0.5909090882231552,0.037999999999998126,12100.000000000007,1000.0000000000142,3.0,0.5405405390796123,0.6633201864348588,0.1818181809917326,0.5909090882231552,1.0,EURCAD_otc,1785364080,1m,UP,0
0.5135714285714285,0.6181685996376145,-0.08079828153346309,-0.5000000000000004,0.8660254037844384,50.0,0.1,-1.3379840792876714,-1.4177012926778787,0.3396226408686353,0.3460000000000008,23100.000000000022,15499.99999999997,18.0,0.5777777771358069,1.6163793103157953,0.018867924492698238,0.3396226408686353,1.0,NVIDIA_otc,1785364080,1m,UP,1
0.15428571428571505,0.08525333934113803,-0.20201930504353352,-0.5000000000000004,0.8660254037844384,50.0,0.1,-0.23058690090154763,-0.4321403758903585,0.15384615266268828,0.05199999999999818,9699.999999999987,2400.0000000000196,7.0,0.5172413775267505,0.6188647033585372,0.15384615266274293,0.15384615266268828,1.0,GBPNZD_otc,1785364620,1m,UP,1
0.14571428571428566,0.13516981585749935,0.013107057714008245,-0.5000000000000004,0.8660254037844384,50.0,0.1,0.07632415229655311,0.08944121386125257,0.8461538396449494,0.0759999999999991,3000.0000000000423,5299.99999999994,0.0,0.6499999967500035,0.35945363047521267,-0.15384615266274293,0.8461538396449494,0.0,EURNZD_otc,1785364800,1m,DOWN,0
0.4850000000000015,0.5624651392907442,0.05491607448352293,-0.5000000000000004,0.8660254037844384,50.0,0.1,-0.1436103002311157,-0.08877309088703371,0.8624999989218599,0.36599999999997407,137.99999999999955,262.00000000000045,4.0,0.9788732387472517,0.32281531326652446,0.049999999937524874,0.8624999989218599,1.0,PETROLEO_otc,1785365640,1m,UP,0
0.4392857142857208,0.21673906933234974,0.04763123108115418,-0.25881904510252157,0.9659258262890681,50.0,0.1,0.04958257071554155,0.09723741858552923,0.3749999993303191,0.1799999999999727,29.000000000002046,282.9999999999984,10.0,0.38399999969276905,0.26363521322760447,-0.3749999993303191,0.3749999993303191,0.0,LINK_otc,1785366600,1m,DOWN,1
0.14428571428571552,0.12206105480309264,0.10145533812019154,-0.25881904510252157,0.9659258262890681,50.0,0.1,-0.21672506601225172,-0.11548960704057412,0.29999999850000714,0.09200000000000016,3599.999999999994,10700.000000000002,0.0,0.26470588157440184,0.8835758835529306,0.14999999925000357,0.29999999850000714,1.0,EURCHF_otc,1785367200,1m,UP,0
0.14785714285714338,0.09241866039239718,0.09074918227383633,-0.25881904510252157,0.9659258262890681,50.0,0.1,0.1936982245397528,0.2846231863684379,0.23076922899408706,0.053999999999997786,12700.000000000031,6499.999999999985,5.0,0.47058823391002963,0.6240822320002855,-0.3076923053254312,0.23076922899408706,0.0,EURNZD_otc,1785368100,1m,DOWN,1
0.1350000000000003,0.1595477812621755,0.08398569022987215,-0.25881904510252157,0.9659258262890681,50.0,0.1,0.8315567212798955,0.9162408001617874,0.6428571382653026,0.08999999999999986,5399.999999999991,6099.999999999994,16.0,0.5555555540123446,1.180327868813758,-0.14285714183673107,0.6428571382653026,0.0,NZDJPY_otc,1785368160,1m,DOWN,1
0.44357142857143017,0.26729002235741317,0.20003469064217927,0.0,1.0,50.0,0.1,-0.46647423338762795,-0.2673726530351311,0.43478260775047123,0.1700000000000017,9200.000000000016,22999.99999999997,7.0,0.8571428563775546,1.5080113100645272,0.43478260775047123,0.43478260775047123,1.0,GOLD_otc,1785371820,1m,UP,1
0.14499999999999907,0.13185073145451068,-0.03368100950644935,0.25881904510252074,0.9659258262890683,50.0,0.1,0.18608972267032559,0.1523460362666931,0.12499999843747782,0.06399999999999864,3800.0000000000255,4799.999999999968,1.0,0.35483870853278204,0.7473481195576706,-0.4999999937500001,0.12499999843747782,0.0,CADJPY_otc,1785373560,1m,DOWN,0
0.5007142857142857,0.5856094786952698,-4.213830818099399,0.25881904510252074,0.9659258262890683,50.0,0.1,12.657398827546947,7.910206636882624,0.6724137919441135,0.36999999999999994,26900.000000000004,16600.0,6.0,0.9523809518140589,24.41860464761357,-0.1379310342449466,0.6724137919441135,0.0,ETHEREUM_otc,1785373560,1m,DOWN,1
0.15857142857142797,0.15794003591513245,0.0822656574368248,0.25881904510252074,0.9659258262890683,50.0,0.1,0.14790190736891962,0.23028923728220305,0.2999999969999574,0.04799999999999756,6500.000000000056,5299.99999999994,0.0,0.2857142846938703,0.5158437730192386,-0.4999999950000711,0.2999999969999574,0.0,EURCAD_otc,1785376500,1m,DOWN,1
0.4500000000000008,0.4545133854146127,0.022651912580198174,0.25881904510252074,0.9659258262890683,50.0,0.1,-0.018792805055718537,0.00385485059470705,0.23076923032546062,0.19200000000000728,113.99999999999864,106.00000000000023,3.0,0.9534883709842928,0.20845958065638806,0.711538460170152,0.23076923032546062,1.0,AVAX_otc,1785376680,1m,UP,0
0.16928571428571462,0.1453604840686498,-1.510603586328421,0.49999999999999994,0.8660254037844387,50.0,0.1,0.6506258052486674,-0.8698061578274183,0.3749999976562528,0.05,11499.999999999985,3200.0000000000027,4.0,0.7499999979166666,3.9955604879028175,-0.24999999843749446,0.3749999976562528,0.0,CHFJPY_otc,1785378540,1m,DOWN,1
0.18285714285714313,0.11267233442178536,-1.512100490731683,0.49999999999999994,0.8660254037844387,50.0,0.1,-1.0080630021625965,-2.5049205672916943,0.5483870950052018,0.06600000000000002,13199.999999999984,1500.0000000000034,0.0,0.7419354814776276,3.546910754742922,0.19354838647242584,0.5483870950052018,1.0,CHFJPY_otc,1785378600,1m,UP,1
0.1942857142857142,0.13499084217819665,-0.015526473791277676,0.49999999999999994,0.8660254037844387,50.0,0.1,-0.5196773331778791,-0.5351231194042216,0.6153846130177535,0.11400000000000006,7300.000000000039,3099.9999999999513,12.0,0.7999999977142856,0.9636563876386698,0.03846153831360106,0.6153846130177535,1.0,GBPCAD_otc,1785379320,1m,UP,1
0.4728571428571432,0.41524784072275883,-0.01737201866110241,0.49999999999999994,0.8660254037844387,50.0,0.1,0.03909349798021395,0.021714687989347142,0.48387096696151327,0.17000000000000454,136.00000000000136,137.00000000000045,1.0,0.4782608688720642,0.16949568891358244,-0.04838709669610548,0.48387096696151327,0.0,NETFLIX_otc,1785379560,1m,DOWN,0
0.14571428571428363,0.07255539755977873,-0.01929315769317376,0.49999999999999994,0.8660254037844387,50.0,0.1,-0.2859997307517054,-0.30523771006582323,0.35294117543252224,0.0700000000000017,5399.999999999991,2199.9999999999886,13.0,0.5428571413061247,0.9536784740884402,0.5588235277681655,0.35294117543252224,1.0,EURCHF_otc,1785380280,1m,UP,1
0.14571428571428566,0.10809031633429639,0.04014902202073264,0.7071067811865476,0.7071067811865476,50.0,0.1,0.5887285595284937,0.6291139503082338,0.9090909049586631,0.11600000000000107,700.0000000000028,7599.99999999998,8.0,0.5806451594172818,0.9278659083828691,-0.045454545247925075,0.9090909049586631,0.0,EURJPY_otc,1785380880,1m,DOWN,1
0.5157142857142958,0.41906489303777344,0.0007131125692737194,0.7071067811865476,0.7071067811865476,50.0,0.1,0.20178275215086403,0.20249730365830598,0.7749999990312447,0.2519999999999868,64.99999999999773,193.00000000000068,17.0,0.38709677377732715,0.2176100334599599,-0.14999999981250356,0.7749999990312447,0.0,COKE_otc,1785381420,1m,DOWN,0
0.5771428571428601,0.8273165943022405,-0.0708933282933871,0.7071067811865476,0.7071067811865476,50.0,0.1,0.09164629659946305,0.02068799719615896,0.7010309271123266,0.3639999999999873,193.99999999999977,288.99999999999864,2.0,0.4647058820795665,0.4077129700680909,-0.15463917509828234,0.7010309271123266,0.0,AVAX_otc,1785381720,1m,DOWN,0
0.15857142857142748,0.10278538401381328,-0.04985365235033759,0.7071067811865476,0.7071067811865476,50.0,0.1,-0.33728521675805345,-0.38697072010899936,0.722222218209892,0.12400000000000375,6300.0000000000255,1199.9999999999743,8.0,0.9090909049586631,0.5062126092842539,0.055555555246902616,0.722222218209892,1.0,GBPNZD_otc,1785382080,1m,UP,0
0.12357142857142873,0.0670779438299603,0.29548929825652925,0.8660254037844386,0.5000000000000001,50.0,0.1,0.9881002032448454,1.286509231858014,0.28571428367347484,0.07600000000000015,1600.0000000000014,5600.000000000005,11.0,0.5666666647777762,3.303964757345386,-0.2142857127550966,0.28571428367347484,0.0,CHFJPY_otc,1785386160,1m,DOWN,0
0.1492857142857144,0.13958336749961806,0.7033112158810323,0.8660254037844386,0.5000000000000001,50.0,0.1,-1.3157348750171023,-0.6216773700833236,0.49999999807692647,0.06800000000000032,3499.9999999999964,5199.999999999995,4.0,0.9999999973684209,4.2744656913076975,0.4615384597633109,0.49999999807692647,1.0,CHFJPY_otc,1785386640,1m,UP,1
0.17285714285714196,0.11216402823734443,-0.0505151635868543,0.9659258262890683,0.25881904510252074,50.0,0.1,0.11983568466323881,0.06925998588424145,0.4399999982399977,0.11799999999999926,4600.000000000008,5900.000000000034,0.0,0.615384613017743,0.6957452501820728,-0.19999999919998862,0.4399999982399977,0.0,GBPCAD_otc,1785387600,1m,DOWN,0
0.41000000000000875,0.26846736350719647,0.024687325468170956,0.9659258262890683,0.25881904510252074,50.0,0.1,0.026076045699887706,0.05076980864632982,0.21739130340267873,0.082000000000005,169.99999999999886,180.00000000000114,1.0,0.1590909089101093,0.18472260122969592,-0.3478260854441377,0.21739130340267873,0.0,LINK_otc,1785387960,1m,DOWN,1
0.1078571428571428,0.1337046112776153,2.6629729077423763,0.9659258262890683,0.25881904510252074,50.0,0.1,0.3305989096020575,3.002375576740428,0.499999996875,0.05199999999999997,1500.0000000000034,5699.999999999998,0.0,0.6111111077160482,4.724409447578899,0.18749999882812363,0.499999996875,1.0,FORD_otc,1785389100,1m,UP,0
0.12285714285714278,0.11978231170499645,-0.27178708608116087,0.9659258262890683,0.25881904510252074,50.0,0.1,0.014246931520476978,-0.2575788758807194,0.4285714224489942,0.07400000000000091,8299.999999999982,1400.0000000000057,1.0,0.9444444391975418,0.4866180048530239,-0.5714285632652918,0.4285714224489942,0.0,GBPCAD_otc,1785389160,1m,DOWN,1
0.17071428571428524,0.11025694265615635,-0.04801756566340822,0.9659258262890683,0.25881904510252074,50.0,0.1,-0.19863177692107706,-0.24655396444057384,0.7499999979166567,0.1539999999999992,4199.999999999945,1200.0000000000455,3.0,0.037037036899856,0.5030743431991156,0.08333333310185513,0.7499999979166567,1.0,EURNZD_otc,1785389580,1m,UP,1
0.16214285714285687,0.13460565114742318,0.06297796114691064,0.9659258262890683,0.25881904510252074,50.0,0.1,0.36307803231561003,0.4262846526046454,0.28571428367346213,0.11600000000000107,2200.0000000000596,4899.999999999948,16.0,0.9444444418209985,0.8262565985580373,-0.14285714183675646,0.28571428367346213,0.0,GBPNZD_otc,1785389760,1m,DOWN,0
0.18000000000000022,0.09145947278504432,-0.03626794378122566,0.9659258262890683,0.25881904510252074,50.0,0.1,0.07724669441882986,0.040950734849899535,0.6499999967499911,0.09799999999999756,2899.9999999999914,2500.0,0.0,0.7599999969599909,0.4639079606519965,-0.2999999985000178,0.6499999967499911,0.0,EURNZD_otc,1785390000,1m,DOWN,1
0.1599999999999999,0.09494937922739918,0.0016604831460921051,0.9659258262890683,0.25881904510252074,50.0,0.1,-0.0634570268515245,-0.06179759739866829,0.14285714217685866,0.029999999999999714,2899.9999999999914,3700.0000000000095,18.0,0.16666666611111308,1.142857142813608,0.8095238056689391,0.14285714217685866,1.0,NZDJPY_otc,1785390180,1m,UP,1
0.4521428571428571,0.2355633882625396,1.495404651139826,0.9659258262890683,0.25881904510252074,50.0,0.1,-1.0989228229252788,0.3800484852080858,0.26315789427515895,0.2120000000000001,6899.9999999999945,32600.000000000015,6.0,0.7469879509072425,5.728088336388676,0.24561403465681836,0.26315789427515895,1.0,SPACEX_otc,1785390360,1m,UP,0
0.11142857142857057,0.12798523267297363,-0.13413695911204204,0.9659258262890683,0.25881904510252074,50.0,0.1,-0.3362865371216802,-0.4699724116989241,0.7499999906250445,0.07199999999999847,6099.999999999994,499.9999999999716,15.0,0.309523808786836,0.9744779582140533,0.12499999843747782,0.7499999906250445,1.0,GBPNZD_otc,1785390600,1m,UP,1
0.1414285714285722,0.133829890387621,-0.05745752373347611,0.9659258262890683,0.25881904510252074,50.0,0.1,-0.5762427116595891,-0.633369140600251,0.6666666611111112,0.09800000000000039,5600.000000000023,600.0000000000227,8.0,0.723404253779989,1.2972674578720214,0.1666666652778074,0.6666666611111112,1.0,EURCHF_otc,1785390780,1m,UP,1
0.4857142857142825,0.587260355559174,0.0148832407784539,1.0,6.123233995736766e-17,50.0,0.1,-0.11453064578901412,-0.09966445088233813,0.8679245266643136,0.12400000000001228,192.0000000000016,252.99999999999727,0.0,0.6233766225670817,0.20107588656133363,0.03773584898536764,0.8679245266643136,1.0,SUI_otc,1785392100,1m,UP,0
0.12500000000000153,0.06666300355829612,0.054721653980819546,1.0,6.123233995736766e-17,50.0,0.1,-0.14305684012702619,-0.08841346921525686,0.09999999950001777,0.038000000000002386,8200.000000000002,5799.999999999983,7.0,0.9130434742911032,0.6323893318495467,0.199999999,0.09999999950001777,1.0,GBPCAD_otc,1785392220,1m,UP,1
0.1471428571428568,0.12387515871740462,0.03110653853164759,1.0,6.123233995736766e-17,50.0,0.1,0.327976214137399,0.3591847747164719,0.6249999960937,0.07199999999999847,3500.000000000014,4499.999999999957,2.0,0.8055555533179001,0.8310249307287378,-0.12499999921876666,0.6249999960937,0.0,GBPNZD_otc,1785392520,1m,DOWN,1
0.1428571428571425,0.09809168171183089,0.08375391249466257,1.0,6.123233995736766e-17,50.0,0.1,0.8907371628744456,0.9752371025930594,0.823529406920419,0.0879999999999999,1600.0000000000014,12599.999999999996,1.0,0.5172413775267534,2.9263370330044154,-0.058823529065742716,0.823529406920419,0.0,CHFJPY_otc,1785393060,1m,DOWN,1
0.16785714285714143,0.09678343333569589,-0.21850548254454838,1.0,6.123233995736766e-17,50.0,0.1,-0.3697831883253295,-0.587480674329859,0.6666666629629499,0.07600000000000051,9200.000000000016,2000.0000000000284,5.0,0.43902438917310654,1.1866859623390358,0.27777777623459204,0.6666666629629499,1.0,EURJPY_otc,1785393300,1m,UP,1
0.15999999999999912,0.09516036204681248,-0.012131370613463867,1.0,6.123233995736766e-17,50.0,0.1,0.5002176166601736,0.4880255627937589,0.6206896530321054,0.13799999999999812,2500.0,5900.000000000034,14.0,0.6326530599333632,1.3413632630347343,-0.3793103435196186,0.6206896530321054,0.0,GBPCAD_otc,1785393840,1m,DOWN,1
0.5485714285714286,0.7121323034355939,-0.5505769849468659,1.0,6.123233995736766e-17,50.0,0.1,-0.7221127706156455,-1.2687139688421396,0.258620689209273,0.2760000000000005,24500.000000000025,3599.999999999994,0.0,0.3593749994384714,1.3967699694151745,0.13793103424494396,0.258620689209273,1.0,SHIBA_otc,1785393900,1m,UP,1
0.16071428571428573,0.1279680592063463,-0.04878576606668171,1.0,6.123233995736766e-17,50.0,0.1,-0.4797876134922094,-0.5283393114961559,0.7619047582766585,0.13800000000000096,9400.000000000047,1799.999999999997,2.0,0.9374999980468731,1.3892908827383825,0.1428571421768756,0.7619047582766585,1.0,EURJPY_otc,1785394020,1m,UP,1
0.14357142857142996,0.08568085429800112,0.12569261553857228,1.0,6.123233995736766e-17,50.0,0.1,-0.08792133282158666,0.037660772094145784,0.5909090882231552,0.08000000000000114,2199.9999999999886,7199.999999999988,0.0,0.6538461513313725,0.5972892258075468,0.1818181809917326,0.5909090882231552,1.0,GBPNZD_otc,1785394500,1m,UP,1
0.4972500000000082,0.3516403128153452,0.030806125553322208,0.9659258262890683,-0.25881904510252063,50.0,0.1,0.0600033832733703,0.09082799354427994,0.2657078355068821,0.2167820000000006,66.858000000002,278.27800000000025,3.0,0.5263690782865185,0.25011770777045095,-0.4168177302445627,0.2657078355068821,0.0,PAYPAL_otc,1785395880,1m,DOWN,1
0.5364285714285708,0.3305207346181356,0.017941097471967697,0.9659258262890683,-0.25881904510252063,50.0,0.1,-0.12090490927600837,-0.10298550347166227,0.7752808980053117,0.31599999999999684,163.99999999999864,81.99999999999932,5.0,0.31531531503126403,0.3194152686244481,0.06741573026133423,0.7752808980053117,1.0,NIKE_otc,1785396000,1m,UP,0
0.17642857142857032,0.10932359467964588,-0.014042876009169031,0.9659258262890683,-0.25881904510252063,50.0,0.1,0.3877962976228943,0.37369896386048196,0.9199999963200158,0.10000000000000142,1599.999999999966,4800.000000000039,7.0,0.27586206801426366,0.6628571428419899,-0.039999999839992036,0.9199999963200158,0.0,GBPNZD_otc,1785396720,1m,DOWN,1
0.44785714285714207,0.24571492460033165,-0.3906424626966045,0.9659258262890683,-0.25881904510252063,50.0,0.1,0.33359489698813133,-0.05835072902949791,0.18518518449933263,0.2680000000000021,17999.99999999997,8100.000000000023,2.0,0.6901408440983852,1.6092475067631653,-0.33333333209875665,0.18518518449933263,0.0,NVIDIA_otc,1785397020,1m,DOWN,1
0.15214285714285694,0.14350594427779126,-0.511870479203049,0.9659258262890683,-0.25881904510252063,50.0,0.1,-0.5133398262475631,-1.0225826704220584,0.1428571418367329,0.08399999999999999,4000.000000000003,3300.0000000000005,0.0,0.4615384597633109,2.6476578408709086,0.7142857091836772,0.1428571418367329,1.0,CHFJPY_otc,1785397200,1m,UP,1
0.16785714285714196,0.15072899776137735,0.01963182097932306,0.9659258262890683,-0.25881904510252063,50.0,0.1,-0.2309220049159269,-0.2113355181312108,0.42105262936287696,0.1,10399.99999999999,4399.999999999977,5.0,0.9999999972222221,0.6855836983301155,0.3684210506925267,0.42105262936287696,1.0,EURNZD_otc,1785397500,1m,UP,1
0.47714285714285715,0.36020522232929225,-0.23609908973794325,0.9659258262890683,-0.25881904510252063,50.0,0.1,0.9842878422007684,0.7458648578269879,0.23913043426276193,0.2739999999999981,15300.000000000011,15799.999999999982,17.0,0.11764705870819325,2.305605786566336,-0.3478260862003908,0.23913043426276193,0.0,NVIDIA_otc,1785397620,1m,DOWN,1
0.5001228571428555,0.3728973143545007,-0.028158843229789197,0.9659258262890683,-0.25881904510252063,50.0,0.1,-0.017891215940306262,-0.04604502121064693,0.410327908633001,0.15162799999997106,283.60999999999876,90.63899999999876,0.0,0.45609556244535376,0.20883352813917508,0.4346828554681026,0.410327908633001,1.0,MASTERCARD_otc,1785397800,1m,UP,1
0.45237857142856797,0.45813972233742456,-0.032863279782715235,0.9659258262890683,-0.25881904510252063,50.0,0.1,-0.09632892837444265,-0.1291605513119145,0.6760781143012402,0.18764400000000023,169.5729999999969,54.58500000000299,17.0,0.7137422211249133,0.26145103714751317,0.114017622396817,0.6760781143012402,1.0,PAYPAL_otc,1785398220,1m,UP,0
0.5321428571428523,0.45027281103969496,-0.03520485969957584,0.8660254037844387,-0.4999999999999998,50.0,0.1,-0.17857136508762075,-0.21371335898865387,0.902777776523933,0.3980000000000132,262.00000000000045,25.0,11.0,0.9541984725540452,0.3785580118469056,0.04166666660875682,0.902777776523933,1.0,NIKE_otc,1785398760,1m,UP,0
0.4692857142857143,0.3246976615623619,-0.11775120272247766,0.8660254037844387,-0.4999999999999998,50.0,0.1,1.0432392271415547,0.9242595976818452,0.7529411755847745,0.28999999999999915,11900.000000000047,15799.999999999982,6.0,0.6488549613367554,2.959783099797554,-0.2117647056332173,0.7529411755847745,0.0,NVIDIA_otc,1785398760,1m,DOWN,0
0.1235714285714281,0.05440992152866506,-0.055728196223661174,0.8660254037844387,-0.4999999999999998,50.0,0.1,-0.1777282429808781,-0.23335739446054604,0.06249999960938472,0.029999999999999714,6799.999999999997,1700.000000000017,2.0,0.8333333287036971,0.7069913589667313,0.24999999843749446,0.06249999960938472,1.0,NZDJPY_otc,1785398820,1m,UP,1
0.1557142857142862,0.09322075890556096,-0.1072540957454449,0.8660254037844387,-0.4999999999999998,50.0,0.1,0.3808713886666143,0.2732087927573019,0.5789473653739652,0.12199999999999989,5300.000000000011,4299.999999999997,8.0,0.7173913027882901,1.1214041930492122,-0.26315789335182616,0.5789473653739652,0.0,CADJPY_otc,1785400080,1m,DOWN,1
0.5578571428571512,0.3807482510892073,0.009979666094345814,0.8660254037844387,-0.4999999999999998,50.0,0.1,-0.14871744531023962,-0.1387526207203598,0.868421051488963,0.3680000000000064,237.00000000000045,127.99999999999727,14.0,0.47572815487792897,0.2444697617007464,0.013157894719517277,0.868421051488963,1.0,COKE_otc,1785400440,1m,UP,0
0.5299999999999889,0.29038909105328187,0.046471860584596465,0.8660254037844387,-0.4999999999999998,50.0,0.1,0.06365649431084598,0.11015793725273161,0.5806451603538691,0.2080000000000041,33.9999999999975,205.00000000000114,0.0,0.5588235285899531,0.15087976214215937,-0.03225806446407328,0.5806451603538691,0.0,STARBUCKS_otc,1785401100,1m,DOWN,0
0.16214285714285787,0.1307039268132754,-0.046558117257378386,0.7071067811865476,-0.7071067811865475,50.0,0.1,0.31767287653755477,0.2709668567698232,0.9374999941405945,0.1280000000000001,5900.000000000034,3699.999999999974,5.0,0.9210526291551221,0.9320578856774148,-0.062499999609405534,0.9374999941405945,0.0,CADJPY_otc,1785402000,1m,DOWN,0
0.14928571428571427,0.08407218248908205,-0.0038247041587632785,0.7071067811865476,-0.7071067811865475,50.0,0.1,0.40770223833922914,0.40386194077600074,0.7272727239669465,0.05799999999999841,4499.999999999993,4900.00000000002,2.0,0.7586206870392372,1.1485148514396593,-0.2727272714875989,0.7272727239669465,0.0,NZDJPY_otc,1785402120,1m,DOWN,0
0.4657142857142844,0.40641828720126993,-0.015574182687513193,0.7071067811865476,-0.7071067811865475,50.0,0.1,-1.3316174035951704,-1.3469841977555488,0.8490566021715928,0.3660000000000011,18399.999999999964,14100.000000000036,4.0,0.9215686265474831,2.2227064719498126,0.13207547144891624,0.8490566021715928,1.0,NVIDIA_otc,1785402540,1m,UP,1
0.4607142857142727,0.3183240796804932,0.04418923153345489,0.7071067811865476,-0.7071067811865475,50.0,0.1,0.11418304746252783,0.15842273560719788,0.6944444434799668,0.1939999999999941,43.99999999999977,308.0000000000041,2.0,0.7765957438546461,0.2460990679645871,-0.13888888869594598,0.6944444434799668,0.0,SUI_otc,1785404820,1m,DOWN,1
0.5714285714285714,0.42157214911539287,0.028890807871180958,0.49999999999999994,-0.8660254037844387,50.0,0.1,-0.19182507633913978,-0.16298968828221272,0.8352941166643694,0.4800000000000068,179.00000000000205,239.99999999999773,15.0,0.8410596020920065,0.3774528183967545,0.16470588215916013,0.8352941166643694,1.0,NETFLIX_otc,1785406500,1m,UP,0
0.15142857142857022,0.18456512594464292,-0.3546672278004157,0.49999999999999994,-0.8660254037844387,50.0,0.1,-0.4119783667035145,-0.7651844422516054,0.38461538165682996,0.07399999999999948,9400.000000000047,899.999999999963,0.0,0.366666665444446,0.8410428931639662,0.4615384579881195,0.38461538165682996,1.0,EURCHF_otc,1785406800,1m,UP,0
0.5057142857142861,0.5566856393826866,0.06937547381653236,0.49999999999999994,-0.8660254037844387,50.0,0.1,-1.6139458922847048,-1.5456901010780872,0.8275862040428154,0.3780000000000001,20600.000000000022,9500.000000000027,8.0,0.9503105584159571,3.463110346236542,0.03448275850177683,0.8275862040428154,1.0,NVIDIA_otc,1785407280,1m,UP,1
0.44892571428571515,0.26131956395874517,-0.0408516935408833,0.49999999999999994,-0.8660254037844387,50.0,0.1,0.06543253570391988,0.0245541118640748,0.7913914234203239,0.24814799999999196,522.4010000000021,91.03299999999876,7.0,0.14347624504295808,0.1988568347427967,-0.17227668579904346,0.7913914234203239,0.0,MASTERCARD_otc,1785407820,1m,DOWN,1
0.14499999999999957,0.12212405870632652,-0.10095733274018774,0.49999999999999994,-0.8660254037844387,50.0,0.1,-0.24489392723238382,-0.345604021595595,0.4736842080332646,0.09200000000000016,10000.0,1000.0000000000142,16.0,0.739130433175794,0.8768585588853075,0.42105262936287696,0.4736842080332646,1.0,EURCAD_otc,1785408960,1m,UP,0
0.48928571428571466,0.3212621058551963,-0.11704567762286225,0.258819045102521,-0.9659258262890682,50.0,0.1,1.9598189116263942,1.840479350678238,0.40624999873046524,0.27399999999999947,9100.000000000002,22799.999999999993,0.0,0.1485148513381045,7.313540911852747,-0.06249999980469166,0.40624999873046524,0.0,ETHEREUM_otc,1785409500,1m,DOWN,1
0.4607142857142768,0.3378861241422568,0.013226372475368786,0.258819045102521,-0.9659258262890682,50.0,0.1,0.0758940780758071,0.08913048858462894,0.6249999984375355,0.23399999999999183,172.00000000000273,138.99999999999864,2.0,0.16831683151653526,0.2408431896217051,-0.09999999975005684,0.6249999984375355,0.0,COKE_otc,1785411120,1m,DOWN,0
0.5121428571428567,0.3756576650600435,-0.8781290232522689,0.258819045102521,-0.9659258262890682,50.0,0.1,-0.3564264819233001,-1.2314256207912437,0.3541666659288203,0.21199999999999974,21500.000000000004,8099.999999999987,1.0,0.14285714270015784,6.816479400238467,0.3541666659288203,0.3541666659288203,1.0,SPACEX_otc,1785411360,1m,UP,0
0.182857142857142,0.17553215791471055,0.1651123637782477,0.258819045102521,-0.9659258262890682,50.0,0.1,-0.2925783256680625,-0.1279490448792282,0.9259259224965598,0.1279999999999987,4600.000000000008,5200.000000000031,2.0,0.974999997562487,0.7616146229862575,0.037037036899855026,0.9259259224965598,1.0,EURCAD_otc,1785411420,1m,UP,1
0.5386835714285658,0.41848014020829716,-0.0041010706979697515,0.258819045102521,-0.9659258262890682,50.0,0.1,-0.12288724559130039,-0.12698327659644965,0.4929782694791536,0.46013799999999494,162.03899999999862,186.77999999999884,9.0,0.758198946498345,0.33926126706121096,0.3574116473323166,0.4929782694791536,1.0,PAYPAL_otc,1785411540,1m,UP,0
0.15357142857142847,0.09771285585418385,-0.2135603330793684,0.258819045102521,-0.9659258262890682,50.0,0.1,-0.2048909350452428,-0.4180137023612791,0.3749999976562278,0.03399999999999892,7199.999999999988,1000.0000000000142,0.0,0.3809523791383123,0.6143943826619571,0.12499999921877221,0.3749999976562278,1.0,EURJPY_otc,1785411900,1m,UP,1
0.13785714285714284,0.09692242282215927,-0.026932312152880538,0.258819045102521,-0.9659258262890682,50.0,0.1,-0.2903725619249617,-0.3172266700330583,0.11111110987651691,0.09799999999999898,5099.99999999998,4200.000000000017,11.0,0.9999999962962962,0.6144742830993591,0.11111110987659585,0.11111110987651691,1.0,GBPNZD_otc,1785412260,1m,UP,1
0.14928571428571452,0.09838531562908365,-0.012015923900317627,0.258819045102521,-0.9659258262890682,50.0,0.1,0.1622835648491279,0.15024814107915527,0.7391304315689927,0.10400000000000062,3100.0000000000227,6199.9999999999745,1.0,0.17241379250890865,0.6562570717208341,-0.1739130427221105,0.7391304315689927,0.0,GBPNZD_otc,1785412560,1m,DOWN,0
0.44928571428571434,0.3616088895625695,0.08096251854945222,0.258819045102521,-0.9659258262890682,50.0,0.1,-1.269136236493623,-1.1892012426050595,0.3035714280293395,0.17200000000000024,23800.000000000007,7999.999999999989,1.0,0.4757281548779343,7.868601985647924,0.35714285650510047,0.3035714280293395,1.0,SPACEX_otc,1785412560,1m,UP,0
0.13642857142857118,0.12051172938496994,-0.13122327655560456,1.2246467991473532e-16,-1.0,50.0,0.1,-0.33103041629954577,-0.4618193038964864,0.2142857127551093,0.07600000000000193,10099.99999999998,499.9999999999716,7.0,0.542857141306134,0.6963788300697128,0.2142857127551093,0.2142857127551093,1.0,EURNZD_otc,1785412920,1m,UP,1
0.17214285714285715,0.1876005225053938,-0.11000404659478123,1.2246467991473532e-16,-1.0,50.0,0.1,0.548015799285385,0.4374089131354111,0.7037037010973994,0.10799999999999983,4899.9999999999845,4400.000000000013,1.0,0.5599999988799952,2.0169423153684174,-0.22222222139917255,0.7037037010973994,0.0,NZDJPY_otc,1785413460,1m,DOWN,0
0.11999999999999986,0.14924167287374168,-1.0672981219303406,1.2246467991473532e-16,-1.0,50.0,0.1,0.5400131009164636,-0.5330485706981363,0.4166666631944531,0.07200000000000024,7999.999999999989,2599.9999999999977,2.0,0.999999996153846,2.6612077786426585,-0.4166666631944383,0.4166666631944531,0.0,CHFJPY_otc,1785413820,1m,DOWN,0
0.15714285714285683,0.12583130168657244,-0.07584517821073136,1.2246467991473532e-16,-1.0,50.0,0.1,-0.5017649240381516,-0.5772295377480473,0.42105262936287696,0.10600000000000165,8099.999999999951,1400.0000000000057,14.0,0.9687499969726624,0.9124607926742964,0.15789473601108822,0.42105262936287696,1.0,EURCHF_otc,1785414240,1m,UP,1
0.4842857142857128,0.23917095825227208,0.08354385712447365,1.2246467991473532e-16,-1.0,50.0,0.1,0.6596450272023588,0.743739977225887,0.7031249989013599,0.19399999999999692,6000.000000000014,16499.999999999985,2.0,0.4588235288719761,2.045728038458573,-0.21874999965820383,0.7031249989013599,0.0,SHIBA_otc,1785414720,1m,DOWN,0
0.17928571428571466,0.18982496274130678,-0.08737363480718718,1.2246467991473532e-16,-1.0,50.0,0.1,-0.4025354786113545,-0.48955740353949045,0.1999999986666288,0.14400000000000118,6699.999999999945,900.0000000000341,5.0,0.661290321514049,1.2404961984545813,0.2666666648889331,0.1999999986666288,1.0,EURNZD_otc,1785415500,1m,UP,1
0.10928571428571436,0.12104853263357944,0.10982890675291501,-0.2588190451025208,-0.9659258262890683,50.0,0.1,-0.04116903542684089,0.06861465582454411,0.2222222209876017,0.04000000000000057,2199.9999999999886,7100.000000000079,3.0,0.47999999808001814,0.2557544757007084,0.16666666574074074,0.2222222209876017,1.0,INTEL_otc,1785416580,1m,UP,0
0.12428571428571342,0.10442937568839969,0.25251729883981155,-0.2588190451025208,-0.9659258262890683,50.0,0.1,-0.26471077963600576,-0.012861921306668866,0.4999999958333334,0.07199999999999988,3399.9999999999627,12899.99999999999,1.0,0.2631578940443282,1.0925819436143462,0.3333333305555358,0.4999999958333334,1.0,EURJPY_otc,1785417360,1m,UP,1
0.1992857142857137,0.12326376614694079,0.29554243304526745,-0.2588190451025208,-0.9659258262890683,50.0,0.1,-0.08311027286387725,0.2121865340588577,0.19999999919998862,0.06599999999999824,2699.99999999996,11200.000000000045,1.0,0.5757575740128519,0.8048780487608524,0.23999999904000907,0.19999999919998862,1.0,CADJPY_otc,1785418260,1m,UP,0
0.5628571428571426,0.5112406800778473,0.9876596189353967,-0.2588190451025208,-0.9659258262890683,50.0,0.1,6.2093765655653135,7.258363689426436,0.024999999937499556,0.366,20600.000000000004,18600.000000000004,19.0,0.9890109884675765,19.44444444236704,-0.47499999881250043,0.024999999937499556,0.0,ETHEREUM_otc,1785418440,1m,DOWN,1
0.5357142857142938,0.9411437978853416,-0.10449618757865417,-0.2588190451025208,-0.9659258262890683,50.0,0.1,0.015036558051392437,-0.08947534215716849,0.7499999985577197,0.18000000000000682,225.0,100.0,1.0,0.45679012289285603,0.23813723760734434,-0.07692307677507225,0.7499999985577197,0.0,NIKE_otc,1785419160,1m,DOWN,1
0.1414285714285717,0.11098212905543613,-0.11865373437695069,-0.4999999999999997,-0.8660254037844388,50.0,0.1,-0.2715725310785516,-0.3899040345058356,0.7083333303819457,0.12599999999999908,8400.000000000035,700.0000000000028,3.0,0.8571428551020505,1.0105871029593088,0.24999999895831113,0.7083333303819457,1.0,GBPNZD_otc,1785421080,1m,UP,0
0.16428571428571356,0.09921671252754166,-0.07165289002869168,-0.4999999999999997,-0.8660254037844388,50.0,0.1,0.20895202355813905,0.13714941336579453,0.3124999980468639,0.0819999999999979,4400.000000000048,5000.0,4.0,0.34883720849107314,1.0447035956986217,-0.499999996875,0.3124999980468639,0.0,CADJPY_otc,1785421440,1m,DOWN,1
0.1721428571428579,0.1175505502533999,0.25870523913477095,-0.4999999999999997,-0.8660254037844388,50.0,0.1,-0.30125608367331275,-0.04333020981021692,0.35714285586735056,0.14400000000000263,4300.000000000068,20399.99999999999,9.0,0.8437499973632681,0.6109201985374019,0.10714285676018231,0.35714285586735056,1.0,EURNZD_otc,1785421440,1m,UP,0
0.12857142857142861,0.06981923284530168,-0.06346718042233285,-0.4999999999999997,-0.8660254037844388,50.0,0.1,-0.3412971342044806,-0.40454770295887166,0.4666666651111119,0.1019999999999996,10199.999999999995,2599.99999999998,11.0,0.925925922496572,1.132075471650645,0.26666666577777143,0.4666666651111119,1.0,NZDJPY_otc,1785421860,1m,UP,1
0.5363542857142777,0.5200212042991198,-0.10091993865931194,-0.4999999999999997,-0.8660254037844388,50.0,0.1,-0.1240778042240039,-0.22487252363940316,0.4972543323851203,0.3411319999999932,508.5710000000006,28.498000000001866,2.0,0.9245790522425731,0.2600511052344669,0.09447758308124167,0.4972543323851203,1.0,VISA_otc,1785422520,1m,UP,1
0.6421428571428578,0.4538189597919365,0.03212509763913404,-0.4999999999999997,-0.8660254037844388,50.0,0.1,0.1243948135512781,0.1565598731457235,0.3846153841222431,0.5079999999999927,92.00000000000159,276.9999999999982,14.0,0.8965517231074411,0.2319257837485832,-0.6025641017916405,0.3846153841222431,0.0,PRATA_otc,1785422940,1m,DOWN,1
0.43857142857142356,0.3694166770523284,0.07739770338087237,-0.4999999999999997,-0.8660254037844388,50.0,0.1,-0.10676205846774434,-0.02944698646820813,0.815384614130164,0.30199999999998683,131.00000000000023,412.00000000000045,2.0,0.8571428565305832,0.35896515473871043,0.13846153824857454,0.815384614130164,1.0,SUI_otc,1785423120,1m,UP,1
0.13857142857142687,0.15893187427379027,-0.10105060267893984,-0.4999999999999997,-0.8660254037844388,50.0,0.1,0.38750069447691504,0.28605852001082116,0.733333330888892,0.0680000000000021,4600.000000000008,3599.999999999994,4.0,0.9999999970588235,0.8276533592787726,-0.06666666644443181,0.733333330888892,0.0,CADJPY_otc,1785423240,1m,DOWN,0
0.6007142857142865,0.7072392541664206,0.5593375187463995,-0.4999999999999997,-0.8660254037844388,50.0,0.1,-0.6347216718367171,-0.07893438954051482,0.7164179093784849,0.2200000000000017,10799.999999999982,18299.99999999998,3.0,0.9401709393673747,2.345629510778946,0.1343283580084593,0.7164179093784849,1.0,NVIDIA_otc,1785423480,1m,UP,1
0.47142857142856087,0.4238500927611504,0.006520994236168772,-0.7071067811865471,-0.7071067811865479,50.0,0.1,0.15158217931743123,0.15811305821877636,0.7260273962657383,0.29600000000000365,101.99999999999818,174.0000000000009,12.0,0.8645161284745199,0.3393244160328856,-0.17808219153686305,0.7260273962657383,0.0,STARBUCKS_otc,1785426120,1m,DOWN,1
0.18785714285714292,0.10529132792138486,0.16183425242874533,-0.7071067811865471,-0.7071067811865479,50.0,0.1,1.3128102260179249,1.4767690550617545,0.8333333305555535,0.12999999999999937,1099.9999999999943,6799.999999999997,4.0,0.8571428546938804,2.7799841141556776,-0.03333333322222143,0.8333333305555535,0.0,CHFJPY_otc,1785426540,1m,DOWN,0
0.42714285714286654,0.2539890541204276,-0.04856742280368604,-0.7071067811865471,-0.7071067811865479,50.0,0.1,-0.08292120122311901,-0.13144835133641314,0.2432432425859121,0.17399999999998955,215.0000000000034,20.999999999997954,14.0,0.7453416144439091,0.36464939300515653,0.1351351347699341,0.2432432425859121,1.0,MICROSOFT_otc,1785426840,1m,UP,1
0.1671428571428574,0.10242123749994371,-0.00036658417259274385,-0.7071067811865471,-0.7071067811865479,50.0,0.1,0.5599550108413275,0.5595863739622913,0.8620689625445922,0.1480000000000004,1099.9999999999943,6000.000000000014,10.0,0.6969696948576617,0.9192200556846967,-0.06896551700355366,0.8620689625445922,0.0,EURJPY_otc,1785426900,1m,DOWN,1
0.48642857142856755,0.8689380281342418,-0.09597985849461578,-0.8660254037844385,-0.5000000000000004,50.0,0.1,0.01982841982816041,-0.07617046995574815,0.6029411755838572,0.3059999999999832,206.99999999999932,105.00000000000114,0.0,0.49206349167295044,0.27667376649552733,-0.30882352895766285,0.6029411755838572,0.0,STARBUCKS_otc,1785427800,1m,DOWN,1
0.1307142857142851,0.09468281346098215,-0.0981493853923559,-0.8660254037844385,-0.5000000000000004,50.0,0.1,0.20300348013195832,0.10465484807152783,0.28571428367346213,0.05999999999999943,7100.000000000008,3600.0000000000296,0.0,0.19230769156803787,0.8044554455196581,-0.07142857091835285,0.28571428367346213,0.0,EURCHF_otc,1785428700,1m,DOWN,0
0.12571428571428506,0.13712310984227472,-0.18200586672912616,-0.8660254037844385,-0.5000000000000004,50.0,0.1,-0.5502619792816368,-0.7312663369260906,0.6249999960937445,0.08600000000000137,8500.000000000015,599.9999999999872,15.0,0.9999999969696969,1.031572366332248,0.12499999921874445,0.6249999960937445,1.0,EURCHF_otc,1785429300,1m,UP,1
0.47428571428570926,0.25366435381733404,-0.04033930697865438,-0.8660254037844385,-0.5000000000000004,50.0,0.1,0.04301399264647213,0.0026573341212803125,0.8484848471992367,0.26200000000000045,247.00000000000273,76.99999999999818,1.0,0.3493975899405162,0.1749209694411454,-0.09090909077134987,0.8484848471992367,0.0,LINK_otc,1785429360,1m,DOWN,0
0.2778571428571378,0.17976938803316173,-0.007728943080108008,-0.8660254037844385,-0.5000000000000004,50.0,0.1,0.03732550533233978,0.029593677385170276,0.562499996484486,0.12000000000000455,71.99999999999704,76.99999999999818,3.0,0.33333333274853805,0.13944954128406084,-0.06249999960930839,0.562499996484486,0.0,AMZN_otc,1785429480,1m,DOWN,1
0.4835714285714395,0.42919807654332526,-0.12334587713436072,-0.8660254037844385,-0.5000000000000004,50.0,0.1,0.08392700638017113,-0.03952239125636182,0.23076923017760448,0.31599999999999684,718.0000000000007,128.00000000000296,0.0,0.2322580643662922,0.47121055511500554,-0.692307690532522,0.23076923017760448,0.0,NIKE_otc,1785429600,1m,DOWN,1
0.4700000000000029,0.2945139410453589,0.05316657566613033,-0.8660254037844385,-0.5000000000000004,50.0,0.1,0.08590989383809233,0.1391221448529348,0.7166666654722743,0.2880000000000109,25.0,425.9999999999991,0.0,0.6063829780783102,0.24729032936902157,-0.23333333294443498,0.7166666654722743,0.0,PRATA_otc,1785429600,1m,DOWN,1
0.15714285714285683,0.15109854145943935,0.38698143222139053,-0.8660254037844385,-0.5000000000000004,50.0,0.1,-0.680083682631289,-0.2957340479852491,0.8095238056689391,0.08399999999999892,4299.999999999997,11899.999999999976,5.0,0.6511627891833454,1.7849730177756329,0.19047618956915616,0.8095238056689391,1.0,NZDJPY_otc,1785430200,1m,UP,0
0.4964285714285706,0.4582869439222548,-0.023058885486344452,-0.8660254037844385,-0.5000000000000004,50.0,0.1,0.026344417605198928,0.0032794573897668503,0.6296296284637503,0.21800000000000636,166.9999999999959,68.00000000000068,1.0,0.6986301360293218,0.16953088713384182,-0.222222221810723,0.6296296284637503,0.0,PETROLEO_otc,1785430260,1m,DOWN,1
0.1864285714285714,0.3119171487629347,0.17867589103261053,-0.8660254037844385,-0.5000000000000004,50.0,0.1,-0.3079402096091327,-0.12981453348988903,0.15789473601108822,0.1220000000000013,5800.000000000054,5099.99999999998,2.0,0.9152542357368616,1.0984919009290848,0.10526315734070055,0.15789473601108822,1.0,EURCAD_otc,1785430620,1m,UP,1
0.09428571428571443,0.09205827107822181,-0.7153811188409405,-0.9659258262890683,-0.25881904510252063,50.0,0.1,-1.0706864940961967,-1.778408123916393,0.23529411626298133,0.07600000000000051,12400.000000000002,999.9999999999964,11.0,0.6129032238293453,2.5203252030471175,0.3529411743944563,0.23529411626298133,1.0,CHFJPY_otc,1785432060,1m,UP,1
0.34142857142856137,0.28762765912847055,-0.006511577469564682,-0.9659258262890683,-0.25881904510252063,50.0,0.1,0.06892197465971961,0.0624059092823814,0.6478873230311345,0.31599999999998546,63.999999999998636,420.99999999999795,2.0,0.9545454534607204,0.20614692653624767,-0.014084507022403783,0.6478873230311345,0.0,COKE_otc,1785432120,1m,DOWN,0
0.12142857142857164,0.09181922039549795,-0.13097901295118866,-0.9659258262890683,-0.25881904510252063,50.0,0.1,0.14506640544210925,0.013897385944948727,0.31578947202217644,0.0940000000000012,5099.99999999998,2599.99999999998,4.0,0.26086956408315837,0.5732801595071388,-0.26315789335178874,0.31578947202217644,0.0,GBPNZD_otc,1785432240,1m,DOWN,1
0.4642857142857143,0.2856686776222399,-0.02502802859082417,-0.9659258262890683,-0.25881904510252063,50.0,0.1,-0.07080975094644609,-0.09582005725255831,0.48780487685895496,0.2799999999999955,200.9999999999991,26.000000000004775,5.0,0.6265060233415747,0.19775559314718816,0.3414634138013933,0.48780487685895496,1.0,AVAX_otc,1785432600,1m,UP,0
0.4580007142857109,0.35228239507815506,-0.05538953496037125,-0.9659258262890683,-0.25881904510252063,50.0,0.1,0.14097673983708475,0.08550911851611544,0.8377382766792427,0.3137519999999995,260.8069999999998,149.1049999999973,10.0,0.5865022506254021,0.28187918766666364,-0.12847830832536972,0.8377382766792427,0.0,MASTERCARD_otc,1785433200,1m,DOWN,1
0.12571428571428506,0.07111359122936287,0.07592067540296439,-0.9659258262890683,-0.25881904510252063,50.0,0.1,0.09135217582878934,0.16734220642063827,0.5454545429752301,0.08200000000000074,3499.999999999943,5700.000000000003,0.0,0.9130434742911314,0.5452821242165578,-0.4090909072313903,0.5454545429752301,0.0,CADJPY_otc,1785433800,1m,DOWN,1
0.15999999999999862,0.09147148719881329,0.020265101119929067,-0.9659258262890683,-0.25881904510252063,50.0,0.1,0.3252987485785595,0.34562977181882987,0.791666663368063,0.08599999999999994,5900.000000000034,5899.999999999963,4.0,0.2222222213991623,0.6748312921600793,-0.12499999947917408,0.791666663368063,0.0,GBPNZD_otc,1785434040,1m,DOWN,1
0.44571428571428634,0.31563384663786104,-0.046309266316060554,-1.0,-1.8369701987210297e-16,50.0,0.1,0.03727683797031076,-0.009049690975919676,0.055555555401181934,0.20199999999999818,157.000000000005,61.99999999999477,2.0,0.28787878744261836,0.15463192915009183,-0.11111111080252176,0.055555555401181934,0.0,PETROLEO_otc,1785435120,1m,DOWN,1
0.14999999999999997,0.12729001238091217,-0.5752781090086214,-1.0,-1.8369701987210297e-16,50.0,0.1,0.6921839054939604,0.11292381400295132,0.5384615343195256,0.11199999999999939,12500.0,2899.9999999999914,0.0,0.31249999902344167,2.7898866606111716,-0.23076922899409022,0.5384615343195256,0.0,CHFJPY_otc,1785435300,1m,DOWN,0
0.13642857142857118,0.08993281984082944,0.005736629615685492,-1.0,-1.8369701987210297e-16,50.0,0.1,0.29722193543238934,0.30297561556964714,0.8421052587257539,0.06799999999999926,4500.000000000028,5399.999999999991,11.0,0.4090909072314226,0.42372881355115866,-0.10526315734073793,0.8421052587257539,0.0,EURNZD_otc,1785435660,1m,DOWN,0
0.5385714285714178,0.5342885790341404,0.07591445906072371,-1.0,-1.8369701987210297e-16,50.0,0.1,-0.06954966944176742,0.006311991363621043,0.512499999359399,0.22799999999999726,124.00000000000091,212.99999999999955,5.0,0.4574468080240011,0.2234158862950429,0.11249999985934214,0.512499999359399,1.0,AVAX_otc,1785435900,1m,UP,0
0.1642857142857141,0.0916065403890353,0.15807269918018818,-1.0,-1.8369701987210297e-16,50.0,0.1,0.3501851725831148,0.508811418917734,0.6363636334710597,0.07199999999999847,700.0000000000028,10000.0,11.0,0.2857142846938703,0.6577401926084655,-0.22727272623965034,0.6363636334710597,0.0,CADJPY_otc,1785435960,1m,DOWN,0
0.41214285714285687,0.2862383929042482,-0.12568671627635086,-1.0,-1.8369701987210297e-16,50.0,0.1,-0.3769219603995968,-0.502134935840997,0.30769230690336424,0.13799999999999954,38400.00000000003,6999.999999999957,0.0,0.22826086931711004,1.9896193771195902,0.23076923017750497,0.30769230690336424,1.0,GOLD_otc,1785436200,1m,UP,1
0.132142857142858,0.14752909938490627,-0.6166158899591936,-0.9659258262890684,0.2588190451025203,50.0,0.1,0.24704862409820524,-0.37109060693310336,0.7999999959999894,0.09200000000000089,11900.000000000013,2600.0000000000155,1.0,0.8461538428994124,1.1680143755090808,-0.14999999925000357,0.7999999959999894,0.0,NZDJPY_otc,1785438360,1m,DOWN,1
0.5071428571428507,0.307963891217809,0.03509872571761769,-0.9659258262890684,0.2588190451025203,50.0,0.1,0.0804784279691135,0.11560540058942594,0.5362318832807493,0.35599999999998316,41.0000000000025,211.99999999999477,9.0,0.7641509426753171,0.2406192540797538,-0.36231884005461157,0.5362318832807493,0.0,MICROSOFT_otc,1785438540,1m,DOWN,0
0.5274378571428632,0.7566805355512415,-0.02541019670012517,-0.9659258262890684,0.2588190451025203,50.0,0.1,0.0777493744428263,0.05231942147372209,0.7770435101775014,0.3677479999999946,149.36500000000024,278.0239999999992,2.0,0.9512406490056895,0.19451162350650103,-0.029103832428971858,0.7770435101775014,0.0,PAYPAL_otc,1785439320,1m,DOWN,0
0.15214285714285683,0.0851243434610152,0.16623792392734413,-0.9659258262890684,0.2588190451025203,50.0,0.1,0.2993525289998313,0.46608809035660875,0.3749999984374815,0.09600000000000079,1000.0000000000142,7999.999999999971,11.0,0.48571428432653346,0.883615248652273,-0.24999999895834074,0.3749999984374815,0.0,GBPNZD_otc,1785439560,1m,DOWN,0
0.14071428571428563,0.09645359870419952,-0.04507803961376688,-0.9659258262890684,0.2588190451025203,50.0,0.1,-0.28927243028560656,-0.33422007155865757,0.7826086922495368,0.09399999999999978,5099.99999999998,1400.0000000000057,11.0,0.6521739116257169,0.84218235077184,0.04347826068055213,0.7826086922495368,1.0,EURCAD_otc,1785439860,1m,UP,0
0.1500000000000001,0.0998790477493105,0.11741295807863097,-0.9659258262890684,0.2588190451025203,50.0,0.1,0.3252473187276509,0.44304215930427143,0.8235294069204103,0.13000000000000114,300.00000000001137,8999.999999999985,3.0,0.8999999977500017,1.0085728693643796,-0.058823529065731656,0.8235294069204103,0.0,GBPNZD_otc,1785440580,1m,DOWN,0
0.4524742857142842,0.23256541267725175,0.013920871148398193,-0.9659258262890684,0.2588190451025203,50.0,0.1,0.042445882795072526,0.056372662780122415,0.34661365485901824,0.32539599999998925,104.79599999999891,247.65199999999936,0.0,0.27541650798029366,0.16352499843952292,-0.2736685157689599,0.34661365485901824,0.0,PAYPAL_otc,1785441000,1m,DOWN,1
0.4407142857142828,0.33879553932801626,-0.044084383311996635,-0.9659258262890684,0.2588190451025203,50.0,0.1,-0.1742759745647089,-0.21828352938805773,0.6455696194360315,0.3099999999999909,314.0000000000043,11.99999999999477,15.0,0.8333333326719726,0.38700165857734536,0.012658227832066353,0.6455696194360315,1.0,NIKE_otc,1785441300,1m,UP,1
0.49285714285713716,0.4816478125351464,-0.06908678040763974,-0.8660254037844386,0.5000000000000001,50.0,0.1,0.06982150119939026,0.0006864833645395834,0.5119047612953402,0.17399999999998955,347.00000000000273,95.99999999999795,5.0,0.9012345667886124,0.21064676358095313,-0.392857142389422,0.5119047612953402,0.0,SUI_otc,1785442500,1m,DOWN,1
0.14071428571428665,0.10360798900384788,-0.5581701076859733,-0.8660254037844386,0.5000000000000001,50.0,0.1,0.19269193530648568,-0.36655372116229,0.6666666611111309,0.05199999999999818,16799.999999999996,3400.000000000034,1.0,0.7142857117346757,0.6815968841119406,-0.16666666527773832,0.6666666611111309,0.0,CADJPY_otc,1785442560,1m,DOWN,0
0.4814285714285731,0.7058982275606749,-1.4916098900371448,-0.8660254037844386,0.5000000000000001,50.0,0.1,1.0499212088140113,-0.457349409811401,0.3333333326388938,0.25,67799.99999999994,11700.000000000016,4.0,0.7251908391410765,3.714204706444174,-0.2916666660590265,0.3333333326388938,0.0,GOLD_otc,1785442740,1m,DOWN,1
0.5450000000000007,0.40956691143266016,0.041406484159912556,-0.8660254037844386,0.5000000000000001,50.0,0.1,1.0542452538637277,1.0960882639176879,0.6842105251154208,0.35200000000000103,16400.000000000004,28699.999999999975,0.0,0.3333333330864215,2.8723404254708043,-0.10526315771006858,0.6842105251154208,0.0,NVIDIA_otc,1785443100,1m,DOWN,1
0.5478571428571419,0.7339420134682366,-0.3816420612871011,-0.8660254037844386,0.5000000000000001,50.0,0.1,-1.0783426089239714,-1.4558692612506379,0.10344827568370185,0.2720000000000013,25000.0,24600.000000000007,18.0,0.7011494244814331,1.8001241464556246,0.2068965513674282,0.10344827568370185,1.0,SHIBA_otc,1785443280,1m,UP,1
0.1549999999999991,0.15807391510889346,-0.627253975595527,-0.8660254037844386,0.5000000000000001,50.0,0.1,-0.7172057601858172,-1.3399610341373787,0.7777777734567748,0.06600000000000036,11499.999999999985,2800.0000000000114,5.0,0.5172413775267505,1.338255652914705,0.11111111049382497,0.7777777734567748,1.0,NZDJPY_otc,1785443400,1m,UP,0
0.4521428571428573,0.3321136109052785,0.8046429570681394,-0.8660254037844386,0.5000000000000001,50.0,0.1,-3.1232005121980695,-2.343688168086448,0.4166666657986092,0.2580000000000002,14100.0,32100.000000000007,16.0,0.9819277102518511,12.453113277385363,0.5208333322482634,0.4166666657986092,1.0,ETHEREUM_otc,1785443460,1m,UP,1
0.13357142857142787,0.10202617634804653,-0.0819952638799184,-0.7071067811865477,0.7071067811865474,50.0,0.1,0.2229248045425342,0.14074675288087735,0.6428571382653098,0.0799999999999983,5000.0,4099.999999999965,5.0,0.47826086852552385,1.124419457317892,-0.35714285459183315,0.6428571382653098,0.0,CADJPY_otc,1785446700,1m,DOWN,1
0.1607142857142852,0.12410780495938255,0.2839147689987496,-0.7071067811865477,0.7071067811865474,50.0,0.1,-0.2724234905857957,0.01071782788895896,0.4482758605231968,0.10399999999999779,3000.0000000000423,11899.999999999976,5.0,0.9024390221891744,1.1575381140271632,0.41379310202139546,0.4482758605231968,1.0,GBPCAD_otc,1785447300,1m,UP,0
0.5192857142857292,0.37000222729353066,-0.12368275545170494,-0.7071067811865477,0.7071067811865474,50.0,0.1,-0.06764098308058276,-0.19124007830059903,0.16666666620370368,0.4060000000000059,410.0000000000023,52.99999999999727,0.0,0.0980392155901762,0.2405149850262052,0.11111111080252176,0.16666666620370368,1.0,PETROLEO_otc,1785447600,1m,UP,1
0.47214285714285814,0.36079353924916346,0.021264314404655555,-0.7071067811865477,0.7071067811865474,50.0,0.1,-0.08977871583346862,-0.06853349225721636,0.48936170108647475,0.4019999999999868,133.9999999999975,214.99999999999773,3.0,0.8227848090850917,0.20507229447288966,0.17021276559524823,0.48936170108647475,1.0,SUI_otc,1785448380,1m,UP,1
0.4778571428571428,0.5646398249044641,-3.7919403550194732,-0.5000000000000004,0.8660254037844384,50.0,0.1,2.858996912932903,-1.0413548997768343,0.33333333280423283,0.15400000000000008,14000.000000000004,19900.0,2.0,0.49999999948979595,15.730337076126757,-0.03174603169564196,0.33333333280423283,0.0,FORD_otc,1785449220,1m,DOWN,1
0.14285714285714132,0.11466386613928913,0.002842547098768312,-0.5000000000000004,0.8660254037844384,50.0,0.1,-0.59889097271982,-0.5960654493790215,0.7058823487889471,0.08600000000000137,5000.0,2999.9999999999714,16.0,0.5172413775267622,0.8978328173096841,0.17647058719723677,0.7058823487889471,1.0,EURCHF_otc,1785449760,1m,UP,1
0.422857142857144,0.4400649301701806,0.16759395507450528,-0.5000000000000004,0.8660254037844384,50.0,0.1,0.11827703959740787,0.2860692198405195,0.6808510623811962,0.1900000000000091,25.0,375.9999999999991,0.0,0.44827586155368787,0.2629908406630316,-0.14893616989587533,0.6808510623811962,0.0,NIKE_otc,1785451200,1m,DOWN,0
0.13499999999999954,0.09897274571704787,0.16432960970568605,-0.5000000000000004,0.8660254037844384,50.0,0.1,0.25831832544171973,0.4230724286434024,0.5555555524691446,0.07800000000000154,1400.0000000000057,11900.000000000047,2.0,0.9599999961600079,0.6952169076558616,-0.055555555246902616,0.5555555524691446,0.0,GBPCAD_otc,1785451320,1m,DOWN,1
0.15142857142857075,0.0982036457783476,-0.037814961341903666,-0.25881904510252157,0.9659258262890681,50.0,0.1,-0.34355880982615405,-0.38124385453693527,0.47368420803322725,0.07999999999999971,8099.999999999951,2700.000000000031,15.0,0.8809523788548655,0.7918552036049834,0.10526315734073793,0.47368420803322725,1.0,EURCAD_otc,1785453000,1m,UP,1
0.5071428571428573,0.2176598818705332,1.5338609795116476,-0.25881904510252157,0.9659258262890681,50.0,0.1,1.3295264691566941,2.8837805363910154,0.5714285697959168,0.0840000000000007,5500.000000000007,45800.0,0.0,0.4999999988095217,3.996194100476099,-0.028571428489795336,0.5714285697959168,0.0,FORD_otc,1785453000,1m,DOWN,0
0.16000000000000014,0.19758987383655413,-0.00983930688559083,-0.25881904510252157,0.9659258262890681,50.0,0.1,-0.22824833014844018,-0.23806517898036644,0.5652173888468822,0.1,7300.000000000039,3599.999999999994,1.0,0.45454545316804207,0.8198757763771418,0.0434782606805199,0.5652173888468822,1.0,CADJPY_otc,1785453060,1m,UP,0
0.149285714285713,0.13153573032395283,0.013914544609608557,-0.25881904510252157,0.9659258262890681,50.0,0.1,0.30665287024576304,0.3206100842057986,0.39999999600001424,0.08999999999999915,4399.999999999977,6400.0000000000055,5.0,0.8571428546938862,0.6548175865172184,-0.19999999800004264,0.39999999600001424,0.0,EURCAD_otc,1785453300,1m,DOWN,1
0.16214285714285687,0.20366558455140554,-0.24848009763498916,-0.25881904510252157,0.9659258262890681,50.0,0.1,-0.38159795530192187,-0.6291298579650038,0.4666666635555619,0.06200000000000046,10399.99999999999,600.0000000000227,14.0,0.8536585345032676,1.0275689222800202,0.3333333311111427,0.4666666635555619,1.0,CADJPY_otc,1785453540,1m,UP,1
0.1450000000000006,0.16065285762597997,-0.0016743252250255222,-0.25881904510252157,0.9659258262890681,50.0,0.1,0.05667623029980084,0.05500095613035481,0.4545454504132643,0.08599999999999994,4099.999999999965,8400.000000000035,1.0,0.4799999980799897,0.656685053830925,-0.4545454504131997,0.4545454504132643,0.0,GBPNZD_otc,1785455460,1m,DOWN,1
0.4550257142857106,0.32265991058728083,-0.023305360733589686,0.0,1.0,50.0,0.1,0.041647667207715344,0.018332600335045777,0.11622438670657574,0.16444800000000442,208.00299999999652,109.5290000000034,5.0,0.8898533869782246,0.1670925386469025,-0.5536670013353677,0.11622438670657574,0.0,MASTERCARD_otc,1785456000,1m,DOWN,1
0.17000000000000068,0.14184808465887236,-0.14692267966026415,0.0,1.0,50.0,0.1,0.9357022446061541,0.7874048061344733,0.6666666592592462,0.17999999999999972,6699.999999999981,7400.000000000019,19.0,0.9999999969696969,1.5456674472344036,-0.33333332962964285,0.6666666592592462,0.0,NZDJPY_otc,1785456840,1m,DOWN,1
0.5785714285714285,0.6878861552880734,-5.650993628844385,0.0,1.0,50.0,0.1,15.200386485179962,8.690419984498334,0.38129496375446403,0.30999999999999994,30100.000000000004,18100.0,3.0,0.8241758237229801,35.40856030439522,-0.007194244599140674,0.38129496375446403,0.0,ETHEREUM_otc,1785457080,1m,DOWN,1
0.42857142857142855,0.35754427967422103,-0.035676726511447904,0.0,1.0,50.0,0.1,-0.07311743539898537,-0.1087680760029738,0.6190476175737348,0.15200000000000954,196.99999999999704,37.999999999999545,10.0,0.9090909085399573,0.3908192993666523,0.26190476128123713,0.6190476175737348,1.0,PETROLEO_otc,1785457200,1m,UP,1
0.32285714285713346,0.25767451125468965,0.007396493323374819,0.0,1.0,50.0,0.1,0.09364156229726642,0.10104498181254447,0.8749999963540482,0.22000000000000455,239.99999999999773,175.0,6.0,0.515624999194322,0.1552192471862714,-0.041666666493016084,0.8749999963540482,0.0,AMZN_otc,1785457260,1m,DOWN,1
0.12428571428571392,0.11367004495488299,0.19772263073610294,0.0,1.0,50.0,0.1,1.1711121323853342,1.3711503168384591,0.7499999962500045,0.07799999999999976,1899.999999999995,9400.000000000013,6.0,0.6285714267755076,2.8135048229249566,-0.24999999874999557,0.7499999962500045,0.0,CHFJPY_otc,1785457260,1m,DOWN,0
0.144285714285714,0.10128840336385574,0.05081466383344773,0.0,1.0,50.0,0.1,-0.1867862225847239,-0.1360664735423698,0.36363636033057267,0.08999999999999915,3599.999999999994,7400.000000000019,0.0,0.22580645088449455,0.6095163192959244,0.27272727024794563,0.36363636033057267,1.0,EURNZD_otc,1785457800,1m,UP,1
0.5278571428571429,0.6071678081492413,-4.517638923373489,0.0,1.0,50.0,0.1,3.0564798800940043,-1.599239768027691,0.3714285708979588,0.24800000000000005,33000.00000000001,11799.999999999996,1.0,0.2195121949434856,14.352392063669503,-0.07142857132653162,0.3714285708979588,0.0,FORD_otc,1785457860,1m,DOWN,1
0.6428571428571429,0.8674226063529636,0.1574125469206344,0.0,1.0,50.0,0.1,-0.026294667825310435,0.13107648798899582,0.37499999921875,0.21000000000000227,83.00000000000409,475.0,1.0,0.763440859394122,0.2288611083762472,0.2083333328992266,0.37499999921875,1.0,NETFLIX_otc,1785458160,1m,UP,0
0.47428571428571736,0.4340715744603987,-0.03559574640492679,0.0,1.0,50.0,0.1,-0.11935537996957798,-0.1549086409361302,0.12820512787643074,0.1759999999999991,529.000000000002,105.00000000000114,12.0,0.9811320748546156,0.4881793061084281,0.4358974347798062,0.12820512787643074,1.0,NIKE_otc,1785458820,1m,UP,1
0.3999028571428523,0.5192551401158415,-0.02523729869922728,0.0,1.0,50.0,0.1,-0.10370752471395167,-0.12891865043539333,0.5647306842203595,0.18252400000001218,274.4190000000003,65.96400000000244,17.0,0.9043723020472018,0.2399598606821369,0.14240937304359455,0.5647306842203595,1.0,MASTERCARD_otc,1785459420,1m,UP,1
0.13714285714285726,0.14619157985628353,-0.1430054444977685,0.25881904510252074,0.9659258262890683,50.0,0.1,0.038232318186983326,-0.10482780060735028,0.14285714081629755,0.05999999999999801,6700.000000000016,2599.99999999998,1.0,0.18518518449930632,0.7705479451834777,-0.14285714081629755,0.14285714081629755,0.0,GBPCAD_otc,1785459960,1m,DOWN,0
0.1299999999999995,0.09303491012600924,-0.041474624538396704,0.25881904510252074,0.9659258262890683,50.0,0.1,-0.03121084812056485,-0.0726725280768883,0.5333333297777715,0.037999999999998126,7199.999999999988,3500.000000000014,0.0,0.7499999937499853,0.23734177214719943,0.0666666662222096,0.5333333297777715,1.0,EURNZD_otc,1785461100,1m,UP,1
0.1507142857142867,0.15844019914054122,-0.17234318659320885,0.25881904510252074,0.9659258262890683,50.0,0.1,0.3437840006846472,0.1708483257896608,0.5714285687075024,0.08600000000000137,9099.999999999965,4400.000000000048,5.0,0.749999998557689,1.565793435664996,-0.3809523791383123,0.5714285687075024,0.0,EURCHF_otc,1785461400,1m,DOWN,0
0.38785714285714334,0.3093523898817923,-0.008922676048177643,0.25881904510252074,0.9659258262890683,50.0,0.1,0.10584836794642642,0.09691624739127462,0.4791666656683608,0.2659999999999968,167.0000000000016,126.99999999999818,12.0,0.5803571423389441,0.2483039950333706,-0.08333333315977157,0.4791666656683608,0.0,STARBUCKS_otc,1785461520,1m,DOWN,1
0.13714285714285676,0.06809818380676018,-0.026267094417155096,0.25881904510252074,0.9659258262890683,50.0,0.1,-0.19855347152444974,-0.224768411713771,0.6249999921874779,0.05999999999999801,10199.99999999996,3300.0000000000537,4.0,0.9047619004535341,0.6361708572966955,0.12499999843756664,0.6249999921874779,1.0,EURCHF_otc,1785461940,1m,UP,1
0.5478571428571399,0.6854179761898619,0.0034492563094137138,0.49999999999999994,0.8660254037844387,50.0,0.1,-0.07107172564819783,-0.06762492078476526,0.18749999970702572,0.29600000000000365,264.0000000000043,129.99999999999545,1.0,0.9225352106179242,0.34419235989833574,0.5312499991698469,0.18749999970702572,1.0,COKE_otc,1785463860,1m,UP,1
0.16285714285714242,0.10906445317098185,0.09429982246042841,0.49999999999999994,0.8660254037844387,50.0,0.1,-0.17980919926721767,-0.08567893656246575,0.47999999808001814,0.12200000000000273,3100.0000000000227,4600.000000000008,5.0,0.5909090882231552,0.6658595641444924,0.4399999982399977,0.47999999808001814,1.0,EURCHF_otc,1785464100,1m,UP,1
0.5707142857142823,0.7368722882363831,0.06312752316323045,0.49999999999999994,0.8660254037844387,50.0,0.1,-0.03649116497987194,0.026613322214733313,0.749999998897038,0.21399999999999864,85.00000000000227,181.99999999999932,1.0,0.7441860456462677,0.22471910112301188,0.1029411763191931,0.749999998897038,1.0,PRATA_otc,1785464160,1m,UP,1
0.15714285714285683,0.12231512175315064,-0.17766565959391858,0.49999999999999994,0.8660254037844387,50.0,0.1,0.31758209474302623,0.13935220082573024,0.31249999804685,0.10999999999999802,7400.000000000019,3699.999999999974,3.0,0.31428571338775857,1.0333628579558924,-0.062499999609361125,0.31249999804685,0.0,GBPCAD_otc,1785464280,1m,DOWN,1
0.43142857142856883,0.3106117679376988,-0.04464317479682704,0.49999999999999994,0.8660254037844387,50.0,0.1,0.06634410699076099,0.021671314078282662,0.222222221810723,0.27800000000000863,168.00000000000068,223.00000000000182,6.0,0.5060240957759035,0.1891737891733544,-0.14814814787378025,0.222222221810723,0.0,MICROSOFT_otc,1785465960,1m,DOWN,0
0.5389064285714328,0.45655232819805036,-0.05611234320798881,0.7071067811865476,0.7071067811865476,50.0,0.1,0.11315488327856042,0.056979046214109756,0.7959183657225729,0.424210000000005,299.8609999999985,139.92900000000077,3.0,0.9609194260558922,0.2891966045949961,-0.03785714277989233,0.7959183657225729,0.0,PAYPAL_otc,1785467280,1m,DOWN,0
0.38000000000000356,0.2501032751766219,-0.08078407689394239,0.7071067811865476,0.7071067811865476,50.0,0.1,-0.08126208323354067,-0.16198051330367805,0.46969696898533375,0.21400000000001002,276.9999999999982,31.999999999999318,5.0,0.9111111100987809,0.21771735449170257,0.3484848479568855,0.46969696898533375,1.0,AMZN_otc,1785467400,1m,UP,0
0.28500000000000064,0.3826971945798831,-0.0701857813464877,0.7071067811865476,0.7071067811865476,50.0,0.1,0.0792061036288526,0.008964730859658872,0.8961038949400769,0.2940000000000168,151.00000000000477,103.99999999999636,5.0,0.9701492522833872,0.16477705909799764,-0.10389610376122183,0.8961038949400769,0.0,AVAX_otc,1785469800,1m,DOWN,1
0.2928571428571428,0.33912054973453415,-1.3790871136651635,0.7071067811865476,0.7071067811865476,50.0,0.1,3.431004096169734,2.00460044714497,0.5909090895661159,0.17599999999999963,15599.999999999995,14100.0,2.0,0.5151515146311607,14.601769909350773,-0.1363636360537203,0.5909090895661159,0.0,ETHEREUM_otc,1785469920,1m,DOWN,0
0.40999999999999254,0.2876286143720932,-0.02132050919851469,0.8660254037844386,0.5000000000000001,50.0,0.1,-0.09971300883753018,-0.12101225871482355,0.9444444431327643,0.19999999999998863,328.00000000000296,25.99999999999909,10.0,0.6777777770246605,0.177788313381178,0.05555555547834682,0.9444444431327643,1.0,VISA_otc,1785470400,1m,UP,1
0.1221428571428572,0.1004604782670766,0.01604750167268012,0.8660254037844386,0.5000000000000001,50.0,0.1,0.3910086637486481,0.4071189125431836,0.6999999964999929,0.07600000000000193,4399.999999999977,4299.999999999997,17.0,0.9999999952380952,0.5350318471201287,-0.049999999749989345,0.6999999964999929,0.0,CADJPY_otc,1785470520,1m,DOWN,0
0.1307142857142856,0.14349828654315386,-0.02938101560184994,0.8660254037844386,0.5000000000000001,50.0,0.1,0.4525080642499181,0.4229940971831112,0.6538461513313725,0.10400000000000062,1199.9999999999743,9000.000000000056,8.0,0.999999996153846,0.6573957016268624,-0.11538461494080632,0.6538461513313725,0.0,EURJPY_otc,1785470580,1m,DOWN,0
0.13428571428571548,0.12949606469142658,0.005146604864332989,0.8660254037844386,0.5000000000000001,50.0,0.1,-0.2393210336849493,-0.2341867457285773,0.3076923053254312,0.11600000000000107,5300.000000000011,1899.9999999999773,1.0,0.39473684106649426,0.9748589019760237,0.15384615266274293,0.3076923053254312,1.0,CADJPY_otc,1785470760,1m,UP,1
0.5114285714285651,0.3063835493267101,-0.004890129038059691,0.8660254037844386,0.5000000000000001,50.0,0.1,0.08537063376997288,0.08047632999776123,0.6874999989257924,0.4179999999999836,125.0,112.99999999999955,3.0,0.8913043468572551,0.18581729312640782,-0.015624999975572061,0.6874999989257924,0.0,MASTERCARD_otc,1785471480,1m,DOWN,1
0.4828571428571422,0.27493955382523805,0.16660381047107045,0.8660254037844386,0.5000000000000001,50.0,0.1,0.7199991367986378,0.8878024932669737,0.6951219503718026,0.2819999999999993,3599.999999999994,18399.999999999964,1.0,0.37113402023594877,2.166629439308331,-0.06097560968174224,0.6951219503718026,0.0,SHIBA_otc,1785472260,1m,DOWN,1
0.1371428571428575,0.136260900357173,0.4677816183831502,0.8660254037844386,0.5000000000000001,50.0,0.1,2.1123274317507867,2.589990129579732,0.8499999957499952,0.1,400.0000000000092,7300.000000000004,16.0,0.9482758604340052,5.069930069486895,-0.04999999974999867,0.8499999957499952,0.0,CHFJPY_otc,1785472560,1m,DOWN,1
0.4978571428571407,0.47290776945113944,-0.024031857334658402,0.8660254037844386,0.5000000000000001,50.0,0.1,0.059363635007485274,0.0353175114887532,0.8656716404989533,0.1939999999999941,85.00000000000227,192.999999999995,0.0,0.7411764697162874,0.17138824478238776,-0.0746268655602736,0.8656716404989533,0.0,MASTERCARD_otc,1785473700,1m,DOWN,0
0.16928571428571462,0.16218291124442213,-0.3499074233016399,0.9659258262890683,0.25881904510252074,50.0,0.1,0.026694353924820675,-0.32330647490280456,0.2903225797086294,0.04600000000000222,10900.000000000033,2100.0000000000086,3.0,0.722222220216045,0.7195682590301894,-0.5483870950052169,0.2903225797086294,0.0,EURNZD_otc,1785475380,1m,DOWN,1
0.16142857142857178,0.1105828713179301,-0.12825707742235,0.9659258262890683,0.25881904510252074,50.0,0.1,-0.3168753130265957,-0.4447259754333848,0.8181818144628129,0.13200000000000073,12000.000000000027,399.9999999999915,15.0,0.4999999983333214,0.5824111822834016,0.13636363574380753,0.8181818144628129,1.0,EURCAD_otc,1785475800,1m,UP,0
0.14571428571428566,0.12262916491216327,0.5745936130543282,0.9659258262890683,0.25881904510252074,50.0,0.1,0.5869444644699401,1.1649106229292887,0.4399999982400048,0.06600000000000036,1399.999999999988,7200.000000000006,0.0,0.6428571405612271,2.3391812863542967,-0.2799999988800011,0.4399999982400048,0.0,CHFJPY_otc,1785476100,1m,DOWN,0
0.3599999999999933,0.17229702188669754,-0.050360778324170324,0.9659258262890683,0.25881904510252074,50.0,0.1,-0.04839353561724186,-0.09872994258021675,0.8749999986328347,0.3080000000000041,256.9999999999993,17.00000000000159,0.0,0.884057969733272,0.148383905722138,0.07812499987794912,0.8749999986328347,1.0,LINK_otc,1785476700,1m,UP,0
0.48714285714285815,0.2981011333388442,0.8835276324564193,1.0,6.123233995736766e-17,50.0,0.1,-0.8703498882283514,0.005487962466516873,0.4905660368102614,0.3799999999999997,10000.0,31199.999999999975,7.0,0.49056603727305276,2.7814221988249495,0.1509433959416127,0.4905660368102614,1.0,GOLD_otc,1785477720,1m,UP,0
0.15642857142857128,0.09887554614861606,0.1709241774420929,1.0,6.123233995736766e-17,50.0,0.1,-0.3203746019353428,-0.14999802214634125,0.24999999791668148,0.07999999999999971,7400.000000000019,7400.000000000019,7.0,0.4999999984374889,0.8390141583419249,0.3333333305555556,0.24999999791668148,1.0,EURJPY_otc,1785478020,1m,UP,0
0.41500000000000015,0.25458434102630917,0.0017918713566483814,1.0,6.123233995736766e-17,50.0,0.1,0.09454127394458055,0.09633483935923695,0.9523809501134173,0.2660000000000082,191.0000000000025,103.99999999999636,18.0,0.6883116874177578,0.186540045544386,-0.023809523752815132,0.9523809501134173,0.0,COKE_otc,1785478080,1m,DOWN,1
0.14142857142857132,0.09796837345250033,-0.24451510207935426,1.0,6.123233995736766e-17,50.0,0.1,-0.9316366927902187,-1.1738738024591884,0.6842105227146874,0.07800000000000047,6699.999999999999,1499.9999999999857,7.0,0.7391304315689965,2.02821869470651,0.1578947360110774,0.6842105227146874,1.0,CHFJPY_otc,1785478320,1m,UP,0
0.14000000000000057,0.09990104994447882,0.06550203103891312,1.0,6.123233995736766e-17,50.0,0.1,-0.30381341958536556,-0.2385103925068496,0.3076923053254312,0.09599999999999938,3399.9999999999627,8000.000000000042,3.0,0.9666666634444278,0.7849293563374019,0.15384615266274293,0.3076923053254312,1.0,EURJPY_otc,1785478980,1m,UP,1
0.4914285714285716,0.22013107982833036,0.03640287070782309,1.0,6.123233995736766e-17,50.0,0.1,-0.3653479298351595,-0.329078056261868,0.1948051945521984,0.1059999999999988,8100.000000000023,13200.000000000002,16.0,0.7468354420926185,1.4562211981298379,0.5064935058357214,0.1948051945521984,1.0,NVIDIA_otc,1785480360,1m,UP,0
0.4699692857142769,0.45051792287219705,0.0016601071878279484,1.0,6.123233995736766e-17,50.0,0.1,-0.11493871436495913,-0.11328051528298995,0.269061960891503,0.31744200000000544,161.71899999999937,139.49800000000323,11.0,0.8854930087344014,0.28956290049147515,0.009844163672919667,0.269061960891503,1.0,SPOTIFY_otc,1785480360,1m,UP,1
0.15499999999999986,0.17014699526916205,0.16583867098130609,1.0,6.123233995736766e-17,50.0,0.1,-2.9030098246469285,-2.7419854665772734,0.7096774170655559,0.11999999999999958,6799.999999999997,1400.0000000000057,11.0,0.7708333317274282,4.371584699055415,0.22580645088449716,0.7096774170655559,1.0,CHFJPY_otc,1785480660,1m,UP,1
0.40857142857143053,0.1702809572734394,-0.006311139358047083,1.0,6.123233995736766e-17,50.0,0.1,0.03926808004663729,0.03295446242533523,0.4531249992920338,0.16800000000000637,68.00000000000068,120.00000000000455,1.0,0.7733333323022769,0.1609960287642782,-0.18749999970704237,0.4531249992920338,0.0,LINK_otc,1785480960,1m,DOWN,1
0.15928571428571356,0.08128095353097874,0.17232565483441994,1.0,6.123233995736766e-17,50.0,0.1,-0.06815763580210563,0.10405056594009869,0.333333331746043,0.08599999999999994,1899.9999999999773,8999.999999999985,2.0,0.7999999973333475,0.5813953488259365,0.5238095213152056,0.333333331746043,1.0,EURCAD_otc,1785481020,1m,UP,1
0.46499999999999986,0.5588238236837808,-0.7368641947811783,0.9659258262890683,-0.25881904510252063,50.0,0.1,0.7199502633622463,-0.022218987129881077,0.8888888879012329,0.23599999999999852,14000.000000000056,10700.000000000002,0.0,0.9166666657118074,2.585510368904244,-0.0888888887901296,0.8888888879012329,0.0,GOLD_otc,1785483000,1m,DOWN,0
0.4692857142857138,0.3506226799830921,-0.5468790472722759,0.9659258262890683,-0.25881904510252063,50.0,0.1,-0.6460123484906268,-1.1893584895862157,0.2153846150532558,0.2059999999999988,17300.00000000004,4900.00000000002,2.0,0.2711864404481474,3.255172413703305,0.3384615379408274,0.2153846150532558,1.0,GOLD_otc,1785483420,1m,UP,0
0.45142857142857146,0.26837013147993266,-0.025276828551188027,0.9659258262890683,-0.25881904510252063,50.0,0.1,-0.5009402971304926,-0.5260905038616311,0.1599999996800108,0.14800000000000182,24699.99999999999,9399.999999999976,5.0,0.869158877692381,2.0223020222638017,0.05999999988000228,0.1599999996800108,1.0,NVIDIA_otc,1785483900,1m,UP,1
0.40214285714286496,0.40392306944955614,-0.06819427172359604,0.9659258262890683,-0.25881904510252063,50.0,0.1,-0.007773440310146544,-0.07596241099273521,0.27586206801419433,0.13999999999998636,183.0000000000041,89.99999999999773,0.0,0.44642857063137575,0.13803302933167907,-0.5862068945303345,0.27586206801419433,0.0,AVAX_otc,1785484200,1m,DOWN,1
0.42928571428571516,0.22653748207355656,0.4591936826860383,0.9659258262890683,-0.25881904510252063,50.0,0.1,-0.92876744491171,-0.4738386036595509,0.8358208942748955,0.31599999999999967,11400.000000000005,27400.00000000002,9.0,0.4814814808870593,1.777485187584436,0.05970149244820531,0.8358208942748955,1.0,SHIBA_otc,1785484440,1m,UP,1
0.33428571428571885,0.1969771557899483,0.028244523969534398,0.8660254037844387,-0.4999999999999998,50.0,0.1,-0.05112577355303231,-0.0228956898148637,0.4918032778822974,0.29199999999998455,63.999999999998636,185.00000000000227,15.0,0.45614035007693626,0.13710492134474003,0.2950819667293784,0.4918032778822974,1.0,AMZN_otc,1785485100,1m,UP,0
0.15714285714285886,0.13880969661139309,-0.33933333698309215,0.8660254037844387,-0.4999999999999998,50.0,0.1,0.08438409626304638,-0.2552355840897782,0.6249999960937722,0.0920000000000016,7899.999999999991,1900.0000000000482,1.0,0.8260869529300634,0.6322155030062722,-0.2499999984375,0.6249999960937722,0.0,GBPNZD_otc,1785485760,1m,DOWN,0
0.5521428571428625,0.3569190506694944,-0.009376563101899861,0.8660254037844387,-0.4999999999999998,50.0,0.1,-0.11217766419058509,-0.12154370888301587,0.41489361657986185,0.32999999999999546,298.0000000000018,54.000000000002046,5.0,0.651162790192896,0.3381655176020609,0.37234042513575016,0.41489361657986185,1.0,PRATA_otc,1785486000,1m,UP,0
0.519285714285714,0.531347033815438,0.4939970657559578,0.8660254037844387,-0.4999999999999998,50.0,0.1,-0.4229285657311256,0.06897924531987677,0.3454545448264524,0.12000000000000029,9200.000000000016,19600.000000000007,4.0,0.606837606318942,2.5429254509336507,0.4545454537190048,0.3454545448264524,1.0,SHIBA_otc,1785486240,1m,UP,0
0.44785714285714157,0.3235050145576133,-0.051366029908150694,0.8660254037844387,-0.4999999999999998,50.0,0.1,0.04243944887833617,-0.008948380489818232,0.24489795893373853,0.10799999999999273,204.00000000000205,90.99999999999682,5.0,0.8289473673302744,0.19751033030953835,-0.33673469353399926,0.24489795893373853,0.0,SUI_otc,1785486300,1m,DOWN,1
0.4578571428571365,0.32867449393269105,0.05759938649570984,0.8660254037844387,-0.4999999999999998,50.0,0.1,-0.06391237660649057,-0.006349803247600902,0.38775510164515853,0.17600000000001045,142.0000000000016,182.9999999999984,3.0,0.7819548866301338,0.32286255279816367,0.5612244892232741,0.38775510164515853,1.0,COKE_otc,1785487680,1m,UP,1
0.5321428571428564,0.32556966135528664,0.16042393399429214,0.7071067811865476,-0.7071067811865475,50.0,0.1,-0.27107589326607123,-0.1110868298838667,0.19230769156809777,0.28000000000000114,12600.000000000051,12800.000000000011,3.0,0.4086021500982756,0.9963574030319573,0.15384615325441264,0.19230769156809777,1.0,INTEL_otc,1785488880,1m,UP,0
0.44714285714285246,0.28324260548453684,-0.015944351911402206,0.7071067811865476,-0.7071067811865475,50.0,0.1,0.12636734346728942,0.1104028431019437,0.7428571417959045,0.1939999999999941,157.9999999999984,106.99999999999932,7.0,0.7499999990625178,0.20816528323434982,-0.09999999985713474,0.7428571417959045,0.0,SUI_otc,1785490620,1m,DOWN,1
0.5221428571428578,0.40913470737002483,-0.40766109008032947,0.7071067811865476,-0.7071067811865475,50.0,0.1,-1.1394169100720073,-1.5424330407561775,0.2399999995199949,0.2719999999999999,18500.000000000015,13999.999999999985,0.0,0.1547619045776668,2.2304832713162472,0.019999999960010232,0.2399999995199949,1.0,GOLD_otc,1785491400,1m,UP,1
0.5307142857142858,0.32536370182023744,-1.2193970211643355,0.7071067811865476,-0.7071067811865475,50.0,0.1,-5.997617799791409,-7.143880048164267,0.6461538451597629,0.374,16799.999999999996,16400.000000000004,1.0,0.6785714279655609,18.152350078095246,0.1692307689704146,0.6461538451597629,1.0,SPACEX_otc,1785491460,1m,UP,0
0.47000000000000697,0.41703361117469934,0.04523464199604002,0.49999999999999994,-0.8660254037844387,50.0,0.1,0.07889155304913098,0.1241618813567579,0.14999999974996686,0.1939999999999941,45.999999999997954,350.9999999999991,3.0,0.7681159414723839,0.3394249452730406,-0.4333333326111206,0.14999999974996686,0.0,AVAX_otc,1785492180,1m,DOWN,1
0.14357142857142843,0.15947889039800642,0.20571730255814305,0.49999999999999994,-0.8660254037844387,50.0,0.1,1.9704626163112648,2.1802335014116,0.6666666592592462,0.10799999999999983,1600.0000000000014,5799.999999999983,12.0,0.8421052609418272,3.6018957342557516,-0.11111110987656077,0.6666666592592462,0.0,CHFJPY_otc,1785492420,1m,DOWN,1
0.51512285714285,0.26588596044231033,0.013766005271594287,0.49999999999999994,-0.8660254037844387,50.0,0.1,-0.07161825812542726,-0.057862111827021945,0.5235805925980702,0.24401400000000423,127.76499999999942,221.4369999999974,8.0,0.5046460759082065,0.29108929404612494,0.16227515982793417,0.5235805925980702,1.0,SPOTIFY_otc,1785493080,1m,UP,0
0.4414285714285719,0.313863727707066,0.020497932862964082,0.49999999999999994,-0.8660254037844387,50.0,0.1,0.08536324357700245,0.10587867414032458,0.6521739116257625,0.17799999999999727,75.99999999999909,235.00000000000227,7.0,0.2753623186410394,0.292422444481495,-0.10869565193764769,0.6521739116257625,0.0,LINK_otc,1785494220,1m,DOWN,0
0.5092857142857143,0.4833172916382269,-0.7084006794202878,0.49999999999999994,-0.8660254037844387,50.0,0.1,11.819280302624735,11.027151761238065,0.7346938760516455,0.18400000000000025,28099.999999999996,18900.0,8.0,0.6449999996774999,43.10344826657253,-0.22448979546022363,0.7346938760516455,0.0,SPACEX_otc,1785494580,1m,DOWN,1
0.16785714285714498,0.09657030689674534,0.0034668203984174672,0.49999999999999994,-0.8660254037844387,50.0,0.1,-0.24264324990269864,-0.2391848415099642,0.34999999824999645,0.07399999999999807,6699.999999999945,3100.0000000000227,3.0,0.24999999943183027,1.3369796414057584,0.19999999900002843,0.34999999824999645,1.0,GBPCAD_otc,1785495480,1m,UP,0
0.5164285714285646,0.6264797868064316,-0.06310456695689097,0.258819045102521,-0.9659258262890682,50.0,0.1,0.10184939012644165,0.038680551552963155,0.707692306603631,0.2880000000000109,334.9999999999966,132.9999999999984,5.0,0.8749999993164284,0.2597560728123415,-0.046153846082799876,0.707692306603631,0.0,MASTERCARD_otc,1785496200,1m,DOWN,1
0.12214285714285669,0.08731967288657588,-0.11717860612074878,0.258819045102521,-0.9659258262890682,50.0,0.1,-0.30777306369971397,-0.42459102563440426,0.4999999964285968,0.036000000000001364,5600.000000000023,1499.9999999999857,2.0,0.8888888839505997,0.549115314199233,0.07142857091835647,0.4999999964285968,1.0,GBPCAD_otc,1785496920,1m,UP,1
0.4671428571428566,0.567659548177717,-0.21408789136086342,0.258819045102521,-0.9659258262890682,50.0,0.1,-0.8341301342923213,-1.0464322540374726,0.40506329062649765,0.3379999999999995,20199.99999999996,4699.999999999988,14.0,0.7743902434302558,1.9233024510153247,0.2658227844736548,0.40506329062649765,1.0,INTEL_otc,1785497040,1m,UP,0
0.1499999999999996,0.1551603211964985,0.685447131563955,0.258819045102521,-0.9659258262890682,50.0,0.1,1.5641976815150398,2.26036656121893,0.833333328703707,0.07199999999999988,899.9999999999985,8399.999999999998,4.0,0.9428571401632664,3.2228360954675073,-0.05555555524691248,0.833333328703707,0.0,CHFJPY_otc,1785497640,1m,DOWN,1
0.4000000000000001,0.30333313206949186,1.7598723901592346,0.258819045102521,-0.9659258262890682,50.0,0.1,3.307002879831767,5.125074300614932,0.5696202524435184,0.3479999999999993,3300.0000000000005,28900.000000000004,4.0,0.6880733938641529,9.864253392772463,-0.16455696181701768,0.5696202524435184,0.0,FORD_otc,1785498240,1m,DOWN,0
0.5,0.33847752191389996,-0.055318889256598905,1.2246467991473532e-16,-1.0,50.0,0.1,0.11318858345157282,0.05780707952784324,0.22857142824493742,0.22199999999999137,218.99999999999977,145.00000000000455,9.0,0.6725146194897631,0.5253617622645189,-0.3714285708979522,0.22857142824493742,0.0,NIKE_otc,1785499440,1m,DOWN,1
0.48999999999999994,0.5928386730731244,0.1534233820454267,1.2246467991473532e-16,-1.0,50.0,0.1,-1.0631771053467713,-0.9113848855735005,0.43902438917310654,0.2560000000000002,15700.000000000002,18000.00000000004,3.0,0.7792207787147903,4.081632652953062,0.024390243842962882,0.43902438917310654,1.0,GOLD_otc,1785499680,1m,UP,0
0.16500000000000117,0.12772953912534776,-0.22979057780290693,1.2246467991473532e-16,-1.0,50.0,0.1,0.3306195775415933,0.10006926710112399,0.6923076896449746,0.08200000000000074,6100.0000000000655,3799.9999999999545,5.0,0.9302325559762006,1.3145826963829224,-0.19230769156806518,0.6923076896449746,0.0,EURCHF_otc,1785500700,1m,DOWN,1
0.13857142857142893,0.10178894346280974,0.10737336520131124,1.2246467991473532e-16,-1.0,50.0,0.1,0.07181855163763583,0.17926903083467924,0.10526315734073793,0.04799999999999756,2500.0,11400.000000000005,1.0,0.5666666647777651,0.5748227629703947,-0.31578947202213903,0.10526315734073793,0.0,EURCAD_otc,1785500760,1m,DOWN,1
0.4449999999999998,0.4119512667206414,1.8879375209804556,1.2246467991473532e-16,-1.0,50.0,0.1,0.033417617944081365,1.921986042672321,0.5185185175582987,0.1419999999999991,4599.999999999991,20999.999999999996,0.0,0.6842105251154198,3.74753451651889,0.2037037033264739,0.5185185175582987,1.0,ETHEREUM_otc,1785501000,1m,UP,1
0.5064285714285737,0.4773996644001475,-0.046915371362528456,1.2246467991473532e-16,-1.0,50.0,0.1,0.04348689454996878,-0.0034488788506318244,0.33333333222228534,0.32000000000000456,125.0,137.00000000000045,0.0,0.17757009329198956,0.2246719160100255,-0.29999999899990526,0.33333333222228534,0.0,LINK_otc,1785502500,1m,DOWN,1
0.47142857142857203,0.24066756973297607,-0.6245767554215492,-0.2588190451025208,-0.9659258262890683,50.0,0.1,0.15842122103513753,-0.46714499650865215,0.2923076918579821,0.19000000000000056,45999.99999999994,8299.999999999982,3.0,0.5775862063986357,1.4252365155249345,-0.5076923069112356,0.2923076918579821,0.0,INTEL_otc,1785503580,1m,DOWN,1
0.11457285714285703,0.11717025026428672,0.1390840789401721,-0.2588190451025208,-0.9659258262890683,50.0,0.1,-0.2480697125797919,-0.10933065911449091,0.6486786065595951,0.060005999999999914,2541.5000000000273,6809.900000000013,6.0,0.909923818166467,0.7463940423518515,0.1652625037013855,0.6486786065595951,1.0,EURJPY_otc,1785504060,1m,UP,1
0.11245642857142865,0.0646230202344109,0.12754240379175594,-0.2588190451025208,-0.9659258262890683,50.0,0.1,0.16232382680889715,0.29007326231129194,0.6486947353489604,0.08711199999999905,761.2999999999914,8590.10000000005,4.0,0.4048143931072378,0.4269517658619349,-0.3271677795672649,0.6486947353489604,0.0,EURJPY_otc,1785504240,1m,DOWN,0
0.46214285714286313,0.6651980618847243,0.041388578131998574,-0.2588190451025208,-0.9659258262890683,50.0,0.1,0.09012829866681674,0.13155417962012805,0.26829268227251096,0.2040000000000191,259.94799999999714,207.000000000005,17.0,0.9673913038220693,0.3752268695059403,-0.5121951207019529,0.26829268227251096,0.0,SPOTIFY_otc,1785504420,1m,DOWN,0
0.49428571428571544,0.5824087909134233,0.05987017233949012,-0.2588190451025208,-0.9659258262890683,50.0,0.1,0.07349508953013138,0.13340926350638427,0.41463414533023163,0.2300000000000182,62.000000000000455,189.00000000000432,0.0,0.2777777774691253,0.21941586620455406,-0.19512195074358132,0.41463414533023163,0.0,PETROLEO_otc,1785504600,1m,DOWN,1
0.4950000000000005,0.46528320573478754,-0.06583706170140827,-0.2588190451025208,-0.9659258262890683,50.0,0.1,0.06312884468643526,-0.0027497791914006,0.7087378633895561,0.34799999999999043,215.0000000000034,97.99999999999613,4.0,0.4999999994791667,0.21825126176461918,-0.15533980567445577,0.7087378633895561,0.0,STARBUCKS_otc,1785506340,1m,DOWN,0
0.10521285714285764,0.08342657949080666,-0.11661702069763354,-0.4999999999999997,-0.8660254037844388,50.0,0.1,-0.20490211171847456,-0.3212801816780755,0.007487337508348708,0.04963999999999942,3898.2999999999633,5315.100000000043,0.0,0.07492712993696202,0.5115908349157922,0.13686412533734538,0.007487337508348708,1.0,GBPCAD_otc,1785507600,1m,UP,0
0.08131642857142905,0.07626570372591408,0.007935142928390433,-0.4999999999999997,-0.8660254037844388,50.0,0.1,0.26821106187360544,0.2761674877331053,0.4667262135869625,0.05288400000000308,10102.40000000003,3078.300000000027,1.0,0.7039970325413522,0.5634693069449301,-0.11686764837825402,0.4667262135869625,0.0,EURJPY_otc,1785507660,1m,DOWN,1
0.10037999999999998,0.10528797678064648,-0.39834280669707656,-0.4999999999999997,-0.8660254037844388,50.0,0.1,0.7487318096295512,0.3474064836273625,0.2614976956564362,0.06870000000000012,8795.999999999998,3157.8000000000015,8.0,0.6095075197708076,1.4068527778214932,-0.40344457508394244,0.2614976956564362,0.0,CHFJPY_otc,1785508380,1m,DOWN,0
0.10595142857142863,0.1048526823044127,-0.10737943341155216,-0.4999999999999997,-0.8660254037844388,50.0,0.1,-0.8385470409768621,-0.9450260473269239,0.9967271112955944,0.07284800000000011,10159.699999999993,1794.1000000000072,5.0,0.5868596419652942,2.488046446167743,0.0007511535532185622,0.9967271112955944,1.0,CHFJPY_otc,1785508800,1m,UP,1
0.4978571428571489,0.27607631538627564,0.03046314802686098,-0.7071067811865471,-0.7071067811865479,50.0,0.1,0.08689378349704477,0.11738340210579858,0.7903225793703647,0.2060000000000059,9.000000000003183,350.9999999999991,1.0,0.5267175568498312,0.29971629907499886,-0.08064516116026749,0.7903225793703647,0.0,MICROSOFT_otc,1785510660,1m,DOWN,0
0.4914285714285712,0.3860194153277727,-0.9891273821535049,-0.7071067811865471,-0.7071067811865479,50.0,0.1,-5.34339466681113,-6.279669069178675,0.39285714238945596,0.2219999999999999,31300.000000000007,5899.999999999998,14.0,0.31249999978298654,12.587412586312302,0.08333333323412734,0.39285714238945596,1.0,ETHEREUM_otc,1785510840,1m,UP,1
0.5042857142857103,0.223655936546978,0.005766500941540324,-0.7071067811865471,-0.7071067811865479,50.0,0.1,-0.05145875877996473,-0.04569522520823396,0.17333333310221616,0.29199999999999593,107.99999999999841,118.00000000000068,12.0,0.5512820505752672,0.20424729634135147,0.39999999946668185,0.17333333310221616,1.0,SUI_otc,1785511320,1m,UP,0
0.5164285714285687,0.35041968565195625,0.02692723786776017,-0.7071067811865471,-0.7071067811865479,50.0,0.1,-0.06796202121319114,-0.04105308364054279,0.5599999977599454,0.32999999999999546,120.99999999999795,244.99999999999886,2.0,0.6564885491171936,0.29972315647310616,0.39999999840009093,0.5599999977599454,1.0,MICROSOFT_otc,1785511920,1m,UP,1
0.41857142857142876,0.21441076937145023,-2.025472357547363,-0.7071067811865471,-0.7071067811865479,50.0,0.1,-5.153920359432341,-7.075001484769396,0.6301369854381689,0.19000000000000003,35800.0,1399.9999999999968,12.0,0.5543478254844049,12.637362635626722,0.06849315059110507,0.6301369854381689,1.0,SPACEX_otc,1785511920,1m,UP,1
0.4571428571428572,0.28854313863997166,-1.6826538903218586,-0.7071067811865471,-0.7071067811865479,50.0,0.1,0.7154426877099405,-0.9792496268296926,0.27906976679285933,0.09199999999999982,21300.000000000007,7999.999999999989,3.0,0.4782608688720849,6.010452961148926,-0.2790697667928635,0.27906976679285933,0.0,ETHEREUM_otc,1785511980,1m,DOWN,1
0.44642857142856734,0.335804757523626,-0.03814296708391699,-0.7071067811865471,-0.7071067811865479,50.0,0.1,0.13198355006824755,0.09379024054227186,0.5454545448347342,0.2759999999999991,268.9999999999998,128.00000000000296,13.0,0.7654320978204577,0.1710773649858051,-0.2727272724173671,0.5454545448347342,0.0,LINK_otc,1785512580,1m,DOWN,1
0.5142857142857135,0.2992224355622684,0.033381344016698775,-0.8660254037844385,-0.5000000000000004,50.0,0.1,0.03979146235927567,0.07318608930091387,0.3157894728532013,0.13799999999999954,78.99999999999636,263.99999999999864,2.0,0.4432989686151503,0.19666281450805118,-0.3157894728532013,0.3157894728532013,0.0,PAYPAL_otc,1785514020,1m,DOWN,0
0.09394285714285593,0.08437003357110631,-0.13674234911265165,-0.8660254037844385,-0.5000000000000004,50.0,0.1,-0.28144019872679416,-0.41779769990035953,0.5921878417471039,0.0641099999999966,8919.099999999957,552.3000000000167,14.0,0.9430372910721437,0.7406652640186241,0.1874030850815581,0.5921878417471039,1.0,GBPNZD_otc,1785515040,1m,UP,0
0.508571428571433,0.38431614732282066,-0.042714893387306656,-0.8660254037844385,-0.5000000000000004,50.0,0.1,-0.07156988949650468,-0.1142542118818155,0.6470588222606494,0.23200000000001636,191.9999999999959,71.00000000000364,0.0,0.526881719863574,0.19160245580742732,0.31372548958098506,0.6470588222606494,1.0,SPOTIFY_otc,1785516000,1m,UP,0
0.4385714285714289,0.2943357207064751,1.978111110485405,-0.8660254037844385,-0.5000000000000004,50.0,0.1,0.8865818470360298,2.882230531541201,0.5593220329503019,0.24600000000000008,7500.0,42599.99999999999,1.0,0.8095238082388498,4.787234042189425,-0.4406779653547829,0.5593220329503019,0.0,FORD_otc,1785516360,1m,DOWN,1
0.43928571428571456,0.2729811006624807,-1.1163310739849563,-0.9659258262890683,-0.25881904510252063,50.0,0.1,-2.964106315384633,-4.047348149505001,0.6111111094135799,0.2740000000000002,22400.0,13499.999999999996,10.0,0.90099009811783,8.875219682875638,0.08333333310184979,0.6111111094135799,1.0,FORD_otc,1785517800,1m,UP,1
0.5371428571428639,0.5314385412125572,0.06144959900553134,-0.9659258262890683,-0.25881904510252063,50.0,0.1,-0.041800348324233585,0.019623564534869596,0.3157894732686154,0.26400000000001,98.99999999999523,435.0000000000023,2.0,0.7999999993043378,0.23277938586679076,0.4999999993421427,0.3157894732686154,1.0,PAYPAL_otc,1785518520,1m,UP,1
0.5342857142857075,0.43400068365762107,0.06399953066589169,-0.9659258262890683,-0.25881904510252063,50.0,0.1,0.10735425026654531,0.17142248714875746,0.47368420969526465,0.22800000000002002,28.000000000002956,294.99999999999886,5.0,0.6900584791286329,0.3445357833648723,-0.19298245580181142,0.47368420969526465,0.0,PAYPAL_otc,1785520500,1m,DOWN,1
0.5564285714285769,0.47859512817135824,0.006037688103132124,-1.0,-1.8369701987210297e-16,50.0,0.1,0.15023821309803878,0.1562849721158895,0.6911764695718325,0.3819999999999936,6.000000000000227,255.00000000000114,5.0,0.7428571421496257,0.2186042638236645,-0.014705882331301358,0.6911764695718325,0.0,LINK_otc,1785520800,1m,DOWN,0
0.10199285714285697,0.06401282861471101,0.11929735589312636,-1.0,-1.8369701987210297e-16,50.0,0.1,-0.2350391209867905,-0.11602216055031582,0.3572390042085011,0.0817459999999997,1949.1999999999975,3681.6000000000313,5.0,0.32152142358438474,0.6533642913088251,0.1275052338655089,0.3572390042085011,1.0,EURCHF_otc,1785521100,1m,UP,1
0.5171428571428583,0.3245766473139473,-0.5237724969415358,-1.0,-1.8369701987210297e-16,50.0,0.1,-1.6387689372675378,-2.1539580132272453,0.662790696903727,0.25400000000000206,30100.00000000005,2999.9999999999714,10.0,0.6853146848354422,4.062499999884587,0.06976744177933404,0.662790696903727,1.0,GOLD_otc,1785522000,1m,UP,0
0.41642857142857154,0.21336781428976176,0.39455518239938814,-1.0,-1.8369701987210297e-16,50.0,0.1,1.8808136053766151,2.282789635327289,0.6964285701849494,0.15999999999999978,10099.999999999998,34900.0,0.0,0.5970149244820679,5.197827773064559,-0.017857142825254708,0.6964285701849494,0.0,ETHEREUM_otc,1785523200,1m,DOWN,0
0.452857142857137,0.3883184372724623,-0.019881157550672615,-1.0,-1.8369701987210297e-16,50.0,0.1,0.2613290965444663,0.2413959837443839,0.9204545444085818,0.33000000000001817,168.99999999999977,167.0000000000016,15.0,0.6249999992897889,0.2623811085594,-0.04545454540285146,0.9204545444085818,0.0,NIKE_otc,1785523200,1m,DOWN,1
0.44500000000000534,0.34598481832622785,0.027078521410820653,-0.9659258262890684,0.2588190451025203,50.0,0.1,0.10747976983289775,0.1345873951762049,0.2857142850340136,0.26400000000001,25.0,176.99999999999818,16.0,0.4714285710918216,0.2770192726259858,-0.3095238087868255,0.2857142850340136,0.0,VISA_otc,1785524760,1m,DOWN,1
0.4842857142857205,0.35168667360515493,-0.01603113527490891,-0.9659258262890684,0.2588190451025203,50.0,0.1,0.10665588368136056,0.09060765025746005,0.8958333314671002,0.33000000000001817,251.99999999999818,135.00000000000227,13.0,0.7653061216680408,0.23891949875606538,-0.04166666657982657,0.8958333314671002,0.0,AVAX_otc,1785524880,1m,DOWN,0
0.09257571428571408,0.11188841534116335,-0.6407731794429875,-0.9659258262890684,0.2588190451025203,50.0,0.1,0.485107062577702,-0.15877455281386726,0.5882822332361307,0.043781999999999856,6950.8000000000075,1942.6999999999948,0.0,0.5260894857074855,2.041316382367041,-0.19285761659335102,0.5882822332361307,0.0,CHFJPY_otc,1785525000,1m,DOWN,1
0.40857142857143053,0.35162183108393574,0.015984288468157144,-0.9659258262890684,0.2588190451025203,50.0,0.1,-0.02883976209545735,-0.012860083458067075,0.30303030211194065,0.16399999999999865,94.99999999999886,106.99999999999932,0.0,0.14583333318140387,0.19028364155282027,0.1212121208448796,0.30303030211194065,1.0,VISA_otc,1785525000,1m,UP,1
0.09083714285714299,0.06365490250738891,-0.1584631573839857,-0.9659258262890684,0.2588190451025203,50.0,0.1,0.15686983150002698,-0.0018419067719366168,0.25404745781719557,0.07329000000000008,5330.900000000013,2442.1000000000245,7.0,0.8293771731850059,0.48146788989562445,-0.413728094768999,0.25404745781719557,0.0,EURJPY_otc,1785525120,1m,DOWN,0
0.5149999999999905,0.3917500884819713,0.013276377826852015,-0.9659258262890684,0.2588190451025203,50.0,0.1,0.1516732687524846,0.16496978329555856,0.47499999940627136,0.3619999999999891,91.99999999999591,173.00000000000182,17.0,0.7499999993750355,0.3078975727400086,-0.16249999979687857,0.47499999940627136,0.0,PRATA_otc,1785525120,1m,DOWN,1
0.512857142857143,0.37899592621587924,0.24906194703839257,-0.9659258262890684,0.2588190451025203,50.0,0.1,1.4244986884448592,1.6771085196522288,0.2624999996718758,0.12199999999999953,10000.0,32200.000000000004,4.0,0.4655172409780023,8.516886930358513,-0.2624999996718736,0.2624999996718758,0.0,FORD_otc,1785525840,1m,DOWN,1
0.3100000000000063,0.21444664264827,0.01754734149314754,-0.8660254037844386,0.5000000000000001,50.0,0.1,-0.061662546774156494,-0.04412602541866479,0.641025639382008,0.22799999999999726,73.00000000000182,212.99999999999955,1.0,0.7564102554405119,0.18485164470522825,0.12820512787643074,0.641025639382008,1.0,AMZN_otc,1785528360,1m,UP,1
0.09283928571428644,0.08825664816954433,-0.004809612243609858,-0.8660254037844386,0.5000000000000001,50.0,0.1,-0.10098877852438781,-0.10579353359934107,0.6716776064719905,0.034388000000001286,3575.000000000017,2580.2999999999797,7.0,0.4867297786835642,0.7223748636806495,0.10080848786240104,0.6716776064719905,1.0,EURNZD_otc,1785528420,1m,UP,1
0.11434142857142884,0.09051801097682492,-0.06733206252224833,-0.8660254037844386,0.5000000000000001,50.0,0.1,0.41556015754218806,0.3479482897948459,0.3523946301342219,0.06543399999999906,6063.200000000002,2841.1999999999794,11.0,0.863177770174546,1.044617811870967,-0.5321603279673324,0.3523946301342219,0.0,NZDJPY_otc,1785528960,1m,DOWN,0
0.0979135714285719,0.08993047112961816,0.021593713240967396,-0.8660254037844386,0.5000000000000001,50.0,0.1,0.15116146517972798,0.1727878197940171,0.5649919190258293,0.07899400000000156,4374.600000000015,3183.3999999999915,7.0,0.7379144856480764,0.5240189094056019,-0.03136954831785568,0.5649919190258293,0.0,EURCAD_otc,1785529020,1m,DOWN,0
0.08716214285714331,0.05417673881750473,-0.04410636412190628,-0.8660254037844386,0.5000000000000001,50.0,0.1,-0.12353268140056248,-0.16758455974820066,0.5606060489703167,0.04416999999999902,5380.900000000004,1490.000000000009,6.0,0.5667103364630005,0.5737905698696433,0.25446242726314455,0.5606060489703167,1.0,EURCHF_otc,1785530160,1m,UP,1
0.12567571428571458,0.19301031182156606,0.2785344384422621,-0.8660254037844386,0.5000000000000001,50.0,0.1,1.0290302622985992,1.3104309044033555,0.4564888990764374,0.06637799999999956,2026.8000000000086,6206.999999999994,18.0,0.8308943058011119,1.3852802513679794,-0.002788427991322713,0.4564888990764374,0.0,NZDJPY_otc,1785531480,1m,DOWN,1
0.08523071428571427,0.06761889240325791,-0.04854891181066014,-0.7071067811865477,0.7071067811865474,50.0,0.1,-0.1204169348864918,-0.16890738558562882,0.3824381228117659,0.03557600000000179,3806.5999999999885,2462.099999999978,0.0,0.673888023846065,0.5221486703712191,0.5041469161127369,0.3824381228117659,1.0,GBPNZD_otc,1785532200,1m,UP,1
0.0977828571428552,0.10912652922309674,-0.0023531983359892667,-0.7071067811865477,0.7071067811865474,50.0,0.1,0.19120746570815364,0.18884976788126306,0.11071329907145365,0.10064799999999963,2265.3999999999996,4934.5999999999885,0.0,0.015531809096867744,0.8249667240316891,-0.026989809226350907,0.11071329907145365,0.0,EURJPY_otc,1785532800,1m,DOWN,1
0.09534428571428524,0.0661046270150385,-0.12842400287785075,-0.7071067811865477,0.7071067811865474,50.0,0.1,0.19955637253793596,0.07087609137847416,0.804949454130757,0.035663999999998454,7168.399999999977,1692.6999999999737,0.0,0.7218056739138484,0.57173502168739,-0.16814220865710855,0.804949454130757,0.0,GBPCAD_otc,1785532800,1m,DOWN,0
0.4078571428571373,0.30278650950297853,0.04583944193617749,-0.7071067811865477,0.7071067811865474,50.0,0.1,0.10707759187262997,0.15296611757936057,0.893617020325915,0.2799999999999841,10.000000000002274,300.9999999999991,8.0,0.8399999983200319,0.10012615896008946,-0.03191489358310078,0.893617020325915,0.0,PAYPAL_otc,1785534780,1m,DOWN,1
0.5042857142857139,0.4635108495944925,0.01769961076866372,-0.7071067811865477,0.7071067811865474,50.0,0.1,0.8412497330738347,0.8590982417708448,0.8043478243383672,0.38200000000000073,5000.0,29900.00000000002,1.0,0.5211267601963904,2.499120028115119,-0.15217391271266573,0.8043478243383672,0.0,NVIDIA_otc,1785534960,1m,DOWN,0
0.48500000000000554,0.33322269209370237,0.028064389591875436,-0.5000000000000004,0.8660254037844384,50.0,0.1,0.11549914633652998,0.1435959500588086,0.44897959092038114,0.23999999999999772,23.00000000000182,231.99999999999932,5.0,0.29629629602198293,0.2874940105406926,-0.04081632644739174,0.44897959092038114,0.0,SUI_otc,1785536400,1m,DOWN,1
0.09356428571428564,0.124846143268698,-0.11099444412673494,-0.5000000000000004,0.8660254037844384,50.0,0.1,0.013513558147111337,-0.09749588527837073,0.3971486707786643,0.03825400000000201,4505.69999999999,11303.800000000023,0.0,0.3398230064437281,0.27617968318083275,-0.2545824812684537,0.3971486707786643,0.0,EURNZD_otc,1785537900,1m,DOWN,0
0.4585714285714297,0.2671172932422275,0.042155639139666,-0.5000000000000004,0.8660254037844384,50.0,0.1,0.11807389269536189,0.16027930663915071,0.6851851839163062,0.21000000000001365,9.99999999999659,266.0000000000025,13.0,0.7599999989866576,0.1531987907505654,-0.16666666635797206,0.6851851839163062,0.0,LINK_otc,1785538680,1m,DOWN,0
0.10979857142857087,0.10172809912087735,0.06139126893120563,-0.25881904510252157,0.9659258262890681,50.0,0.1,0.5223513192271488,0.5840632662615068,0.8077360571450036,0.09138799999999989,1013.6999999999929,4496.500000000018,5.0,0.4084306033575019,1.41627233631214,-0.13269949510239407,0.8077360571450036,0.0,NZDJPY_otc,1785538800,1m,DOWN,1
0.29500000000000376,0.16169432535967404,0.032379973091600824,-0.25881904510252157,0.9659258262890681,50.0,0.1,-0.029527354794492217,0.0028430573475714898,0.23529411695498778,0.2839999999999918,50.0,145.00000000000455,1.0,0.7090909078016134,0.12947269303171294,0.14705882309693005,0.23529411695498778,1.0,AMZN_otc,1785538860,1m,UP,1
0.11940785714285543,0.09742014913477709,-0.12449789740538025,-0.25881904510252157,0.9659258262890681,50.0,0.1,-0.2132508055329739,-0.3374832101692656,0.23514803977889637,0.09020999999999901,8129.999999999953,591.2000000000006,12.0,0.9966619227405373,0.6581996688528662,0.45272205871328225,0.23514803977889637,1.0,EURCAD_otc,1785538920,1m,UP,1
0.4942857142857195,0.3111623017314331,0.013662993823758672,-0.25881904510252157,0.9659258262890681,50.0,0.1,0.08124820634924484,0.09492230111041892,0.5596330270095363,0.3439999999999941,46.999999999997044,260.0000000000023,7.0,0.5894736835900019,0.19398444040555116,-0.293577981382039,0.5596330270095363,0.0,LINK_otc,1785539520,1m,DOWN,1
0.10948357142857189,0.08650051557430136,0.1008614684942209,-0.25881904510252157,0.9659258262890681,50.0,0.1,-0.05892494334043508,0.04187709259062326,0.8220445475836263,0.07918399999999934,2129.0000000000473,4645.200000000003,0.0,0.9785329130012411,0.3930732624557225,0.17272590047403089,0.8220445475836263,1.0,EURNZD_otc,1785539700,1m,UP,1
0.09322785714285635,0.07212384433178161,-0.046073150250625014,-0.25881904510252157,0.9659258262890681,50.0,0.1,0.21760273396170393,0.1714293272765113,0.3713855178920078,0.058941999999997566,5789.900000000045,2708.899999999943,9.0,0.7235479484116518,0.46669958708487397,-0.08423620517878327,0.3713855178920078,0.0,EURCAD_otc,1785540540,1m,DOWN,1
0.08068214285714248,0.05126442771537807,0.07755520171821628,-0.25881904510252157,0.9659258262890681,50.0,0.1,-0.11653169292722364,-0.039066867598522716,0.2462036799715977,0.04655400000000043,2248.4999999999645,5863.50000000003,4.0,0.4624973747639252,0.6234221466596781,0.27130997628454434,0.2462036799715977,1.0,GBPNZD_otc,1785542340,1m,UP,1
0.6007142857142875,0.6821443243007734,0.14543270489206053,0.0,1.0,50.0,0.1,0.20537799046838973,0.3511093821272414,0.8467741928655076,0.3580000000000041,18.000000000000682,484.0000000000032,0.0,0.9016393435232448,0.2842299000529285,-0.04032258061265195,0.8467741928655076,0.0,MICROSOFT_otc,1785543600,1m,DOWN,1
0.12007642857142845,0.0629314328574403,0.039749630383952995,0.25881904510252074,0.9659258262890683,50.0,0.1,0.07759846246753181,0.11737893795349928,0.48541335939795544,0.08308800000000076,2789.5999999999785,3858.4999999999777,4.0,0.3395709514916557,0.6207756149903628,-0.39595451967232503,0.48541335939795544,0.0,GBPNZD_otc,1785546240,1m,DOWN,1
0.10723857142857136,0.11868990575798893,-0.026668814678375497,0.25881904510252074,0.9659258262890683,50.0,0.1,-0.5457851026563935,-0.5723083629171993,0.7873796182853353,0.08099600000000037,4681.7999999999665,2412.7000000000007,10.0,0.9696922999670762,0.924609062378437,0.02306132773220396,0.7873796182853353,1.0,GBPCAD_otc,1785547800,1m,UP,0
0.4742857142857133,0.5010735727065175,0.034063156685333315,0.25881904510252074,0.9659258262890683,50.0,0.1,0.08809059084868343,0.12218375397000254,0.5111111099752974,0.18799999999999956,62.999999999999545,168.99999999999977,18.0,0.911290321845765,0.2518277822902994,-0.0888888886912682,0.5111111099752974,0.0,LINK_otc,1785547980,1m,DOWN,1
0.49785714285714483,0.49733852072096385,-0.09672177576639303,0.25881904510252074,0.9659258262890683,50.0,0.1,0.03253687295481925,-0.06421637305287455,0.3571428566326589,0.27200000000000274,335.0000000000023,89.99999999999773,2.0,0.16822429890820903,0.26780797917538046,-0.24285714251023077,0.3571428566326589,0.0,COKE_otc,1785548220,1m,DOWN,0
0.6842857142857172,0.4632238914262606,-0.03496532286348108,0.49999999999999994,0.8660254037844387,50.0,0.1,0.11372038975939129,0.07871530419446923,0.585858585266788,0.3920000000000073,201.00000000000477,162.00000000000045,2.0,0.34355828199780736,0.342099187776068,-0.010101010090855199,0.585858585266788,0.0,SPOTIFY_otc,1785550020,1m,DOWN,1
0.5321428571428442,0.3804219750868487,-0.01084449368921587,0.49999999999999994,0.8660254037844387,50.0,0.1,0.06305376043950069,0.05220242888921313,0.15094339594159398,0.267999999999995,106.99999999999932,115.99999999999682,0.0,0.252100840124295,0.2364723883706522,-0.4150943388395175,0.15094339594159398,0.0,PAYPAL_otc,1785551100,1m,DOWN,1
0.47857142857143586,0.4102645887163876,-0.060738347245832006,0.7071067811865476,0.7071067811865476,50.0,0.1,-0.09090219189072601,-0.15158532664759336,0.27777777700622547,0.22400000000000092,274.0000000000009,18.000000000000682,0.0,0.2790697671173669,0.21649380726962258,0.3888888878085893,0.27777777700622547,1.0,COKE_otc,1785553800,1m,UP,1
0.4935714285714263,0.4323612652756755,-9.461636616915959e-05,0.7071067811865476,0.7071067811865476,50.0,0.1,-0.12630851076641927,-0.1264030076240654,0.8059701480507858,0.26599999999998547,180.99999999999454,153.00000000000296,18.0,0.8412698399344551,0.12286929047836462,0.13432835800852086,0.8059701480507858,1.0,MASTERCARD_otc,1785554880,1m,UP,0
0.4378571428571466,0.5565197980956033,0.12750012090809612,0.7071067811865476,0.7071067811865476,50.0,0.1,-0.06536965161707019,0.06204712290617697,0.8888888874779642,0.22800000000000864,112.99999999999955,938.9999999999986,3.0,0.41025640990577367,0.2812364790147598,0.06349206339131538,0.8888888874779642,1.0,AVAX_otc,1785555180,1m,UP,0
0.5142857142857095,0.3646886372428888,0.010796198443425628,0.7071067811865476,0.7071067811865476,50.0,0.1,0.08349703547535901,0.09430224842442894,0.39999999900008526,0.2580000000000041,170.99999999999795,140.0000000000034,12.0,0.9177215184064743,0.47078454157961114,-0.4499999988750426,0.39999999900008526,0.0,NIKE_otc,1785555420,1m,DOWN,1
0.5164285714285715,0.3809797952596651,-0.9914164678717191,0.7071067811865476,0.7071067811865476,50.0,0.1,-9.884215124409307,-10.777637855817765,0.6282051273997371,0.3040000000000001,19600.0,7500.0,7.0,0.8240740733110428,18.98066783497702,0.025641025608151978,0.6282051273997371,1.0,SPACEX_otc,1785556020,1m,UP,1
0.10507928571428618,0.06552430637737945,-0.13574940948920386,0.7071067811865476,0.7071067811865476,50.0,0.1,0.3006660428498639,0.16450848098295684,0.9258654210852147,0.11261200000000074,5331.600000000023,2122.2999999999815,7.0,0.35497169045801835,0.5731743202097412,-0.02098385360945912,0.9258654210852147,0.0,EURCHF_otc,1785556320,1m,DOWN,1
0.48571428571428654,0.371765168633818,0.004667850748293213,0.7071067811865476,0.7071067811865476,50.0,0.1,-0.0552288325875859,-0.050563559838767896,0.4749999994062376,0.3180000000000064,220.99999999999795,252.00000000000387,2.0,0.8672566364006774,0.27249270539373277,0.36249999954689544,0.4749999994062376,1.0,AVAX_otc,1785556620,1m,UP,1
0.4464285714285755,0.24997582291434967,-0.04344172094980229,0.8660254037844386,0.5000000000000001,50.0,0.1,0.055004047309052756,0.011538431654507372,0.3249999991875071,0.24800000000001318,178.99999999999636,206.00000000000023,7.0,0.987341770902111,0.20420824070671004,-0.6499999983750142,0.3249999991875071,0.0,PRATA_otc,1785556920,1m,DOWN,1
0.488571428571439,0.44058901614846163,-0.0008391497573174532,0.8660254037844386,0.5000000000000001,50.0,0.1,0.1174817089750932,0.11664157337029998,0.6744186030827842,0.42400000000000093,147.00000000000273,158.9999999999975,14.0,0.7790697665359716,0.2025054158420431,-0.11627906949705001,0.6744186030827842,0.0,PETROLEO_otc,1785558840,1m,DOWN,1
0.48357142857142726,0.48089202826346883,0.5306827346335715,0.8660254037844386,0.5000000000000001,50.0,0.1,1.0846874943425762,1.6211264782333534,0.7662337652386566,0.17999999999999972,1900.0000000000482,43599.99999999999,18.0,0.9367816086570224,3.968978102099252,-0.012987012970153448,0.7662337652386566,0.0,GOLD_otc,1785559080,1m,DOWN,1
0.45214285714285196,0.3048986499501212,0.02004099896625796,0.8660254037844386,0.5000000000000001,50.0,0.1,-0.03885534538085181,-0.018822133413959965,0.08333333319446024,0.1980000000000018,83.9999999999975,123.00000000000182,1.0,0.6304347819234513,0.2759282586519104,0.44999999924995265,0.08333333319446024,1.0,NIKE_otc,1785559860,1m,UP,1
0.07931428571428535,0.08092641233621196,0.12249408741811542,0.9659258262890683,0.25881904510252074,50.0,0.1,0.21614720395720213,0.3389060589202847,0.7050414589148637,0.04595599999999891,506.19999999998555,4857.200000000005,10.0,0.8155594374598706,0.8311839284803026,-0.26811435761552577,0.7050414589148637,0.0,EURCHF_otc,1785561000,1m,DOWN,0
0.1157357142857143,0.11963342026692521,-0.04815429444363976,0.9659258262890683,0.25881904510252074,50.0,0.1,0.257979008151756,0.209700485736928,0.734148598967507,0.04024000000000001,3133.999999999979,5949.600000000003,2.0,0.8276949870607039,0.7792338213641735,-0.14524168224619496,0.734148598967507,0.0,NZDJPY_otc,1785561120,1m,DOWN,1
0.49571428571428544,0.46578599528832787,0.41185524324628175,0.9659258262890683,0.25881904510252074,50.0,0.1,-5.844739312998296,-5.4569559350666745,0.6885245890352062,0.31999999999999995,17699.999999999996,5499.999999999998,5.0,0.9749999991875005,14.723926378561472,0.04918032778822797,0.6885245890352062,1.0,FORD_otc,1785561900,1m,UP,1
0.09317714285714322,0.07601363704819392,-0.14057413607419705,0.9659258262890683,0.25881904510252074,50.0,0.1,0.037126848465120696,-0.10349947835555778,0.43788289205706643,0.04946199999999834,3926.9000000000174,1746.2000000000444,1.0,0.39084910885995783,0.5550644589553334,-0.34689163054241423,0.43788289205706643,0.0,GBPNZD_otc,1785562260,1m,DOWN,0
0.5549999999999946,0.4876389629726083,-0.0012105591064900834,0.9659258262890683,0.25881904510252074,50.0,0.1,-0.12207877937357127,-0.12328786064428054,0.4905660368102083,0.5139999999999872,182.9999999999984,35.000000000002274,6.0,0.6947368413739543,0.1992282526629589,0.24528301840521138,0.4905660368102083,1.0,SPOTIFY_otc,1785562260,1m,UP,1
0.49142857142857155,0.5369782159418345,-0.8626099004594622,0.9659258262890683,0.25881904510252074,50.0,0.1,9.751417078246241,8.804690488634732,0.6081081072863405,0.5079999999999998,9399.999999999995,18200.000000000004,2.0,0.9285714280976674,26.5223274659645,-0.18918918893352765,0.6081081072863405,0.0,SPACEX_otc,1785563220,1m,DOWN,1
0.5035714285714287,0.37722526572193515,-3.7215194217300387,0.9659258262890683,0.25881904510252074,50.0,0.1,3.0390575660499524,-0.7955609732381917,0.5063291132831276,0.15999999999999978,18599.999999999993,8199.999999999993,1.0,0.7281553390988788,13.05449936463187,-0.26582278447364227,0.5063291132831276,0.0,FORD_otc,1785563460,1m,DOWN,1
0.09266071428571365,0.08113742264382752,0.006109606083519635,0.9659258262890683,0.25881904510252074,50.0,0.1,0.2617051190924756,0.2678307143278722,0.8137356308821209,0.07825399999999974,1566.399999999959,3149.700000000024,10.0,0.8888117158453909,0.6238073200148962,-0.009748924297428225,0.8137356308821209,0.0,EURNZD_otc,1785563700,1m,DOWN,0
0.490000000000001,0.5350608468651542,0.04888401114710206,0.9659258262890683,0.25881904510252074,50.0,0.1,-0.060617338863752535,-0.011762959903337714,0.2950819667293784,0.40599999999999453,131.99999999999932,195.00000000000455,0.0,0.18518518504801565,0.26964406982728184,0.11475409817252052,0.2950819667293784,1.0,LINK_otc,1785563700,1m,UP,1
0.44714285714284835,0.365660624476655,-0.011632297224798697,0.9659258262890683,0.25881904510252074,50.0,0.1,0.07913968629716331,0.06749818330883174,0.24242424168958696,0.21399999999999864,166.0000000000025,121.99999999999704,11.0,0.47761193994207934,0.30681167716013896,-0.48484848337934616,0.24242424168958696,0.0,STARBUCKS_otc,1785563760,1m,DOWN,1
0.511428571428561,0.3423769530090237,0.0052925697210218685,0.9659258262890683,0.25881904510252074,50.0,0.1,0.12108104171902292,0.12638001973859672,0.22222222172845119,0.2300000000000068,81.00000000000023,127.00000000000387,7.0,0.1858407078001236,0.3377974411086385,-0.22222222172832487,0.22222222172845119,0.0,NIKE_otc,1785563820,1m,DOWN,1
0.5457142857142847,0.2965293751660022,0.017564617390459614,1.0,6.123233995736766e-17,50.0,0.1,0.09317385204536022,0.11075483506643956,0.4776119395856323,0.4319999999999936,59.00000000000318,230.00000000000114,17.0,0.6025641021778412,0.37222619899696496,-0.4179104471374813,0.4776119395856323,0.0,NETFLIX_otc,1785564420,1m,DOWN,0
0.48571428571428654,0.29593212763549775,-0.15871423108750948,1.0,6.123233995736766e-17,50.0,0.1,1.1052800885968386,0.9448116207153492,0.7777777765431987,0.33999999999999914,7700.000000000031,14599.999999999936,7.0,0.9292929283542495,2.2232203008708056,-0.0793650792391095,0.7777777765431987,0.0,GOLD_otc,1785564720,1m,DOWN,0
0.08268142857142838,0.07346389940033993,-0.008063977217598169,1.0,6.123233995736766e-17,50.0,0.1,-0.1141336937936775,-0.12218846729621054,0.674755470165174,0.06114599999999939,2800.0999999999717,4011.5000000000123,3.0,0.9512005633861935,0.29171957084519523,0.1930172069702325,0.674755470165174,1.0,EURCAD_otc,1785567480,1m,UP,0
0.4228571428571521,0.2409231329599675,0.007445893048100034,0.9659258262890683,-0.25881904510252063,50.0,0.1,-0.07573779059414938,-0.06829753690093399,0.49999999919354843,0.16999999999999318,142.0000000000016,230.99999999999454,3.0,0.5983606552472468,0.3178904580741176,0.4032258058012458,0.49999999919354843,1.0,PRATA_otc,1785567780,1m,UP,0
0.44428571428570407,0.49678526988239685,-0.11486564514271086,0.9659258262890683,-0.25881904510252063,50.0,0.1,0.02906805582755474,-0.0858309785250129,0.10256410230117374,0.16399999999999865,357.9999999999984,68.99999999999977,4.0,0.7999999987692308,0.1498144605523496,-0.2051282046022017,0.10256410230117374,0.0,STARBUCKS_otc,1785567840,1m,DOWN,1
0.3242857142857076,0.2502756720063165,0.011994503796205315,0.9659258262890683,-0.25881904510252063,50.0,0.1,0.06898277756343928,0.08098555550151817,0.6279069752840172,0.11800000000000636,12.999999999999545,105.00000000000114,11.0,0.9438202236586792,0.20596130704385973,-0.02325581389938356,0.6279069752840172,0.0,AMZN_otc,1785567960,1m,DOWN,0
0.4635714285714414,0.35404491551864553,-0.01432144327992398,0.9659258262890683,-0.25881904510252063,50.0,0.1,-0.12053139434514831,-0.13483557578979666,0.599999999142841,0.26399999999998724,175.9999999999991,218.00000000000068,18.0,0.986928103930124,0.3025210084027578,0.17142857118366883,0.599999999142841,1.0,PAYPAL_otc,1785568080,1m,UP,1
0.44428571428571395,0.2682554547631031,0.4780639971681119,0.9659258262890683,-0.25881904510252063,50.0,0.1,-1.731980238114819,-1.2621962149032007,0.4848484833792473,0.34800000000000003,10999.999999999996,20099.999999999996,4.0,0.8227848090850839,6.325060047532014,0.21212121147842136,0.4848484833792473,1.0,ETHEREUM_otc,1785568440,1m,UP,1
0.4728571428571432,0.4656084286633305,-0.09168765446981042,0.9659258262890683,-0.25881904510252063,50.0,0.1,0.04668284896716364,-0.04504760791190445,0.49999999907412673,0.232000000000005,320.99999999999795,106.00000000000023,1.0,0.5535714280771702,0.26006594529266797,-0.1111111109053498,0.49999999907412673,0.0,MICROSOFT_otc,1785568860,1m,DOWN,1
0.11956571428571396,0.12556421998418127,0.04820107575075533,0.9659258262890683,-0.25881904510252063,50.0,0.1,0.354033965699647,0.4024056896303927,0.5342919734094648,0.12313800000000157,614.6000000000384,5613.399999999941,19.0,0.25768881588336584,0.5363576034507938,-0.18656117930956045,0.5342919734094648,0.0,GBPCAD_otc,1785569040,1m,DOWN,0
0.4857142857142784,0.30589537105265335,0.03569890089117545,0.9659258262890683,-0.25881904510252063,50.0,0.1,-0.044729791572581994,-0.009046858725368865,0.3278688519215005,0.1759999999999991,152.99999999999727,106.00000000000023,1.0,0.878048779416985,0.1941793554188002,0.22950819634504105,0.3278688519215005,1.0,NETFLIX_otc,1785569760,1m,UP,0
0.4385714285714276,0.3701440171213125,0.0508888161366994,0.9659258262890683,-0.25881904510252063,50.0,0.1,-0.06917909222030894,-0.018325480504654563,0.8133333322488313,0.27800000000000863,113.99999999999864,213.00000000000523,1.0,0.8878504664599538,0.20976690387930608,0.0933333332089556,0.8133333322488313,1.0,VISA_otc,1785570660,1m,UP,1
0.11432214285714284,0.11849799975007974,-0.0552363794446124,0.9659258262890683,-0.25881904510252063,50.0,0.1,-1.5771435915099434,-1.631508813935963,0.5221417703136734,0.10985200000000042,4355.499999999992,2096.9000000000015,13.0,0.6019218373998011,2.1022434803910186,0.3547735279106412,0.5221417703136734,1.0,CHFJPY_otc,1785570780,1m,UP,1
0.5321428571428574,0.2950405075565339,0.05441692441631432,0.8660254037844387,-0.4999999999999998,50.0,0.1,0.6690493789325361,0.723830379443692,0.3833333326944502,0.23800000000000096,18399.999999999964,16099.999999999993,8.0,0.34999999970833007,2.024974687782224,-0.3333333327777699,0.3833333326944502,0.0,NVIDIA_otc,1785571980,1m,DOWN,1
0.5500000000000033,0.42059416365920793,0.019044888564577478,0.8660254037844387,-0.4999999999999998,50.0,0.1,-0.11734444085212901,-0.09832190040554856,0.6065573760548179,0.4360000000000127,153.99999999999636,321.00000000000364,8.0,0.44897959153129374,0.3808487486388315,0.19672131115291894,0.6065573760548179,1.0,PRATA_otc,1785571980,1m,UP,0
0.10382357142857147,0.045753120190766536,0.09328381920044586,0.8660254037844387,-0.4999999999999998,50.0,0.1,-0.03153464650399534,0.06171975597382023,0.5840162077362192,0.050122000000001776,1220.5000000000155,3415.0999999999954,0.0,0.748049916692312,0.37803929977809886,0.3454929919333124,0.5840162077362192,1.0,GBPNZD_otc,1785573000,1m,UP,1
0.0946471428571434,0.06424747834224859,-0.12215153512272921,0.8660254037844387,-0.4999999999999998,50.0,0.1,-0.3672373181834622,-0.48894026728448686,0.21032374677015858,0.043618000000000025,4563.1000000000195,1679.9999999999925,5.0,0.5745117589075096,0.9510632975813458,0.2621688899460181,0.21032374677015858,1.0,NZDJPY_otc,1785573600,1m,UP,1
0.3999999999999935,0.43219412101965843,-0.0052136353211848195,0.8660254037844387,-0.4999999999999998,50.0,0.1,-0.1141046099395302,-0.11931229626246811,0.5799999988401546,0.22999999999999546,162.00000000000045,325.9999999999991,17.0,0.9707602333504598,0.33322940213514385,0.2399999995200091,0.5799999988401546,1.0,VISA_otc,1785574020,1m,UP,0
0.48642857142856755,0.259899600323523,0.001874083699708073,0.8660254037844387,-0.4999999999999998,50.0,0.1,0.06078502609672091,0.06266024895869492,0.4473684198752439,0.24599999999999228,127.00000000000387,112.99999999999955,6.0,0.24999999972827633,0.21423747758607306,-0.2368421046399758,0.4473684198752439,0.0,MICROSOFT_otc,1785574260,1m,DOWN,1
0.32642857142857096,0.32631812146145966,-0.058400654817101987,0.7071067811865476,-0.7071067811865475,50.0,0.1,-0.007867055501509389,-0.06626311590668367,0.6129032238293326,0.09400000000000545,204.00000000000205,40.99999999999682,0.0,0.5510204070388025,0.11385816525673169,-0.25806451529669616,0.6129032238293326,0.0,AMZN_otc,1785575100,1m,DOWN,0
0.46000000000000035,0.3001721118322369,-0.4786485734459735,0.7071067811865476,-0.7071067811865475,50.0,0.1,-0.920120196803771,-1.394364628053755,0.8378378367056285,0.3260000000000005,23100.000000000022,2999.9999999999714,3.0,0.8598130833085872,2.788636955882497,0.13513513495252166,0.8378378367056285,1.0,SHIBA_otc,1785575280,1m,UP,0
0.1116171428571435,0.07651864232324569,0.05093637094436375,0.7071067811865476,-0.7071067811865475,50.0,0.1,-0.21121339395893382,-0.16038460745240116,0.8986150488404161,0.07668000000000035,4903.000000000048,1881.5999999999633,0.0,0.3996914726477249,0.7209790862158111,0.04447798255966241,0.8986150488404161,1.0,GBPNZD_otc,1785576900,1m,UP,1
0.41928571428571865,0.2622147848167918,-0.05145011815755081,0.7071067811865476,-0.7071067811865475,50.0,0.1,-0.07268192655729885,-0.12409464977775674,0.345454544826435,0.17200000000002547,348.0000000000018,36.99999999999477,6.0,0.5890410950835,0.15289238889089962,0.23636363593387116,0.345454544826435,1.0,SPOTIFY_otc,1785577560,1m,UP,0
0.4907142857142901,0.612603882206925,-0.004146175931509103,0.7071067811865476,-0.7071067811865475,50.0,0.1,0.09350110965630515,0.08935105700429179,0.40540540430964866,0.1759999999999991,79.00000000000205,259.9999999999966,3.0,0.5902777773678793,0.28676119165149155,-0.054054053908065815,0.40540540430964866,0.0,PAYPAL_otc,1785578280,1m,DOWN,1
0.47214285714286625,0.322719386137179,0.009290278349613157,0.49999999999999994,-0.8660254037844387,50.0,0.1,0.04111692199244714,0.05041102021856218,0.2592592582992425,0.21200000000001182,72.99999999999613,228.00000000000296,1.0,0.48351648298513095,0.20731762883263133,-0.3333333320986952,0.2592592582992425,0.0,STARBUCKS_otc,1785578460,1m,DOWN,1
0.42928571428572176,0.6463766295706909,-0.07550763481899947,0.49999999999999994,-0.8660254037844387,50.0,0.1,0.013679342232194995,-0.061838621534582805,0.9285714263604765,0.1840000000000032,369.99999999999886,82.99999999999841,0.0,0.4761904756235699,0.16455745797875043,-0.02380952375281191,0.9285714263604765,0.0,VISA_otc,1785579000,1m,DOWN,1
0.28428571428571153,0.15707491010163918,0.007813340111110933,0.49999999999999994,-0.8660254037844387,50.0,0.1,-0.06345672875548682,-0.055648346734416945,0.49999999843741116,0.13799999999999954,68.99999999999977,75.99999999999909,9.0,0.6933333324088646,0.17460132696967848,0.18749999941407358,0.49999999843741116,1.0,AMZN_otc,1785579840,1m,UP,1
0.10448857142857092,0.08481040426186147,-0.08481043224454464,0.49999999999999994,-0.8660254037844387,50.0,0.1,0.11019526675294705,0.025291377426356218,0.7941492442489568,0.05646199999999766,3049.4999999999804,1838.4999999999961,0.0,0.3952793218136605,0.36338623382748153,-0.1216716403382638,0.7941492442489568,0.0,EURCAD_otc,1785580200,1m,DOWN,1
0.4778571428571427,0.31889231362887405,-0.030192760458186165,0.49999999999999994,-0.8660254037844387,50.0,0.1,0.13188106307254582,0.10164848408089644,0.8787878774564865,0.3159999999999741,238.99999999999864,153.00000000000296,11.0,0.5847457622162918,0.2300553692579056,-0.09090909077127157,0.8787878774564865,0.0,MASTERCARD_otc,1785580560,1m,DOWN,1
0.09660142857142949,0.08844280584569918,-0.08688969290748037,0.49999999999999994,-0.8660254037844387,50.0,0.1,-0.35795211951834316,-0.4445307889284182,0.6806698377315673,0.03502200000000002,3454.3999999999996,637.3999999999924,15.0,0.673572606392511,0.650370605581307,0.21221307772330097,0.6806698377315673,1.0,EURCHF_otc,1785581100,1m,UP,0
0.4349999999999987,0.5144446488119988,-0.3349986330385681,0.49999999999999994,-0.8660254037844387,50.0,0.1,0.24876744331468037,-0.0870645572584369,0.3658536576442589,0.20000000000000143,11799.999999999996,10600.000000000022,1.0,0.5119047612953534,2.0275162924926895,-0.34146341380131295,0.3658536576442589,0.0,GOLD_otc,1785581160,1m,DOWN,1
0.0996021428571431,0.11427851439558673,-0.5626872243392602,0.49999999999999994,-0.8660254037844387,50.0,0.1,0.26631944120498247,-0.2978663286058699,0.5026549906525919,0.036989999999999766,5101.000000000013,1798.5000000000005,2.0,0.5108148447706193,1.5263997837078482,-0.006601607300510126,0.5026549906525919,0.0,CHFJPY_otc,1785581520,1m,DOWN,1
0.10090285714285763,0.06676494571839948,-0.037827799421658315,0.258819045102521,-0.9659258262890682,50.0,0.1,0.41203604253944504,0.37405237895006993,0.7067901199941649,0.04557399999999987,2402.599999999992,4023.600000000016,13.0,0.8836216926651536,1.3511861552616058,-0.12982559215252348,0.7067901199941649,0.0,EURCHF_otc,1785582180,1m,DOWN,1
0.4299999999999997,0.4186720240890488,-0.44184680633276896,0.258819045102521,-0.9659258262890682,50.0,0.1,-0.5351020507029718,-0.9745845257140886,0.2608695646502775,0.13599999999999995,15899.999999999962,16600.000000000036,1.0,0.29268292647234023,2.153361344481268,0.4999999989130512,0.2608695646502775,1.0,SHIBA_otc,1785582360,1m,UP,1
0.10568928571428568,0.06477031513164562,-0.03820793181595962,0.258819045102521,-0.9659258262890682,50.0,0.1,0.10887848866905447,0.07062895663438194,0.29049999792503994,0.05889400000000222,4239.299999999986,2542.3000000000684,10.0,0.25675059910472803,0.655241323557322,-0.5357142818877225,0.29049999792503994,0.0,EURNZD_otc,1785582900,1m,DOWN,1
0.5028571428571427,0.5635079491811676,0.17425887386629435,0.258819045102521,-0.9659258262890682,50.0,0.1,-1.7658763568446485,-1.594694679231663,0.5961538450073979,0.184,30200.00000000001,14699.999999999987,2.0,0.6484374994934086,10.039215685487116,0.36538461468195205,0.5961538450073979,1.0,ETHEREUM_otc,1785583620,1m,UP,0
0.4249999999999992,0.23830099179237305,0.01488028571960228,0.258819045102521,-0.9659258262890682,50.0,0.1,0.0536203429460661,0.06850860752590258,0.2799999988799727,0.12400000000000092,100.0,150.0,2.0,0.6388888880015411,0.1667284179321747,-0.39999999839986355,0.2799999988799727,0.0,MICROSOFT_otc,1785585120,1m,DOWN,0
0.39142857142857274,0.19040154191690795,0.02749483671236436,1.2246467991473532e-16,-1.0,50.0,0.1,-0.06607326817117654,-0.03859659819600637,0.676056337075942,0.29199999999999593,81.99999999999932,165.0000000000034,11.0,0.7187499988769614,0.14797003606736417,0.29577464747079973,0.676056337075942,1.0,AMZN_otc,1785585660,1m,UP,0
0.47785714285713865,0.4089278395689354,-0.040873025138922756,1.2246467991473532e-16,-1.0,50.0,0.1,-0.1153040257487178,-0.15612992264421008,0.4444444434567761,0.2159999999999968,285.0000000000023,37.000000000000455,9.0,0.7289156622114982,0.4294510270594696,0.22222222172832487,0.4444444434567761,1.0,PRATA_otc,1785586140,1m,UP,0
0.46785714285714264,0.16600178736124416,0.14155163125397252,1.2246467991473532e-16,-1.0,50.0,0.1,-0.3169997491247758,-0.17589683618676039,0.22972972941928585,0.20999999999999944,8799.999999999955,19399.999999999975,15.0,0.717241378815697,2.3786089238454884,0.7702702692293628,0.22972972941928585,1.0,NVIDIA_otc,1785586200,1m,UP,1
0.5599999999999901,0.4864883133675648,-0.004676762190632088,1.2246467991473532e-16,-1.0,50.0,0.1,0.08318875809755431,0.07850810536653667,0.27777777700606754,0.2560000000000059,162.99999999999955,243.00000000000068,8.0,0.8203592809458814,0.4058027361300272,-0.027777777700590967,0.27777777700606754,0.0,AVAX_otc,1785587280,1m,DOWN,0
0.5764285714285791,0.6435581037164833,-0.1411136821019024,1.2246467991473532e-16,-1.0,50.0,0.1,0.012056083596938171,-0.12907461128844516,0.5223880593116298,0.3,306.0000000000002,80.00000000000114,1.0,0.5098039210688109,0.31207930485768604,-0.25373134309420564,0.5223880593116298,0.0,NIKE_otc,1785587460,1m,DOWN,1
0.14645000000000014,0.15260644218158406,-0.6861893726712667,1.2246467991473532e-16,-1.0,50.0,0.1,1.3507613232751314,0.6553031699533971,0.9819057473190231,0.1071719999999999,5594.5,4322.700000000008,6.0,0.9968569458691313,2.9948787875477287,-0.009242384735466921,0.9819057473190231,0.0,CHFJPY_otc,1785588060,1m,DOWN,1
0.48142857142857615,0.46920086371928577,-0.010959675554427551,1.2246467991473532e-16,-1.0,50.0,0.1,0.12619388767807757,0.11522038168299098,0.7808219167386321,0.31400000000001,278.99999999999636,217.0000000000016,16.0,0.9379844953968804,0.2703665667632127,-0.10958904094575245,0.7808219167386321,0.0,SPOTIFY_otc,1785588060,1m,DOWN,1
0.4964285714285701,0.4560563152252949,-0.5650923377042957,1.2246467991473532e-16,-1.0,50.0,0.1,-0.7635855701150547,-1.3243629442708145,0.17777777738271114,0.2059999999999988,36499.999999999985,7800.000000000011,3.0,0.6744186038669536,2.3312550826150367,0.06666666651852061,0.17777777738271114,1.0,SHIBA_otc,1785589080,1m,UP,1
0.5035714285714212,0.3552409798807075,0.051683127898451295,-0.2588190451025208,-0.9659258262890683,50.0,0.1,0.09419214594986346,0.1459239552955763,0.9090909081726564,0.3439999999999827,37.000000000000455,407.9999999999984,2.0,0.36190476156010204,0.2536476954288864,-0.02020202018159672,0.9090909081726564,0.0,AVAX_otc,1785589320,1m,DOWN,0
0.4442857142857162,0.28095598172469394,-0.028401858295575684,-0.2588190451025208,-0.9659258262890683,50.0,0.1,0.07115953756881717,0.042737468642217405,0.55357142758291,0.2419999999999959,152.00000000000387,111.00000000000136,9.0,0.6610169485923315,0.23216007240200784,-0.12499999977677304,0.55357142758291,0.0,LINK_otc,1785590340,1m,DOWN,1
0.576428571428575,0.4621307555420785,0.00932357217687292,-0.2588190451025208,-0.9659258262890683,50.0,0.1,0.12856292990320636,0.13789848873764152,0.7179487170282989,0.30199999999999816,82.99999999999841,185.00000000000227,18.0,0.573333332568898,0.17422412191002085,-0.06410256402039814,0.7179487170282989,0.0,MICROSOFT_otc,1785591180,1m,DOWN,1
0.44999999999999674,0.4073264477680028,-0.0010369886953738479,-0.2588190451025208,-0.9659258262890683,50.0,0.1,0.17232264259164642,0.17128386692994932,0.45762711786846944,0.38999999999999774,116.99999999999591,160.00000000000227,9.0,0.6277372258191778,0.4194605186601175,-0.016949152513629176,0.45762711786846944,0.0,NIKE_otc,1785591540,1m,DOWN,1
0.462142857142856,0.250472081756262,-0.3194365327923736,-0.2588190451025208,-0.9659258262890683,50.0,0.1,0.40946522655396195,0.08872071223889395,0.22222222191357588,0.17199999999999704,68299.99999999999,11599.999999999965,11.0,0.6692307687159813,1.6973495234143148,-0.1944444441743838,0.22222222191357588,0.0,INTEL_otc,1785591960,1m,DOWN,1
0.5071428571428628,0.5420818638729605,-0.050314238597766944,-0.2588190451025208,-0.9659258262890683,50.0,0.1,-0.17146539774573266,-0.22169336483416524,0.9374999970703679,0.3779999999999973,256.0000000000002,20.999999999997954,6.0,0.9860139853244785,0.43974291952262046,0.06249999980463199,0.9374999970703679,1.0,NIKE_otc,1785591960,1m,UP,0
0.5128571428571352,0.32238210177058557,-0.04417549621043672,-0.2588190451025208,-0.9659258262890683,50.0,0.1,-0.07855525110518564,-0.12269604514364729,0.46341463301609226,0.25199999999999817,232.9999999999984,92.00000000000159,2.0,0.7809523802086018,0.2665515840773116,0.3658536576442323,0.46341463301609226,1.0,COKE_otc,1785592020,1m,UP,1
0.4721428571428576,0.5469696738960044,0.7024572081113027,-0.2588190451025208,-0.9659258262890683,50.0,0.1,0.28277461633137657,0.9872181951178082,0.15384615355030531,0.2600000000000023,6400.0000000000055,21699.999999999945,1.0,0.048780487745388595,2.051538653939167,0.3653846146819461,0.15384615355030531,1.0,GOLD_otc,1785592260,1m,UP,0
0.4664285714285715,0.3320664570339953,-0.6517843769027506,-0.2588190451025208,-0.9659258262890683,50.0,0.1,0.5227349692105147,-0.13245651255415744,0.2820512813280717,0.23399999999999893,28800.000000000025,14799.999999999967,3.0,0.9797979788082818,2.573433844487309,-0.6410256393819845,0.2820512813280717,0.0,SHIBA_otc,1785592680,1m,DOWN,1
0.4950000000000004,0.42224218351251946,0.9200073194684274,-0.4999999999999997,-0.8660254037844388,50.0,0.1,3.480308748695151,4.432335163391674,0.8082191769750416,0.3560000000000002,3300.0000000000005,18599.999999999993,1.0,0.7627118637604141,8.126721762525706,-0.10958904094576848,0.8082191769750416,0.0,ETHEREUM_otc,1785593160,1m,DOWN,1
0.4714285714285649,0.46541485676081784,0.006518692905766306,-0.4999999999999997,-0.8660254037844388,50.0,0.1,-0.15413224867606432,-0.14762360317825796,0.8533333321956131,0.3339999999999918,217.0000000000016,37.999999999999545,3.0,0.9512195114217715,0.37871790134744476,0.07999999989333637,0.8533333321956131,1.0,NIKE_otc,1785593880,1m,UP,1
0.3749999999999919,0.20367502656647038,0.044718445787349015,-0.4999999999999997,-0.8660254037844388,50.0,0.1,-0.04657735195265433,-0.0018797348331874438,0.9259259242112132,0.23400000000000318,202.99999999999727,175.9999999999991,0.0,0.7297297287436272,0.15578291440327802,0.07407407393693495,0.9259259242112132,1.0,SPOTIFY_otc,1785594300,1m,UP,0
0.45785714285714213,0.29307858155062844,0.13488839886486836,-0.4999999999999997,-0.8660254037844388,50.0,0.1,-0.975162171558681,-0.8415891533333641,0.5714285702623907,0.24599999999999939,31000.00000000001,7800.000000000011,7.0,0.815789472968605,3.0102983891468122,0.26530612190754266,0.5714285702623907,1.0,SHIBA_otc,1785594720,1m,UP,1
0.52785714285715,0.3834143886049603,-0.003651055483556718,-0.4999999999999997,-0.8660254037844388,50.0,0.1,0.10452248464805015,0.10086761299058615,0.5925925914951639,0.3080000000000041,139.99999999999773,275.0,8.0,0.7749999993541796,0.2761096155167225,-0.24074074029490702,0.5925925914951639,0.0,STARBUCKS_otc,1785595080,1m,DOWN,0
0.2657142857142795,0.2226229748337942,-0.006739238399695393,-0.7071067811865471,-0.7071067811865479,50.0,0.1,-0.04276569327961291,-0.0495020495972849,0.33333333111111113,0.12000000000000455,84.00000000000318,97.99999999999613,6.0,0.8392857127869336,0.1287800390936448,0.26666666488858576,0.33333333111111113,1.0,AMZN_otc,1785597360,1m,UP,1
0.4492857142857143,0.4049094322835056,2.672978374814679,-0.7071067811865471,-0.7071067811865479,50.0,0.1,11.023631790591478,13.991269459287864,0.6585365837596655,0.31799999999999995,3799.9999999999986,20099.999999999996,17.0,0.6066666662622223,25.510204077294183,-0.09756097537180254,0.6585365837596655,0.0,SPACEX_otc,1785597420,1m,DOWN,1
0.5642857142857143,0.35902493102762184,3.692030808555051,-0.7071067811865471,-0.7071067811865479,50.0,0.1,7.464451338910981,11.432071990588225,0.8799999988266669,0.442,1100.0000000000032,19299.999999999996,3.0,0.7264957258747898,18.901453954943236,-0.026666666631111727,0.8799999988266669,0.0,SPACEX_otc,1785599280,1m,DOWN,0
0.47499999999999937,0.46326362561334733,0.3812179212512745,-0.8660254037844385,-0.5000000000000004,50.0,0.1,0.15957008594555583,0.5413963169614109,0.1136363633780933,0.05999999999999943,5000.0,22400.00000000009,2.0,0.5211267598293899,0.9432708914448797,-0.7272727256198229,0.1136363633780933,0.0,INTEL_otc,1785600120,1m,DOWN,1
0.43357142857143216,0.2806086398227528,0.01825505338728352,-0.8660254037844385,-0.5000000000000004,50.0,0.1,0.13864400797362134,0.15692437089857872,0.4545454535123732,0.24800000000000183,88.99999999999864,168.00000000000068,16.0,0.5561797749684342,0.4573954157661259,-0.22727272675625118,0.4545454535123732,0.0,PRATA_otc,1785600360,1m,DOWN,1
0.5378571428571409,0.30351421565291076,-0.006157966229986389,-0.8660254037844385,-0.5000000000000004,50.0,0.1,0.08022537619410748,0.07406246971254718,0.6790123448406675,0.23599999999997862,85.00000000000227,162.99999999999955,2.0,0.43925233603808683,0.246737075127423,-0.17283950595951025,0.6790123448406675,0.0,STARBUCKS_otc,1785601020,1m,DOWN,1
0.4935714285714263,0.3028627151011038,-0.013624224394284524,-0.8660254037844385,-0.5000000000000004,50.0,0.1,-0.09972973528236259,-0.1133403722737244,0.7843137239522955,0.2220000000000141,227.99999999999727,45.00000000000455,7.0,0.17924528284976607,0.24905429853563396,0.0980392154940648,0.7843137239522955,1.0,NETFLIX_otc,1785601320,1m,UP,0
0.11000500000000153,0.08722990721568502,-0.06898377431983123,-0.8660254037844385,-0.5000000000000004,50.0,0.1,0.07702477950138999,0.007987870581497185,0.26693253395192984,0.06713000000000165,6797.699999999977,3213.300000000032,9.0,0.7582061921782614,0.7220638407052499,-0.5151877665989314,0.26693253395192984,0.0,GBPCAD_otc,1785601740,1m,DOWN,1
0.5207142857142912,0.5051384316374713,-0.029434821249458214,-0.8660254037844385,-0.5000000000000004,50.0,0.1,-0.16814262285155407,-0.1975279516205318,0.8499999989374964,0.4460000000000036,285.9999999999957,9.000000000003183,7.0,0.8235294107958123,0.18079720934151844,0.03749999995316142,0.8499999989374964,1.0,SPOTIFY_otc,1785602220,1m,UP,1
0.4835714285714232,0.3062606804318979,0.019829100313795676,-0.8660254037844385,-0.5000000000000004,50.0,0.1,0.08275579910480134,0.10260130914901697,0.4999999989130435,0.23199999999999363,69.99999999999886,197.00000000000273,7.0,0.5612244892232415,0.2258116546459043,-0.17391304310014066,0.4999999989130435,0.0,STARBUCKS_otc,1785602220,1m,DOWN,0
0.5685714285714271,0.4659581880479523,0.011512805988502977,-0.8660254037844385,-0.5000000000000004,50.0,0.1,-0.17595178885320184,-0.16445923985278282,0.9393939384450549,0.3519999999999982,159.9999999999966,112.00000000000045,1.0,0.6223776219423808,0.326067128784373,0.050505050454046324,0.9393939384450549,1.0,MICROSOFT_otc,1785602760,1m,UP,0
0.09090928571428439,0.07129441288219224,0.1344388423780291,-0.8660254037844385,-0.5000000000000004,50.0,0.1,0.2908623898681203,0.42569226427600115,0.5040095787127146,0.07437799999999868,4164.00000000003,5109.899999999996,4.0,0.417937396883798,0.40453024087015466,-0.08758591914401645,0.5040095787127146,0.0,GBPNZD_otc,1785602940,1m,DOWN,0
0.5292857142856998,0.5302275066493537,-0.06605918556795572,-0.9659258262890683,-0.25881904510252063,50.0,0.1,0.15051122799039426,0.08435261593103976,0.8874999988906499,0.3239999999999895,160.00000000000227,151.99999999999818,6.0,0.5677419351175788,0.36450861886423025,-0.03749999995316408,0.8874999988906499,0.0,NETFLIX_otc,1785603960,1m,DOWN,1
0.5192857142857089,0.3453084303511498,0.02709172351798285,-0.9659258262890683,-0.25881904510252063,50.0,0.1,-0.033550700116208386,-0.006468066061139369,0.405063290626555,0.26200000000000045,77.00000000000387,125.0,2.0,0.8425925918123971,0.24915219046242934,0.4683544297868148,0.405063290626555,1.0,STARBUCKS_otc,1785604020,1m,UP,0
0.5428571428571404,0.31842072518201514,0.006385182323693096,-0.9659258262890683,-0.25881904510252063,50.0,0.1,-0.13380129064609586,-0.12742465177876194,0.734177214260496,0.31200000000000044,135.00000000000227,67.00000000000159,8.0,0.2824427478760009,0.30247056107064824,0.20253164531320555,0.734177214260496,1.0,STARBUCKS_otc,1785604080,1m,UP,1
0.48571428571428654,0.22232042992010148,0.005019511518070566,-0.9659258262890683,-0.25881904510252063,50.0,0.1,0.04608274500552097,0.05110456965228493,0.2586206892092426,0.13199999999999362,234.00000000000318,178.99999999999636,7.0,0.7790697665359716,0.16960517492965677,-0.49999999913798004,0.2586206892092426,0.0,LINK_otc,1785604620,1m,DOWN,0
0.4878571428571539,0.4486120230618985,0.002248039692601715,-0.9659258262890683,-0.25881904510252063,50.0,0.1,-0.06619113664406838,-0.0639445849544914,0.7536231873135657,0.41400000000001,126.99999999999818,80.00000000000114,2.0,0.4320987648986704,0.1869460856716518,0.057971014408767514,0.7536231873135657,1.0,STARBUCKS_otc,1785604920,1m,UP,0
0.09661357142857188,0.06794680196725825,0.16329294431450933,-0.9659258262890683,-0.25881904510252063,50.0,0.1,-0.22211327512940263,-0.05918302612156552,0.8602127726660066,0.09379599999999896,2237.9000000000106,3729.2000000000057,4.0,0.5973338933747038,0.39402060255878296,0.10432435238278295,0.8602127726660066,1.0,GBPCAD_otc,1785605340,1m,UP,0
0.5721428571428565,0.3990951303371225,-0.010809858390348412,-0.9659258262890683,-0.25881904510252063,50.0,0.1,-0.07706745802477917,-0.08786898553205007,0.7636363622479471,0.2660000000000082,209.00000000000318,54.99999999999545,3.0,0.5041322309883165,0.27983995929536715,0.1272727270413073,0.7636363622479471,1.0,STARBUCKS_otc,1785606480,1m,UP,1
0.5457142857142863,0.5146235154184265,-0.10065111684154243,-1.0,-1.8369701987210297e-16,50.0,0.1,0.6787879182926556,0.5774535938303661,0.6805555546103335,0.3399999999999963,29000.000000000055,12800.000000000011,0.0,0.6274509797770075,2.626158599314474,-0.2083333330439897,0.6805555546103335,0.0,GOLD_otc,1785607500,1m,DOWN,1
0.10766714285714254,0.09943013076580992,-0.315341052694173,-1.0,-1.8369701987210297e-16,50.0,0.1,-0.6870422361049425,-1.0002167625793286,0.712991395016968,0.07961000000000026,8615.400000000014,373.7999999999886,5.0,0.9999999959884468,1.3990338987687654,0.02994471721478257,0.712991395016968,1.0,NZDJPY_otc,1785607800,1m,UP,1
0.0971392857142853,0.09989554309617488,-0.05872038270670531,-1.0,-1.8369701987210297e-16,50.0,0.1,-0.5104657449204427,-0.5688863801881441,0.6932435171266383,0.06066999999999893,8080.099999999994,909.1000000000093,3.0,0.5546547291764364,1.9920761096114694,0.29754622106300527,0.6932435171266383,1.0,NZDJPY_otc,1785608580,1m,UP,0
0.46499999999999936,0.33840040659396375,-0.02221589472161722,-1.0,-1.8369701987210297e-16,50.0,0.1,0.09753295082316375,0.07529538828387276,0.34090909013437676,0.1840000000000032,156.99999999999932,240.0000000000034,7.0,0.9487179475016886,0.18328359611771036,-0.20454545408052272,0.34090909013437676,0.0,NETFLIX_otc,1785609720,1m,DOWN,1
0.3964285714285601,0.26165155916232075,0.024752179388317534,-1.0,-1.8369701987210297e-16,50.0,0.1,0.04150853607742705,0.06627098973305594,0.11111111086409928,0.13599999999997864,55.00000000000114,457.9999999999984,4.0,0.8352941166643804,0.18057443915665722,-0.28888888824703707,0.11111111086409928,0.0,SPOTIFY_otc,1785609840,1m,DOWN,1
0.10889857142857297,0.08574629393584418,-0.0031450032903827937,-0.9659258262890684,0.2588190451025203,50.0,0.1,-0.2324393733633159,-0.23557706642775827,0.294426126844046,0.042502000000001774,3408.7000000000244,2016.1999999999834,7.0,0.9316676767277614,0.8553124096816118,0.6768055037936972,0.294426126844046,1.0,GBPNZD_otc,1785611520,1m,UP,1
0.5535714285714367,0.4480114795010172,0.05205521091120732,-0.9659258262890684,0.2588190451025203,50.0,0.1,0.10179625380280487,0.15390445496862892,0.8124999983072324,0.3299999999999841,118.00000000000068,254.00000000000205,4.0,0.395604395387047,0.4179104477602329,-0.14583333302949414,0.8124999983072324,0.0,MICROSOFT_otc,1785612240,1m,DOWN,0
0.4564285714285745,0.18198689723760758,0.01844620717697392,-0.9659258262890684,0.2588190451025203,50.0,0.1,0.02827809298943504,0.046729516402027486,0.3114754093254395,0.22399999999998954,145.99999999999795,143.00000000000068,3.0,0.6790123448407377,0.16049138101810925,-0.5409836056704805,0.3114754093254395,0.0,VISA_otc,1785613080,1m,DOWN,0
0.5014285714285579,0.29724836981816743,-0.013995683130168544,-0.9659258262890684,0.2588190451025203,50.0,0.1,0.06940838144896463,0.05540298414166272,0.6562499989746483,0.3400000000000091,211.00000000000136,205.00000000000114,0.0,0.49484536031459725,0.23338626630039302,-0.09374999985352118,0.6562499989746483,0.0,AVAX_otc,1785613200,1m,DOWN,1
0.4764285714285807,0.36782476112919765,0.002872508269786136,-0.9659258262890684,0.2588190451025203,50.0,0.1,0.15188596479018648,0.15476283599687185,0.6637931028760429,0.19599999999999226,38.999999999998636,261.00000000000136,4.0,0.727272726671684,0.3093047034756867,-0.06896551718191445,0.6637931028760429,0.0,PRATA_otc,1785614040,1m,DOWN,1
0.5271428571428568,0.6087548091063371,-0.043129009816390576,-0.9659258262890684,0.2588190451025203,50.0,0.1,-0.12683118685866632,-0.16990549564002635,0.4597701144140288,0.3880000000000109,222.00000000000273,112.99999999999955,1.0,0.7042253516167348,0.3326072189812592,0.2298850572070144,0.4597701144140288,1.0,NETFLIX_otc,1785614160,1m,UP,1
0.43642857142857644,0.34181561117712184,-0.09029685041607653,-0.8660254037844386,0.5000000000000001,50.0,0.1,0.049581140048932215,-0.04076048057500888,0.3653846146819211,0.19999999999998863,293.0000000000007,90.99999999999682,2.0,0.7128712864228768,0.2592202859116081,-0.19230769193789926,0.3653846146819211,0.0,SUI_otc,1785614820,1m,DOWN,1
0.4707142857142857,0.29642651925480396,0.9492321884680582,-0.8660254037844386,0.5000000000000001,50.0,0.1,-2.6784619990803797,-1.7546546340634777,0.5148514846387605,0.19599999999999973,17200.000000000007,11999.999999999993,6.0,0.7029702963336919,7.0090215123519055,0.18811881169493141,0.5148514846387605,1.0,ETHEREUM_otc,1785615060,1m,UP,0
0.42214285714285893,0.36381374301810887,0.012235820343436597,-0.8660254037844386,0.5000000000000001,50.0,0.1,0.08070139567628798,0.09294709049751418,0.5510204070386865,0.2939999999999941,49.00000000000091,232.9999999999984,5.0,0.7777777770576014,0.24741701220991727,-0.02040816322363787,0.5510204070386865,0.0,MICROSOFT_otc,1785617700,1m,DOWN,1
0.45571428571428135,0.5331829572435473,0.050569678075088206,-0.8660254037844386,0.5000000000000001,50.0,0.1,-0.07351798688525055,-0.02298548661945749,0.6666666656084957,0.24999999999997727,107.000000000005,314.9999999999977,3.0,0.6016260157710343,0.3150372666026862,0.25396825356508107,0.6666666656084957,1.0,SUI_otc,1785617880,1m,UP,1
0.07598428571428581,0.04093961071731034,-0.2520972953367441,-0.7071067811865477,0.7071067811865474,50.0,0.1,0.032320352562221905,-0.21985842150917487,0.5354169854653851,0.024393999999999492,9070.500000000053,1255.6999999999618,1.0,0.46827375680053696,0.39805209253365126,-0.2951154343472084,0.5354169854653851,0.0,CADJPY_otc,1785620160,1m,DOWN,1
0.10743357142857134,0.06513283902955723,0.12559360102953132,-0.5000000000000004,0.8660254037844384,50.0,0.1,-0.5735722255215348,-0.4486989945045412,0.9349479937534125,0.0897120000000001,2194.5999999999976,4453.899999999997,4.0,0.6394579911140454,1.447682178330301,0.003350317558799962,0.9349479937534125,1.0,CHFJPY_otc,1785621840,1m,UP,1
0.5450000000000118,0.3218900227677883,-0.015524223005644348,-0.5000000000000004,0.8660254037844384,50.0,0.1,0.07138122350453187,0.05584591911856651,0.4133333327822253,0.37400000000001227,299.0000000000009,112.99999999999955,4.0,0.5471698108045405,0.21032163336532456,-0.11999999984004245,0.4133333327822253,0.0,LINK_otc,1785622440,1m,DOWN,0
0.5328571428571374,0.5785891326756132,-0.12453757923579555,-0.5000000000000004,0.8660254037844384,50.0,0.1,0.10656871190398247,-0.018101585425841057,0.6857142837550835,0.24799999999999045,308.9999999999975,124.00000000000091,5.0,0.677165353797528,0.3990573448534144,-0.08571428546930422,0.6857142837550835,0.0,NIKE_otc,1785623400,1m,DOWN,0
0.0935878571428568,0.06604283419990585,0.12255405520089119,-0.25881904510252157,0.9659258262890681,50.0,0.1,0.6473243417690673,0.770671719201099,0.8618777616821548,0.05947599999999973,3831.89999999999,2686.900000000012,9.0,0.5943212567945105,1.9003383810213499,-0.1189009349568511,0.8618777616821548,0.0,CHFJPY_otc,1785625740,1m,DOWN,1
0.4050000000000052,0.270945637606501,0.01275590005960956,-0.25881904510252157,0.9659258262890681,50.0,0.1,-0.07301771587667133,-0.06027112988392481,0.8157894726108191,0.21400000000001002,103.00000000000296,106.99999999999932,3.0,0.7380952372165807,0.16625432953949776,0.03947368415855183,0.8157894726108191,1.0,MASTERCARD_otc,1785626580,1m,UP,1
0.4578571428571429,0.6004947593813753,5.53667364782625,-0.25881904510252157,0.9659258262890681,50.0,0.1,-2.251496169047428,3.1605194837053556,0.5681818168904965,0.21600000000000036,18900.000000000004,16999.999999999993,1.0,0.549019607304883,17.83216782905033,0.11363636337809889,0.5681818168904965,1.0,SPACEX_otc,1785628260,1m,UP,1
0.45214285714286007,0.3764758503410984,-0.02777287487954947,0.0,1.0,50.0,0.1,-0.09026464800841748,-0.11801245380021512,0.15999999967996817,0.2720000000000141,294.99999999999886,55.00000000000114,16.0,0.7528089879181735,0.18849941755758937,0.03999999992007731,0.15999999967996817,1.0,SPOTIFY_otc,1785628860,1m,UP,0
0.5507142857142865,0.7908435474261998,0.5349155904088463,0.0,1.0,50.0,0.1,2.5734717237125024,3.12215321558625,0.7464788721880586,0.31199999999999906,34200.000000000015,28400.000000000033,19.0,0.9999999996226415,7.641291810621643,-0.01408450702241337,0.7464788721880586,0.0,SHIBA_otc,1785629340,1m,DOWN,1
0.11029571428571369,0.05707630591347797,0.017896337400226336,0.0,1.0,50.0,0.1,-0.18213003433418817,-0.1642662915394134,0.5197188270831048,0.036968000000000244,4675.100000000043,7666.600000000017,6.0,0.619721026016099,0.5551582504984545,0.04853866038817523,0.5197188270831048,1.0,CADJPY_otc,1785629460,1m,UP,1
0.10221500000000004,0.11617139442957104,0.26817800795871205,0.0,1.0,50.0,0.1,-0.28609368989759565,-0.018682922297346555,0.46695988864300364,0.05883199999999818,3704.3999999999496,8070.300000000046,4.0,0.7510881889877832,1.2328137503635859,0.2737459405501012,0.46695988864300364,1.0,EURCHF_otc,1785629940,1m,UP,0
0.5878571428571401,0.41367822070914023,-0.1356090963892424,0.0,1.0,50.0,0.1,0.12875949298134626,-0.007024212992843499,0.4727272718677423,0.33600000000001273,331.9999999999993,143.00000000000068,7.0,0.8031496056668085,0.32480818414238716,-0.30909090852894816,0.4727272718677423,0.0,SUI_otc,1785630120,1m,DOWN,1
0.5042857142857143,0.2588648083673596,3.34127518165845,0.0,1.0,50.0,0.1,-3.1784234847690205,0.05665182182483872,0.6031746022171854,0.2400000000000002,8500.000000000015,32099.99999999999,6.0,0.8333333323412713,10.243902437775134,0.26984126941295067,0.6031746022171854,1.0,FORD_otc,1785630360,1m,UP,1
0.09705999999999852,0.08042323241714486,-0.01823959019151136,0.0,1.0,50.0,0.1,-0.21220616442161697,-0.2304070490783767,0.5307873317835681,0.0766619999999989,2831.6000000000226,3599.400000000017,1.0,0.9932516368125783,0.4902131482493413,0.1472932947589734,0.5307873317835681,1.0,GBPCAD_otc,1785630660,1m,UP,0
0.4857142857142857,0.3586827242896215,-0.14391569934395765,0.0,1.0,50.0,0.1,-4.314002189317576,-4.451709362241064,0.5333333321481495,0.19800000000000004,14500.000000000002,17699.999999999996,9.0,0.6196319014603484,28.79858656735007,0.3999999991111111,0.5333333321481495,1.0,SPACEX_otc,1785630840,1m,UP,1
0.5357142857142979,0.5443238572609537,0.002490952116801397,0.0,1.0,50.0,0.1,0.07103700450303022,0.073529726117599,0.555555554783898,0.15200000000000954,131.00000000000023,210.99999999999568,4.0,0.7798165130460379,0.2483028839577085,-0.20833333304402096,0.555555554783898,0.0,MICROSOFT_otc,1785631140,1m,DOWN,1
0.09048214285714298,0.06178841413390931,-0.013041947866744032,0.0,1.0,50.0,0.1,0.15814556670546695,0.14508299357635965,0.6421419172601281,0.0717739999999992,1845.9000000000003,4146.600000000049,0.0,0.34182728239386034,0.5775162723535704,-0.1010013049520593,0.6421419172601281,0.0,GBPCAD_otc,1785631500,1m,DOWN,0
0.09906928571428557,0.11607673083322338,0.14332254638770586,0.0,1.0,50.0,0.1,-0.22844733437141004,-0.08545220452048015,0.5471740067469104,0.05424799999999976,4046.5999999999976,3972.3999999999646,3.0,0.777711639678995,0.594011797540617,0.10541833497206374,0.5471740067469104,1.0,EURJPY_otc,1785631980,1m,UP,1
0.5307142857142902,0.3893422177332197,0.006658014961153718,0.49999999999999994,0.8660254037844387,50.0,0.1,0.12763406761279553,0.13430058046926643,0.666666665656537,0.2020000000000209,93.99999999999977,187.00000000000045,7.0,0.826446280308736,0.2807815473145152,-0.060606060514261956,0.666666665656537,0.0,PETROLEO_otc,1785636120,1m,DOWN,1
0.10213357142857252,0.07424560465353114,0.02276395969622093,0.49999999999999994,0.8660254037844387,50.0,0.1,-0.15903059634281397,-0.13630283830744916,0.7461402570326262,0.0786680000000004,2869.2000000000203,2956.5999999999804,8.0,0.2564750683640007,0.5096077290886243,0.04146448960157181,0.7461402570326262,1.0,EURCAD_otc,1785636480,1m,UP,0
0.5592857142857144,0.5868621157118303,-12.106320589412398,0.49999999999999994,0.8660254037844387,50.0,0.1,9.237270413170906,-3.9873437461709025,0.272727272107438,0.346,51800.0,12900.0,5.0,0.8175182475784538,28.13141683200587,-0.18181818140495867,0.272727272107438,0.0,SPACEX_otc,1785636900,1m,DOWN,1
0.509285714285714,0.4413696213990441,0.04726148589873394,0.49999999999999994,0.8660254037844387,50.0,0.1,-0.06948931086201802,-0.022260666644138262,0.062499999869858276,0.23399999999999183,129.00000000000205,177.99999999999727,4.0,0.8992805748925758,0.3435576756708292,0.2083333328993697,0.062499999869858276,1.0,COKE_otc,1785637740,1m,UP,1
0.5450000000000002,0.2802393011950252,0.7609517612796204,0.49999999999999994,0.8660254037844387,50.0,0.1,-4.4999400907145715,-3.773230702811771,0.568807338927699,0.27399999999999985,10700.000000000002,39900.0,13.0,0.9999999989361702,8.90995260579052,0.09174311918188673,0.568807338927699,1.0,FORD_otc,1785637980,1m,UP,1
0.078480714285713,0.06829875511274777,-0.11538268343394714,0.7071067811865476,0.7071067811865476,50.0,0.1,-0.11695338519592419,-0.23220112467566542,0.2976516943979515,0.023773999999998807,5617.600000000067,800.699999999992,8.0,0.9398457748845458,0.7302856210119741,0.4269797700807262,0.2976516943979515,1.0,GBPCAD_otc,1785640380,1m,UP,0
0.4142857142857151,0.25958123497495245,0.018665467184648833,0.7071067811865476,0.7071067811865476,50.0,0.1,0.03036271266049232,0.049033847187309174,0.09374999970712561,0.22800000000002002,57.99999999999841,219.99999999999886,0.0,0.27722772249782607,0.2565600629962723,-0.7812499975586104,0.09374999970712561,0.0,SUI_otc,1785640800,1m,DOWN,1
0.3907142857142859,0.17374510823939188,1.314673056762628,0.7071067811865476,0.7071067811865476,50.0,0.1,0.4602979116767197,1.7810223810650023,0.181818181487603,0.17799999999999977,4399.9999999999945,21400.000000000004,0.0,0.5945945937910876,6.577777777193088,0.6181818170578522,0.181818181487603,1.0,ETHEREUM_otc,1785641100,1m,UP,0
0.43285714285715116,0.35713835161245755,-0.004829425054572207,0.7071067811865476,0.7071067811865476,50.0,0.1,-0.06268427172006875,-0.06751066948471723,0.19999999920004546,0.24800000000000183,215.0000000000034,56.00000000000023,3.0,0.6321839073193386,0.2076669690165484,0.5599999977599454,0.19999999920004546,1.0,AVAX_otc,1785641280,1m,UP,1
0.5585714285714322,0.3575312173644037,0.016816882173302634,0.7071067811865476,0.7071067811865476,50.0,0.1,-0.12207748693273868,-0.10528113438657365,0.7285714275306111,0.26800000000000634,136.00000000000136,155.00000000000114,8.0,0.8273381289011944,0.3533299440763879,0.12857142838780267,0.7285714275306111,1.0,PRATA_otc,1785641880,1m,UP,1
0.09469214285714297,0.12618165692575112,-0.07630795373801114,0.7071067811865476,0.7071067811865476,50.0,0.1,0.10016071409062362,0.023776329761240556,0.795493699168338,0.07384999999999878,1967.9,4037.999999999968,0.0,0.6030521087182296,0.4075311818879987,-0.12630881294694743,0.795493699168338,0.0,EURCAD_otc,1785642300,1m,DOWN,1
0.12225928571428568,0.11643822962014902,-0.003348493820637391,0.7071067811865476,0.7071067811865476,50.0,0.1,-0.49008479590582954,-0.4934168792673601,0.7093990325220473,0.10807999999999965,4204.000000000007,1193.3000000000504,15.0,0.6195123282662985,1.0378339419488392,0.22662747653913273,0.7093990325220473,1.0,GBPCAD_otc,1785642300,1m,UP,1
0.10335928571428557,0.11516671604859276,0.06498392719243734,0.7071067811865476,0.7071067811865476,50.0,0.1,1.123964586673742,1.189678910194852,0.6676567620040931,0.0928999999999995,604.199999999988,5238.500000000013,5.0,0.5835082834524137,1.925336140286684,-0.19158415736202142,0.6676567620040931,0.0,CHFJPY_otc,1785642900,1m,DOWN,0
0.12074642857142999,0.08429709399145977,-0.0791471536980369,0.8660254037844386,0.5000000000000001,50.0,0.1,-0.05889829867448922,-0.13799883604554872,0.10272240328238338,0.07124200000000229,5050.700000000034,1193.9999999999884,0.0,0.4602424277613033,0.43393106573498413,0.6287563178461345,0.10272240328238338,1.0,EURNZD_otc,1785644400,1m,UP,1
0.09109142857142924,0.07651984371681593,-0.19384018279346185,0.8660254037844386,0.5000000000000001,50.0,0.1,0.14280513018899463,-0.05131186632986401,0.7238797550130824,0.05105999999999824,7866.700000000008,2073.8999999999664,2.0,0.8591347490252398,0.5791245269668255,-0.022684098528480346,0.7238797550130824,0.0,CADJPY_otc,1785644520,1m,DOWN,0
0.49500000000000455,0.714181695631654,-0.05374951738441676,0.8660254037844386,0.5000000000000001,50.0,0.1,-0.14724622713466579,-0.20091660038263093,0.37499999843761844,0.3880000000000109,235.00000000000227,153.99999999999636,19.0,0.40522875790505225,0.4763090716627886,0.2499999989580965,0.37499999843761844,1.0,NIKE_otc,1785644640,1m,UP,1
0.09512714285714312,0.07542258809371541,0.1337048995774052,0.8660254037844386,0.5000000000000001,50.0,0.1,0.619069787994463,0.7536024142102203,0.0928315055501851,0.07296400000000033,800.5999999999957,4583.500000000011,10.0,0.9995062703167782,2.0726294378980694,-0.43913085227342885,0.0928315055501851,0.0,CHFJPY_otc,1785645000,1m,DOWN,1
0.4542857142857234,0.31558771243994777,0.020571104705843894,0.8660254037844386,0.5000000000000001,50.0,0.1,0.08193666446464413,0.10252462444752754,0.6938775496042676,0.2700000000000159,43.00000000000068,402.99999999999727,3.0,0.6372549013360338,0.25070664864139897,-0.04081632644739174,0.6938775496042676,0.0,COKE_otc,1785645480,1m,DOWN,0
0.09143571428571409,0.0628159630244465,0.11942860933276359,0.8660254037844386,0.5000000000000001,50.0,0.1,0.6951169331612412,0.8153757109805159,0.7676894056404123,0.05609199999999959,783.80000000001,4600.2999999999965,2.0,0.9344493603851804,1.7572199170041072,-0.17188478127919582,0.7676894056404123,0.0,CHFJPY_otc,1785646020,1m,DOWN,1
0.510714285714276,0.48928070097323134,0.004289908952260389,0.8660254037844386,0.5000000000000001,50.0,0.1,0.0868281289066037,0.09112176270653913,0.9677419344433178,0.3939999999999941,76.99999999999818,228.00000000000296,1.0,0.8852459009137412,0.2597789749371575,-0.021505376320942245,0.9677419344433178,0.0,SPOTIFY_otc,1785646560,1m,DOWN,1
0.07675928571428565,0.052097870526863564,0.05382274984281174,0.9659258262890683,0.25881904510252074,50.0,0.1,0.10134805077743579,0.15522534892808804,0.27805929619342223,0.03488399999999956,1324.9000000000065,2743.2999999999906,0.0,0.5213595807246131,1.3820046767252119,-0.6298652223195198,0.27805929619342223,0.0,CHFJPY_otc,1785646800,1m,DOWN,1
0.12387714285714171,0.09104096321897903,-0.2771021019154036,0.9659258262890683,0.25881904510252074,50.0,0.1,0.12918710730850622,-0.14827297479665297,0.32360773042015245,0.07905400000000071,6820.2000000000135,3139.19999999996,0.0,0.08967339374267169,0.8104584066468483,-0.0025471807045454467,0.32360773042015245,0.0,GBPNZD_otc,1785646800,1m,DOWN,1
0.10226928571428674,0.07983116565013888,0.1444745875769601,0.9659258262890683,0.25881904510252074,50.0,0.1,0.3129298500284646,0.4578565417156585,0.5976230827355613,0.06340000000000004,330.10000000004425,6629.899999999935,11.0,0.5712690972885249,0.7828052642661922,-0.05493572574662863,0.5976230827355613,0.0,CADJPY_otc,1785647160,1m,DOWN,0
0.4271428571428544,0.28149619875845283,-0.004389210416249089,0.9659258262890683,0.25881904510252074,50.0,0.1,-0.06800307525572151,-0.0723893008739081,0.4920634912824461,0.16399999999998727,143.99999999999977,209.9999999999966,14.0,0.7999999990588101,0.201536418815916,0.30158730110859017,0.4920634912824461,1.0,AVAX_otc,1785647340,1m,UP,0
0.41000000000000014,0.2701973230939145,0.8905484512964783,0.9659258262890683,0.25881904510252074,50.0,0.1,-4.295925395290399,-3.443634241070531,0.4864864858290732,0.2639999999999999,15699.999999999993,9600.0,4.0,0.5161290317030872,14.285714283519868,0.054054053981008134,0.4864864858290732,1.0,SPACEX_otc,1785649740,1m,UP,0
0.4314285714285729,0.3514303583211273,0.04287958424014879,0.9659258262890683,0.25881904510252074,50.0,0.1,-0.12184913116088938,-0.07902179532158261,0.9493670874058399,0.35400000000000775,149.0000000000009,122.99999999999613,6.0,0.573333332568898,0.17378811752670825,0.037974683496199056,0.9493670874058399,1.0,NETFLIX_otc,1785649860,1m,UP,1
0.44642857142857145,0.51317798895771,-0.5429202796185459,0.9659258262890683,0.25881904510252074,50.0,0.1,-3.954126251209928,-4.475578777528934,0.8809523788548735,0.3120000000000001,20600.000000000004,35400.00000000001,14.0,0.9999999994318182,13.424866513087347,0.09523809501134008,0.8809523788548735,1.0,ETHEREUM_otc,1785650340,1m,UP,1
0.4142857142857151,0.273395418746697,0.014758848812501484,1.0,6.123233995736766e-17,50.0,0.1,-0.021794744757959804,-0.007039112598886218,0.3124999990235152,0.14800000000000182,106.00000000000023,165.99999999999682,1.0,0.33333333274853805,0.13196888312619778,0.3124999990233376,0.3124999990235152,1.0,NETFLIX_otc,1785650460,1m,UP,0
0.45499999999999624,0.2871841312363392,0.03641287947052197,1.0,6.123233995736766e-17,50.0,0.1,0.0669071196629979,0.10334436194235994,0.23076923017760448,0.17999999999999544,84.99999999999659,194.00000000000546,3.0,0.15463917509834094,0.24651824743254094,-0.025641025575256996,0.23076923017760448,0.0,PRATA_otc,1785650880,1m,DOWN,0
0.11162428571428507,0.0767300508107205,0.0928145699606919,1.0,6.123233995736766e-17,50.0,0.1,-0.07733315562132535,0.015409637903539575,0.6896205701420808,0.047903999999999766,1859.6999999999753,2480.4000000000315,0.0,0.6450100429580045,0.4492948972637779,0.2765414057229309,0.6896205701420808,1.0,CADJPY_otc,1785651900,1m,UP,1
0.49714285714285567,0.5672146133524122,-0.13749340347256586,1.0,6.123233995736766e-17,50.0,0.1,0.6817801602528902,0.543349354033792,0.6973684201350384,0.27800000000000014,12599.99999999998,26700.000000000015,0.0,0.5803571423389668,2.806314206895351,-0.1578947366343446,0.6973684201350384,0.0,SHIBA_otc,1785652500,1m,DOWN,1
0.4399999999999998,0.2897668634353249,-0.14104344317201725,1.0,6.123233995736766e-17,50.0,0.1,1.162736210875124,1.0200528045162807,0.8749999987847272,0.21400000000000005,9200.000000000016,13400.000000000033,6.0,0.5932203384803182,3.207393313313199,-0.013888888869596024,0.8749999987847272,0.0,GOLD_otc,1785653160,1m,DOWN,0
0.5057142857142927,0.26638400743886603,-0.009222015790133407,1.0,6.123233995736766e-17,50.0,0.1,-0.061518745201427555,-0.07073508772316459,0.40384615306961075,0.14400000000001684,132.000000000005,210.99999999999568,0.0,0.2924528299127818,0.24777933613780376,0.19230769193781097,0.40384615306961075,1.0,PETROLEO_otc,1785653700,1m,UP,0
0.5007142857142846,0.223691555732979,-0.1661560284538246,1.0,6.123233995736766e-17,50.0,0.1,-0.0950980800953622,-0.2610960973561645,0.17741935455254926,0.20999999999999944,16599.999999999964,11199.999999999975,1.0,0.4315789469141258,2.3893360160364754,-0.5967741925858464,0.17741935455254926,0.0,SHIBA_otc,1785653760,1m,DOWN,0
0.10635642857142903,0.0830432246459617,-0.2827415834096851,0.9659258262890683,-0.25881904510252063,50.0,0.1,-0.8906144194395486,-1.1708378655376352,0.8078281495867679,0.09121600000000037,5878.300000000003,453.99999999998994,2.0,0.24449363095724114,2.4518443322661674,0.12109853585310537,0.8078281495867679,1.0,CHFJPY_otc,1785654120,1m,UP,1
0.5064285714285818,0.8262948546147203,-0.11151826028810283,0.9659258262890683,-0.25881904510252063,50.0,0.1,0.010331297251360316,-0.10119848431970242,0.5211267598293403,0.3059999999999832,339.0000000000043,77.99999999999727,2.0,0.9900990089207029,0.21530131525608875,-0.38028168960530245,0.5211267598293403,0.0,SPOTIFY_otc,1785654120,1m,DOWN,1
0.11109071428571379,0.061325886353953266,-0.03017491449128542,0.9659258262890683,-0.25881904510252063,50.0,0.1,0.15706102662467783,0.12683871910290928,0.6880976169010402,0.06829800000000148,2399.599999999964,2931.700000000035,2.0,0.5765216404278197,0.49824639383092517,-0.19087514624466423,0.6880976169010402,0.0,CADJPY_otc,1785655020,1m,DOWN,1
0.46285714285714413,0.31490448585625747,-0.016689773468778125,0.9659258262890683,-0.25881904510252063,50.0,0.1,-0.06630524436468356,-0.0829839516383793,0.7234042537800166,0.3100000000000023,149.0000000000009,25.99999999999909,6.0,0.5470085465410478,0.26745302427589757,0.27659574409232374,0.7234042537800166,1.0,MICROSOFT_otc,1785655260,1m,UP,0
0.0752257142857143,0.07074742473657741,-0.33815520475318067,0.9659258262890683,-0.25881904510252063,50.0,0.1,0.20073764880142328,-0.13809636075907852,0.28156565064049294,0.05855400000000053,3722.3999999999965,2332.4999999999995,3.0,0.3289756417534422,0.9907946939084209,-0.6912878642405909,0.28156565064049294,0.0,CHFJPY_otc,1785655680,1m,DOWN,1
0.48714285714285666,0.4589093616357547,-0.05537064882034513,0.9659258262890683,-0.25881904510252063,50.0,0.1,0.10108971775806491,0.045663094905106484,0.24999999951922053,0.12999999999999828,9900.00000000002,16400.000000000004,0.0,0.23232323208855876,2.0366179797976462,-0.19230769193787142,0.24999999951922053,0.0,NVIDIA_otc,1785655800,1m,DOWN,1
0.4792857142857209,0.30305133216564134,-0.048616408633348665,0.9659258262890683,-0.25881904510252063,50.0,0.1,0.09051056755341172,0.041850155932684915,0.051282051150659744,0.217999999999995,276.9999999999982,109.00000000000318,8.0,0.9915254228885455,0.2742910274284667,-0.4102564092044034,0.051282051150659744,0.0,NETFLIX_otc,1785655980,1m,DOWN,1
0.43285714285713894,0.27164638446081957,-0.03032115142765009,0.9659258262890683,-0.25881904510252063,50.0,0.1,-0.055151828103327576,-0.08545625686166333,0.15999999967996817,0.24600000000000363,315.9999999999968,38.00000000000523,2.0,0.42857142821127764,0.25440396784621466,0.4199999991600728,0.15999999967996817,1.0,SPOTIFY_otc,1785656220,1m,UP,0
0.4799999999999938,0.29639315283649614,0.023019196969952357,0.8660254037844387,-0.4999999999999998,50.0,0.1,-0.08229751898266728,-0.05929726624071093,0.6666666656566805,0.23799999999999955,137.00000000000045,129.99999999999545,7.0,0.929411763612456,0.18132559677415566,0.015151515128545262,0.6666666656566805,1.0,SPOTIFY_otc,1785658020,1m,UP,1
0.4600000000000039,0.5468114365877744,-0.06283608929206154,0.8660254037844387,-0.4999999999999998,50.0,0.1,0.0347855735319921,-0.028072373654114753,0.14634146305772064,0.217999999999995,366.0000000000025,87.99999999999955,0.0,0.07865168530493814,0.21538163689992967,-0.024390243843068978,0.14634146305772064,0.0,AVAX_otc,1785658800,1m,DOWN,1
0.43357142857143216,0.3292991224745595,-0.0016776965565099297,0.8660254037844387,-0.4999999999999998,50.0,0.1,-0.08661396613842516,-0.08829020957540772,0.8481012647492262,0.31200000000000044,439.9999999999977,81.00000000000023,3.0,0.34545454514048457,0.25602234376759286,0.08860759482461475,0.8481012647492262,1.0,STARBUCKS_otc,1785658980,1m,UP,0
0.1043285714285714,0.117034264735512,0.17905514449823778,0.8660254037844387,-0.4999999999999998,50.0,0.1,-0.0556463613426953,0.1233091454828323,0.19467312034424294,0.06903199999999998,1853.8000000000209,5065.799999999996,0.0,0.12917650540531578,0.5122565282140743,0.22033897949411296,0.19467312034424294,1.0,GBPNZD_otc,1785659700,1m,UP,1
0.10596928571428547,0.09438675865912,0.14416123455772786,0.8660254037844387,-0.4999999999999998,50.0,0.1,-0.598577091584353,-0.4552787731516329,0.07155963171446927,0.0698439999999998,3071.300000000008,3031.800000000011,12.0,0.48313874296421305,1.0619078126162802,0.5176146694016168,0.07155963171446927,1.0,NZDJPY_otc,1785659820,1m,UP,1
0.4071428571428604,0.31818855420743825,0.02497353966535518,0.8660254037844387,-0.4999999999999998,50.0,0.1,-0.033435886637012496,-0.008470697096069067,0.3773584898540386,0.17000000000000454,192.0000000000016,119.99999999999886,1.0,0.43157894691415893,0.1916945800875886,0.09433962246353646,0.3773584898540386,1.0,VISA_otc,1785660360,1m,UP,1
0.32000000000000534,0.242669448936809,-0.00849558876762254,0.8660254037844387,-0.4999999999999998,50.0,0.1,-0.06348351095436132,-0.07197370642395792,0.3636363625344039,0.23600000000000138,120.99999999999795,31.000000000000227,16.0,0.12244897934194322,0.11085220460124892,0.03030303021134387,0.3636363625344039,1.0,AMZN_otc,1785660660,1m,UP,0
0.42428571428572226,0.33790645032727196,0.011293699141667514,0.7071067811865476,-0.7071067811865475,50.0,0.1,-0.0823641172541266,-0.07107972006806244,0.8749999978124644,0.2759999999999991,118.00000000000068,141.0000000000025,8.0,0.30252100814910626,0.2876271964801009,0.024999999937478683,0.8749999978124644,1.0,AVAX_otc,1785661380,1m,UP,1
0.1008835714285701,0.08399043326042775,0.12175586755323578,0.7071067811865476,-0.7071067811865475,50.0,0.1,-0.2555962935116893,-0.1341516294430526,0.38109041831764734,0.0895540000000011,3363.900000000015,8034.800000000004,13.0,0.3301588739977276,0.5553237574740777,0.3211060283074104,0.38109041831764734,1.0,GBPNZD_otc,1785662280,1m,UP,1
0.41357142857143053,0.4887127069212974,-0.5556525531763205,0.7071067811865476,-0.7071067811865475,50.0,0.1,0.4082782545679243,-0.1496429071539665,0.21428571377551744,0.15200000000000102,18699.999999999975,8400.000000000035,3.0,0.571428570800629,2.1291530182000753,-0.16666666626984125,0.21428571377551744,0.0,SHIBA_otc,1785662580,1m,DOWN,1
0.583571428571429,0.398732194132621,-0.3219920521833769,0.7071067811865476,-0.7071067811865475,50.0,0.1,-5.86783958763455,-6.170937662710873,0.8260869558034017,0.332,20099.999999999996,23800.000000000007,19.0,0.9531249992553706,13.278008297377792,0.1478260868279772,0.8260869558034017,1.0,SPACEX_otc,1785662640,1m,UP,1
0.08161928571428641,0.0688723222511236,0.1055997492427863,0.7071067811865476,-0.7071067811865475,50.0,0.1,0.22356571464953356,0.3294015487263826,0.6890080362982913,0.030992000000001952,388.29999999997256,6070.3000000000175,2.0,0.6857548473168298,0.5759276942093864,-0.2533512040085022,0.6890080362982913,0.0,EURCHF_otc,1785662820,1m,DOWN,1
0.4578571428571406,0.4639705608473708,0.013981268883320904,0.7071067811865476,-0.7071067811865475,50.0,0.1,0.0789243149256344,0.09291661842963937,0.08333333310177289,0.27800000000000863,199.0000000000009,146.99999999999704,2.0,0.2870370367712532,0.22318199665181732,-0.19444444390445256,0.08333333310177289,0.0,PAYPAL_otc,1785663120,1m,DOWN,1
0.08502500000000067,0.09442780706841775,0.02441418518141522,0.7071067811865476,-0.7071067811865475,50.0,0.1,0.23961416466485155,0.26408684969214896,0.4597088801042308,0.05803600000000131,1189.7000000000446,3529.7999999999515,13.0,0.9999999963842787,0.49350804151174815,-0.45085533875410755,0.4597088801042308,0.0,EURCAD_otc,1785663780,1m,DOWN,1
0.5414285714285784,0.30333403768357203,0.11127306020987215,0.7071067811865476,-0.7071067811865475,50.0,0.1,0.0073231708172107005,0.11860437974335555,0.4310344820154696,0.24399999999999408,53.000000000002956,444.99999999999886,0.0,0.6499999991874681,0.16818382492028708,0.4655172405766759,0.4310344820154696,1.0,SPOTIFY_otc,1785663900,1m,UP,0
0.5542857142857136,0.308535177723632,-0.05487944485929001,0.49999999999999994,-0.8660254037844387,50.0,0.1,0.035047323936876276,-0.019851354699228323,0.6415094327518933,0.33600000000000135,213.99999999999864,122.00000000000273,0.0,0.317829457117976,0.30198042979470024,-0.13207547144889398,0.6415094327518933,0.0,PETROLEO_otc,1785665700,1m,DOWN,0
0.10591499999999954,0.08661803957683395,-0.06044067529493133,0.49999999999999994,-0.8660254037844387,50.0,0.1,0.050406967984651004,-0.010064173622125945,0.6861545904334289,0.07989599999999797,3131.600000000034,2674.4999999999663,0.0,0.301107044276616,0.38179819462750103,-0.0989481396900001,0.6861545904334289,0.0,EURCAD_otc,1785667200,1m,DOWN,1
0.09240857142857196,0.09451636093495118,0.053519668564890446,0.258819045102521,-0.9659258262890682,50.0,0.1,0.10253254461562555,0.15610708825856542,0.34699970618261516,0.07213399999999837,1879.8999999999921,6031.599999999955,1.0,0.9510737162327159,0.5202211947662321,-0.34925720689444534,0.34699970618261516,0.0,GBPCAD_otc,1785671160,1m,DOWN,0
0.5499999999999952,0.428839476574543,0.0008626440367322036,0.258819045102521,-0.9659258262890682,50.0,0.1,0.14812056379204316,0.14898448558198607,0.7926829258625607,0.36599999999999683,83.9999999999975,261.00000000000136,7.0,0.9246575336132767,0.3674157586119499,-0.07317073161808786,0.7926829258625607,0.0,PRATA_otc,1785671820,1m,DOWN,1
0.5864285714285781,0.4707907773536009,0.09357248141985212,1.2246467991473532e-16,-1.0,50.0,0.1,-0.08296876585633968,0.010526079630497238,0.8103448261890506,0.5260000000000105,116.0000000000025,294.99999999999886,3.0,0.17599999985917633,0.31071339796094777,0.15517241352551073,0.8103448261890506,1.0,SUI_otc,1785675180,1m,UP,1
0.4814285714285802,0.43489609711228205,0.03574744414758541,1.2246467991473532e-16,-1.0,50.0,0.1,-0.12089687862927778,-0.08519265202585653,0.6199999993800045,0.43999999999998635,131.99999999999932,53.99999999999636,4.0,0.6477272719912374,0.26986414793380775,0.3699999996300045,0.6199999993800045,1.0,NIKE_otc,1785675540,1m,UP,1
0.4771428571428575,0.2070621290223001,-2.075015375674112,-0.2588190451025208,-0.9659258262890683,50.0,0.1,-0.4659961752260628,-2.5313420586141806,0.13888888869598703,0.14600000000000007,19800.000000000004,12799.999999999993,2.0,0.4788732387621502,8.265424911726958,-0.43055555495756204,0.13888888869598703,0.0,SPACEX_otc,1785675720,1m,DOWN,0
0.5035714285714293,0.39621006749641624,0.04083397857354995,-0.2588190451025208,-0.9659258262890683,50.0,0.1,-0.5437882504770617,-0.5031763222811971,0.623188404893929,0.24800000000000466,24399.999999999975,8700.000000000045,4.0,0.9268292675391713,1.6587997302540818,0.14492753602183342,0.623188404893929,1.0,INTEL_otc,1785677040,1m,UP,1
0.5149999999999999,0.3026984863307695,-2.2552149116372244,-0.2588190451025208,-0.9659258262890683,50.0,0.1,3.6496079033938345,1.3120864901029812,0.1052631576177284,0.284,27000.0,10099.999999999998,2.0,0.30097087349420343,14.568599715053947,-0.05263157880886537,0.1052631576177284,0.0,SPACEX_otc,1785678420,1m,DOWN,1
0.0997814285714285,0.13820308069451734,-0.11643500596171645,-0.2588190451025208,-0.9659258262890683,50.0,0.1,-1.295720650295752,-1.4106469838410494,0.8160935294629147,0.10441200000000031,4446.100000000009,4416.399999999996,14.0,0.9341644256272184,3.066106772785118,0.12785419444391777,0.8160935294629147,1.0,CHFJPY_otc,1785678540,1m,UP,1
0.5028571428571483,0.6261380846169937,0.10787924836030231,-0.4999999999999997,-0.8660254037844388,50.0,0.1,0.08435870377114868,0.1923289576670058,0.5227272715392327,0.13400000000001455,9.99999999999659,248.00000000000182,0.0,0.5652173900756197,0.10355462506448392,-0.06818181802678903,0.5227272715392327,0.0,AMZN_otc,1785679800,1m,DOWN,1
0.4814285714285721,0.32455548640350035,0.026844532194833324,-0.4999999999999997,-0.8660254037844388,50.0,0.1,-0.022500939707716345,0.004337552215113005,0.2380952377172533,0.18199999999999364,231.00000000000023,142.0000000000016,0.0,0.37662337613421704,0.1601497504156365,0.22222222186944846,0.2380952377172533,1.0,PAYPAL_otc,1785681000,1m,UP,0
0.46785714285712743,0.45724028836849984,0.010865679333188627,-0.4999999999999997,-0.8660254037844388,50.0,0.1,0.06483499838567562,0.07570772248188452,0.07792207782088521,0.1740000000000009,150.9999999999991,145.99999999999795,5.0,0.45624999971482927,0.40022012106557703,-0.33766233722381134,0.07792207782088521,0.0,SUI_otc,1785681300,1m,DOWN,0
0.4349999999999999,0.25102865297813887,-3.9714288646424305,-0.4999999999999997,-0.8660254037844388,50.0,0.1,-10.394075809082889,-13.952711346830585,0.641509432751869,0.27000000000000013,33200.0,2399.9999999999977,13.0,0.5142857137959185,28.68852458232553,0.33962264086863614,0.641509432751869,1.0,SPACEX_otc,1785681480,1m,UP,1
0.5078571428571433,0.35894534155499996,-0.6250375801860646,-0.4999999999999997,-0.8660254037844388,50.0,0.1,0.7386644803555739,0.10900996957580093,0.3829787225894073,0.36199999999999904,20000.0,12999.99999999997,4.0,0.8214285704506743,2.246589997265412,-0.21276595699411852,0.3829787225894073,0.0,GOLD_otc,1785682740,1m,DOWN,1
0.0942692857142861,0.0964459374745438,0.0990547891559071,-0.7071067811865471,-0.7071067811865479,50.0,0.1,-0.12051015699139282,-0.021574738917404995,0.30953018130418036,0.05755199999999831,2616.200000000006,5130.100000000013,3.0,0.6957444733000481,0.5571555300574899,0.3297416655752812,0.30953018130418036,1.0,EURCAD_otc,1785682980,1m,UP,0
0.46071428571428796,0.5183214667177531,-0.12108472846207917,-0.7071067811865471,-0.7071067811865479,50.0,0.1,1.1291879371057998,1.0067359344962494,0.7916666658420127,0.42600000000000193,7800.000000000011,29699.999999999985,8.0,0.83809523729705,1.3333333333163986,-0.16666666649305062,0.7916666658420127,0.0,INTEL_otc,1785682980,1m,DOWN,1
0.5599999999999942,0.3707462033393505,0.03882678624537224,-0.7071067811865471,-0.7071067811865479,50.0,0.1,0.13534351908051975,0.17422285486474234,0.759036143663821,0.2759999999999877,24.00000000000091,274.0000000000009,8.0,0.7080291965634584,0.31859724192386657,-0.012048192756557717,0.759036143663821,0.0,NETFLIX_otc,1785683580,1m,DOWN,0
0.4478571428571441,0.35625031326158696,-0.07536477197063371,-0.8660254037844385,-0.5000000000000004,50.0,0.1,1.0169017947359642,0.9407706370465624,0.7323943651656453,0.3600000000000009,20199.99999999996,34900.00000000002,0.0,0.5403225802094177,3.1054345103154213,-0.21126760533624056,0.7323943651656453,0.0,GOLD_otc,1785687000,1m,DOWN,0
0.11757428571428566,0.07675302304239245,-0.1253406823893016,-0.8660254037844385,-0.5000000000000004,50.0,0.1,0.2045140404964564,0.07891701881321463,0.6318321936287458,0.08517400000000067,9376.800000000003,2454.4999999999814,1.0,0.9461253495209346,0.8396847832857806,-0.2002242352601189,0.6318321936287458,0.0,EURCHF_otc,1785687060,1m,DOWN,0
0.1014300000000002,0.07189473895420115,0.11525317769028262,-0.8660254037844385,-0.5000000000000004,50.0,0.1,-0.5803003097654804,-0.46571594662234894,0.11332757313022551,0.05915600000000012,2838.3999999999965,1715.800000000005,9.0,0.6021914945344633,2.063324179622608,0.6227126315659185,0.11332757313022551,1.0,CHFJPY_otc,1785687240,1m,UP,0
0.0660892857142861,0.03978732445989301,-0.0038450310188525676,-0.8660254037844385,-0.5000000000000004,50.0,0.1,-0.06866433728926659,-0.0725067281430515,0.10051107040004736,0.050410000000002245,7342.399999999998,1474.1999999999678,2.0,0.21025684605974046,0.30249254996128405,0.033503690133281874,0.10051107040004736,1.0,GBPNZD_otc,1785687720,1m,UP,0
0.07650142857142786,0.07052410907631793,-0.11312037572395962,-0.8660254037844385,-0.5000000000000004,50.0,0.1,-0.10927112178070097,-0.2222678896011445,0.011249030146912736,0.027783999999999764,4266.0000000000055,901.3000000000204,12.0,0.8129463161384379,1.0098256583306173,0.6545771852736878,0.011249030146912736,1.0,EURCHF_otc,1785689220,1m,UP,0
0.538571428571428,0.4394508310999542,0.5124400852566527,-0.8660254037844385,-0.5000000000000004,50.0,0.1,1.5356975164195108,2.0560071313385877,0.29850746224103714,0.36400000000000005,4499.999999999957,42400.000000000015,10.0,0.650943395612314,2.4691358024116257,-0.23880596979282123,0.29850746224103714,0.0,GOLD_otc,1785689400,1m,DOWN,1
0.45499999999999624,0.3665940654079075,0.0050578001918384925,-0.9659258262890683,-0.25881904510252063,50.0,0.1,-0.10069025889723852,-0.0956375514175077,0.1917808216550713,0.14599999999999227,150.0,334.0000000000032,15.0,0.7554347821981436,0.45705201450530614,0.4657534240195479,0.1917808216550713,1.0,SUI_otc,1785690300,1m,UP,1
0.12002071428571373,0.10533607156259873,0.074599928763203,-0.9659258262890683,-0.25881904510252063,50.0,0.1,-0.11363821531887505,-0.03912306058334771,0.5611273977551989,0.07188599999999923,2997.299999999967,3198.3000000000316,6.0,0.8643776505681741,0.6092462635350632,0.34258871197064394,0.5611273977551989,1.0,EURNZD_otc,1785690660,1m,UP,1
0.07294714285714347,0.05025498944345741,-0.06700623140115002,-0.9659258262890683,-0.25881904510252063,50.0,0.1,-0.1548637636376516,-0.22176622666698204,0.4043084282146118,0.03464400000000012,3352.599999999981,1796.4999999999875,7.0,0.5174472641440451,1.1624930021049096,0.2904031038239508,0.4043084282146118,1.0,NZDJPY_otc,1785690720,1m,UP,0
0.09365857142857134,0.06107268239634716,0.2137991359656889,-0.9659258262890683,-0.25881904510252063,50.0,0.1,-0.21439933810943101,-0.001058586076136185,0.8099173468990273,0.05218200000000053,2276.6999999999625,5883.90000000004,7.0,0.4185162776642527,0.6432259623351697,0.04090385980856602,0.8099173468990273,1.0,CADJPY_otc,1785691620,1m,UP,0
0.5250000000000016,0.3514936729143498,-0.05723781002279665,-0.9659258262890683,-0.25881904510252063,50.0,0.1,0.029169697124149373,-0.028084808994471414,0.670103092092635,0.27799999999999725,203.00000000000864,96.99999999999136,2.0,0.6483516476392317,0.175090912588886,-0.32989690687643725,0.670103092092635,0.0,MASTERCARD_otc,1785692820,1m,DOWN,1
0.6078571428571463,0.3477217847443326,0.058034307964940926,-0.9659258262890683,-0.25881904510252063,50.0,0.1,0.07369933458025595,0.13177641344399527,0.7297297287436272,0.2639999999999986,17.999999999994998,365.0000000000034,0.0,0.7111111103209905,0.1881074302430967,-0.13513513495247234,0.7297297287436272,0.0,PAYPAL_otc,1785693300,1m,DOWN,1
0.4792857142857128,0.45962538499828925,0.06905294088531883,-0.9659258262890683,-0.25881904510252063,50.0,0.1,0.13138200900567504,0.20052567303200652,0.45238095130383227,0.26800000000000634,15.999999999996817,291.0000000000025,7.0,0.8235294111591646,0.3220993297484292,-0.16666666626981871,0.45238095130383227,0.0,AVAX_otc,1785693420,1m,DOWN,0
0.5421428571428554,0.26713889061049856,0.03565668543989404,-1.0,-1.8369701987210297e-16,50.0,0.1,-0.020934578575882174,0.01471464228718089,0.14942528718456263,0.13399999999998044,63.999999999998636,375.9999999999991,2.0,0.6760563370760221,0.1622634610106858,0.19540229862599165,0.14942528718456263,1.0,NETFLIX_otc,1785693720,1m,UP,0
0.5321428571428604,0.4343771592681236,-0.014409686342780446,-1.0,-1.8369701987210297e-16,50.0,0.1,-0.1235611659608753,-0.13795304752719928,0.7058823515569427,0.3099999999999909,229.99999999999545,348.0000000000018,14.0,0.7727272722255185,0.3793851005114726,0.09803921549405387,0.7058823515569427,1.0,SUI_otc,1785693840,1m,UP,0
0.5264285714285839,0.4529324477916906,0.04902169825014962,-1.0,-1.8369701987210297e-16,50.0,0.1,-0.060529543078276814,-0.011537517438087218,0.4666666656295959,0.3560000000000059,141.9999999999959,309.0000000000032,1.0,0.4275862066016711,0.3310426702579115,0.06666666651858588,0.4666666656295959,1.0,NETFLIX_otc,1785694260,1m,UP,0
0.10190000000000003,0.1332546573965203,-0.19537102502265696,-1.0,-1.8369701987210297e-16,50.0,0.1,1.7331372771869369,1.53438020410079,0.7301358703308215,0.05943000000000005,3433.9999999999905,4898.600000000001,10.0,0.8603279843147881,4.879121432188059,-0.12435885787492384,0.7301358703308215,0.0,CHFJPY_otc,1785694500,1m,DOWN,0
0.47499999999999937,0.42534795064645464,-1.2041760436470725,-1.0,-1.8369701987210297e-16,50.0,0.1,-2.8652861610214804,-4.034959115135598,0.5510204070387347,0.3400000000000006,28500.000000000015,2099.9999999999905,13.0,0.9999999994350282,11.209626345078552,0.1428571425655987,0.5510204070387347,1.0,ETHEREUM_otc,1785695580,1m,UP,0
0.10045000000000062,0.06112657313788751,-0.0842172478659263,-1.0,-1.8369701987210297e-16,50.0,0.1,-0.2644533646375264,-0.3484478971578661,0.9561255996804704,0.06106399999999894,6656.899999999979,337.600000000009,8.0,0.8550087840795809,0.7205246004694613,0.01901813340099334,0.9561255996804704,1.0,CADJPY_otc,1785696180,1m,UP,1
0.08720214285714269,0.07272523947244591,-0.10037381220873133,-1.0,-1.8369701987210297e-16,50.0,0.1,-0.6089579636586935,-0.7087205415445519,0.13727982318358237,0.06530799999999992,3858.800000000002,4304.699999999997,18.0,0.9098776269987956,1.7772143911285134,0.7599418783377123,0.13727982318358237,1.0,CHFJPY_otc,1785696180,1m,UP,1
0.4250000000000002,0.3371739369411332,-0.5304479889130467,-1.0,-1.8369701987210297e-16,50.0,0.1,0.8009285607936105,0.266232062437204,0.4482758605231723,0.21599999999999966,32800.00000000001,9199.999999999945,4.0,0.6451612896288605,2.1805392731024487,-0.3448275850178418,0.4482758605231723,0.0,SHIBA_otc,1785696840,1m,DOWN,1
0.10733000000000052,0.12041790578361403,-0.12483438228780844,-0.9659258262890684,0.2588190451025203,50.0,0.1,0.08846685018796326,-0.03647796914580681,0.6859898407513256,0.08864399999999932,6717.200000000005,1867.90000000002,2.0,0.43255093921818527,0.5348104050755167,-0.07167512617591378,0.6859898407513256,0.0,CADJPY_otc,1785697620,1m,DOWN,0
0.10038714285714434,0.08328819044108667,0.02543638514365123,-0.9659258262890684,0.2588190451025203,50.0,0.1,0.19494841852916103,0.2204343915033808,0.9099236568105353,0.06728799999999921,1411.200000000008,3311.7999999999624,3.0,0.32177445872454014,0.42843572886338266,-0.03173965422469648,0.9099236568105353,0.0,EURNZD_otc,1785698280,1m,DOWN,1
0.09448500000000085,0.09017758752116674,0.07471728848233274,-0.9659258262890684,0.2588190451025203,50.0,0.1,-0.15238450179661625,-0.07778107088209325,0.6602535458429942,0.06474600000000094,2332.0999999999967,2390.8999999999733,0.0,0.8020157418374739,0.469193617349874,0.16739576748774732,0.6602535458429942,1.0,EURNZD_otc,1785698700,1m,UP,0
0.09859928571428611,0.06359989432604668,-0.03501640807230227,-0.9659258262890684,0.2588190451025203,50.0,0.1,0.06900810539710535,0.03396753316501427,0.2531328300976366,0.06663199999999989,4100.899999999967,1675.1000000000004,7.0,0.8959943313315336,0.49427721978628836,-0.43436716451778046,0.2531328300976366,0.0,GBPCAD_otc,1785698820,1m,DOWN,1
0.10835785714285809,0.10688832856172718,0.050481332489647916,-0.9659258262890684,0.2588190451025203,50.0,0.1,0.15555029139196488,0.206110147741399,0.026090987179054913,0.05442799999999863,1743.7999999999931,9018.200000000006,1.0,0.4579191768864456,0.6147364456319686,-0.022581285858029817,0.026090987179054913,0.0,GBPNZD_otc,1785699360,1m,DOWN,0
0.10557000000000016,0.08157668996606787,0.11962300220703606,-0.9659258262890684,0.2588190451025203,50.0,0.1,-0.23082338698485874,-0.11147650264312996,0.3038692441369492,0.08198399999999992,2373.6999999999853,3200.3999999999874,7.0,0.9734820993407527,0.6031774981374547,0.4376250804694477,0.3038692441369492,1.0,GBPCAD_otc,1785700620,1m,UP,1
0.10709857142857235,0.12982102412108487,0.354087566065881,-0.8660254037844386,0.5000000000000001,50.0,0.1,-0.19049274919441914,0.16292030573230737,0.4655682265486004,0.047916000000001444,1937.3000000000218,8962.099999999999,2.0,0.4802327626144588,1.1595904963667736,0.2210252061609108,0.4655682265486004,1.0,NZDJPY_otc,1785701220,1m,UP,0
0.10130571428571399,0.07268224851540508,0.006091859485035908,-0.8660254037844386,0.5000000000000001,50.0,0.1,-0.3632929114972854,-0.35722318330593694,0.8456597075455726,0.07197800000000143,3538.8000000000375,1365.4999999999973,8.0,0.36645004270210396,0.6541978895655522,0.0009664032688915463,0.8456597075455726,1.0,EURCHF_otc,1785701880,1m,UP,1
0.4814285714285802,0.28806287473932757,-0.0012664834269712458,-0.8660254037844386,0.5000000000000001,50.0,0.1,-0.07309407304139595,-0.07435963074404604,0.4680851053870838,0.3700000000000273,151.99999999999818,193.99999999999977,10.0,0.6494845354129176,0.20277191295397765,0.021276595699390912,0.4680851053870838,1.0,PAYPAL_otc,1785702300,1m,UP,1
0.4878571428571417,0.5064599178049946,0.031759201669033815,-0.8660254037844386,0.5000000000000001,50.0,0.1,0.12511291469400196,0.15691185122592743,0.7571428560611978,0.27799999999999725,26.000000000004775,223.99999999999523,13.0,0.6914285710334901,0.3503152837546786,-0.12857142838780267,0.7571428560611978,0.0,VISA_otc,1785702480,1m,DOWN,0
0.5214285714285803,0.5992559489040514,0.14158108871736622,-0.8660254037844386,0.5000000000000001,50.0,0.1,-0.1532262623186375,-0.011862113011662954,0.8124999987304576,0.36599999999999683,181.99999999999932,616.0000000000025,5.0,0.9861111104263243,0.33202674659826553,0.06249999990237706,0.8124999987304576,1.0,STARBUCKS_otc,1785702900,1m,UP,1
0.5014285714285712,0.38148351252683244,0.2943661402839831,-0.8660254037844386,0.5000000000000001,50.0,0.1,-4.010259942075523,-3.727698649198383,0.18918918867786821,0.2800000000000004,16600.0,11599.999999999984,6.0,0.5573770487234608,12.8421052618061,0.10810810781592195,0.18918918867786821,1.0,FORD_otc,1785704160,1m,UP,0
0.09846714285714293,0.08398250204087894,0.014511649470596438,-0.7071067811865477,0.7071067811865474,50.0,0.1,-0.20295174969833127,-0.1884695518742455,0.4794681519175004,0.10275199999999814,4258.2999999999765,5456.500000000019,16.0,0.8379847037350605,0.8187625449541485,0.1805626960951834,0.4794681519175004,1.0,EURNZD_otc,1785705960,1m,UP,1
0.4878571428571539,0.4732863824841576,0.01310248074669113,-0.7071067811865477,0.7071067811865474,50.0,0.1,-0.12946572910774728,-0.11638021158328604,0.5660377347810508,0.28199999999998226,183.9999999999975,254.00000000000205,9.0,0.81954887156424,0.31285284154988136,0.11320754695621016,0.5660377347810508,1.0,PETROLEO_otc,1785707640,1m,UP,1
0.42571428571428527,0.22454838680118208,0.45422612093334486,-0.5000000000000004,0.8660254037844384,50.0,0.1,-0.600494470596985,-0.14899595240385205,0.7368421039704427,0.23799999999999955,9099.999999999965,34800.00000000004,2.0,0.24705882323875492,1.8232518232127177,0.017543859618353072,0.7368421039704427,1.0,GOLD_otc,1785708420,1m,UP,1
0.43714285714285744,0.19617356071175399,0.0016119487050090505,-0.5000000000000004,0.8660254037844384,50.0,0.1,-0.005151511476517735,-0.003539645811231219,0.052083333279033604,0.15599999999999453,96.00000000000364,137.00000000000045,0.0,0.6417910438181869,0.1636781159911864,-0.39583333292101064,0.052083333279033604,0.0,PRATA_otc,1785708900,1m,DOWN,1
0.48642857142856755,0.27334416544163803,-0.01596135338420214,-0.5000000000000004,0.8660254037844384,50.0,0.1,-0.10560031730869628,-0.12154481545307795,0.8382352928849297,0.3040000000000077,279.00000000000205,89.99999999999773,8.0,0.9629629617741536,0.20136230298761715,0.07352941165659038,0.8382352928849297,1.0,COKE_otc,1785709680,1m,UP,1
0.1066742857142857,0.08219560409550267,0.16771517418024662,-0.5000000000000004,0.8660254037844384,50.0,0.1,0.400457450625254,0.5688442527163347,0.8092019399430493,0.08834599999999995,316.9000000000466,8549.700000000015,4.0,0.6801205074835123,0.5890457380004362,-0.020811099129535247,0.8092019399430493,0.0,GBPCAD_otc,1785710640,1m,DOWN,0
0.49142857142857516,0.3111446433601603,0.03199960675503409,-0.25881904510252157,0.9659258262890681,50.0,0.1,0.0837638139953286,0.11579022484144422,0.8358208942747929,0.3199999999999818,42.00000000000159,169.99999999999886,0.0,0.6595744673833774,0.21048388902525647,-0.08955223867231137,0.8358208942747929,0.0,NETFLIX_otc,1785711600,1m,DOWN,1
0.26142857142858134,0.22684166895492552,-0.039604822197044066,-0.25881904510252157,0.9659258262890681,50.0,0.1,0.01151186970063867,-0.028097511751931887,0.2916666654513494,0.11000000000000228,168.99999999999977,34.99999999999659,3.0,0.4318181808367739,0.09715597950870566,-0.45833333142365057,0.2916666654513494,0.0,AMZN_otc,1785712080,1m,DOWN,0
0.09510000000000066,0.09918527183991124,-0.04563519086648183,-0.25881904510252157,0.9659258262890681,50.0,0.1,-0.18365717135767742,-0.2292085499234702,0.6293469800101791,0.05590999999999866,4036.4000000000287,2394.8000000000034,0.0,0.35654742936743755,0.5770051542916528,0.3498840769910641,0.6293469800101791,1.0,EURNZD_otc,1785713100,1m,UP,1
0.6571428571428564,0.47865482299381445,-1.1431250681444582,-0.25881904510252157,0.9659258262890681,50.0,0.1,0.21888129664894926,-0.9267458584669829,0.4565217381379888,0.3899999999999991,41000.000000000015,8200.000000000002,0.0,0.3296703293080501,2.061622111416827,-0.19565217348772274,0.4565217381379888,0.0,SHIBA_otc,1785713400,1m,DOWN,0
0.08864785714285668,0.07683358378223731,-0.005244101620669827,-0.25881904510252157,0.9659258262890681,50.0,0.1,-0.03865881633872786,-0.043900890651783535,0.8006074289961325,0.045268000000000086,4975.400000000007,1669.0000000000537,0.0,0.46458545403887774,0.35618059520192064,0.09886104633466791,0.8006074289961325,1.0,CADJPY_otc,1785714000,1m,UP,1
0.5642857142857086,0.39433348942759205,-0.0385277076278552,-0.25881904510252157,0.9659258262890681,50.0,0.1,0.1179298715857381,0.07935672828175244,0.678571427359683,0.3199999999999932,241.0000000000025,136.00000000000136,5.0,0.8590604021079895,0.35396127806068883,-0.23214285672830728,0.678571427359683,0.0,PETROLEO_otc,1785714300,1m,DOWN,0
0.47928571428571687,0.4387851610298273,0.0317492912669495,-0.25881904510252157,0.9659258262890681,50.0,0.1,0.11369869825231915,0.1454840880501435,0.5967741925858511,0.25599999999999457,95.99999999999795,165.0000000000034,10.0,0.9277108428146279,0.34708428293568433,-0.04838709669610548,0.5967741925858511,0.0,SPOTIFY_otc,1785714600,1m,DOWN,1
0.1165192857142855,0.16484761382499147,-0.4726893342811304,-0.25881904510252157,0.9659258262890681,50.0,0.1,-1.0236902170362945,-1.491540676845415,0.8203769580441473,0.05626999999999995,4480.199999999996,984.2000000000083,0.0,0.5781275409599617,1.7908814245219038,0.10483800829637373,0.8203769580441473,1.0,CHFJPY_otc,1785714900,1m,UP,1
0.10020000000000248,0.08308656296358538,-0.026150180308591026,0.0,1.0,50.0,0.1,0.07973533969889361,0.05356430845520166,0.4581385447663,0.05908999999999907,1905.9999999999632,3864.2000000000107,1.0,0.9999999945687595,0.4579439926324557,-0.19561101805967826,0.4581385447663,0.0,EURJPY_otc,1785716760,1m,DOWN,0
0.5157142857142877,0.3441864114116158,0.024044746433644605,0.0,1.0,50.0,0.1,-0.09956093506062408,-0.07554012780136177,0.6984126973041083,0.2899999999999977,137.99999999999955,219.99999999999886,16.0,0.3103448273186395,0.2590905029923562,0.12698412678254054,0.6984126973041083,1.0,NETFLIX_otc,1785717060,1m,UP,0
0.07157142857142722,0.06169968593352682,-0.017702014810555104,0.0,1.0,50.0,0.1,0.29663710078528893,0.27888257523121923,0.6202775516524317,0.04288799999999924,6847.999999999956,3253.3000000000097,6.0,0.6671325845290965,0.6130399522405015,-0.009637625103270729,0.6202775516524317,0.0,EURCHF_otc,1785717360,1m,DOWN,1
0.3907142857142887,0.21026409350331007,0.00992169842805855,0.0,1.0,50.0,0.1,0.30199866388775193,0.3119503257124982,0.12499999973958703,0.20199999999999818,28200.000000000073,11199.999999999904,14.0,0.8984374992980981,1.5549076773377526,-0.333333332638879,0.12499999973958703,0.0,INTEL_otc,1785717840,1m,DOWN,1
0.4157142857142852,0.24558183885454815,-0.05044810056337253,0.0,1.0,50.0,0.1,0.46822146890701305,0.41753715950614706,0.3333333325396825,0.20799999999999982,11700.000000000016,28200.0,0.0,0.25714285677551135,1.580492210395554,-0.09523809501133544,0.3333333325396825,0.0,SHIBA_otc,1785717900,1m,DOWN,0
0.11009571428571364,0.09151246233523369,-0.06777173952400901,0.0,1.0,50.0,0.1,0.21063489271810304,0.14272040226325444,0.7580013728067837,0.04856000000000051,4110.800000000054,3982.499999999973,1.0,0.8518518474081899,0.5192410359002357,-0.23451530929640554,0.7580013728067837,0.0,GBPCAD_otc,1785717960,1m,DOWN,1
0.47428571428572547,0.27450254697502885,-0.02619657995658759,0.0,1.0,50.0,0.1,0.11961169666353229,0.09338378253319081,0.6979166659396603,0.2899999999999977,93.00000000000068,354.00000000000205,9.0,0.3239436615156073,0.21218098141111041,-0.12499999986979167,0.6979166659396603,0.0,NIKE_otc,1785718440,1m,DOWN,1
0.0902235714285707,0.07676827337416561,0.005432134723223348,0.0,1.0,50.0,0.1,-0.1905602377444249,-0.1851384545100447,0.3496598579989284,0.03551599999999837,4705.599999999989,1482.9000000000292,6.0,0.6234637818205226,0.591364927761221,0.05782312826830223,0.3496598579989284,1.0,GBPNZD_otc,1785718560,1m,UP,1
0.08956357142857106,0.08108800136964671,-0.023554346213364073,0.25881904510252074,0.9659258262890683,50.0,0.1,0.5342759954754676,0.5105958040443943,0.39296993995955065,0.06219799999999935,3654.5999999999876,3601.8999999999933,14.0,0.34424344882180286,0.8908317465243901,-0.0838512472353157,0.39296993995955065,0.0,NZDJPY_otc,1785719040,1m,DOWN,1
0.11080999999999948,0.08707552362106818,0.06579366258744074,0.25881904510252074,0.9659258262890683,50.0,0.1,0.3718499573434486,0.43788827363715543,0.37158908134438895,0.08141600000000011,1722.9999999999989,3922.199999999982,3.0,0.5232812965814603,1.1940577507366827,-0.5703250344068628,0.37158908134438895,0.0,NZDJPY_otc,1785720780,1m,DOWN,1
0.5035714285714293,0.37606771046132403,0.02063043304432516,0.25881904510252074,0.9659258262890683,50.0,0.1,-0.1054321063690051,-0.08482342442479163,0.1621621617238902,0.33999999999999775,451.9999999999982,131.00000000000023,9.0,0.5538461529940748,0.15521646727284238,0.216216215631956,0.1621621617238902,1.0,PETROLEO_otc,1785721740,1m,UP,1
0.4807142857142789,0.35895146415734713,0.0022139753406513443,0.25881904510252074,0.9659258262890683,50.0,0.1,-0.010614105374742907,-0.008400365027767191,0.015624999975572061,0.23400000000000318,300.0,162.99999999999955,2.0,0.19178082165508623,0.17428673749509813,0.49999999921875005,0.015624999975572061,1.0,PETROLEO_otc,1785722220,1m,UP,1
0.1042657142857151,0.09557871737917327,-0.18170297959599854,0.49999999999999994,0.8660254037844387,50.0,0.1,0.06589553470846349,-0.11592717903752105,0.5886470362580934,0.045858000000001196,3985.099999999946,4096.600000000023,0.0,0.5135924186492453,0.4272936782429233,-0.17039025630078306,0.5886470362580934,0.0,CADJPY_otc,1785722700,1m,DOWN,0
0.46285714285714413,0.31859926930487736,0.018686520077490953,0.49999999999999994,0.8660254037844387,50.0,0.1,-0.03538598598146365,-0.01670607831334774,0.4395604390773965,0.2519999999999868,108.9999999999975,266.0000000000025,4.0,0.7448979584235783,0.23864604894621497,0.42857142810053345,0.4395604390773965,1.0,AVAX_otc,1785723540,1m,UP,1
0.49500000000000455,0.21927953936190184,0.028086130796802472,0.49999999999999994,0.8660254037844387,50.0,0.1,0.06752262612731671,0.09562772141721074,0.676056337075968,0.29199999999999593,50.99999999999909,274.0000000000009,19.0,0.6307692302840129,0.31572556162643695,-0.18309859129139466,0.676056337075968,0.0,AVAX_otc,1785723840,1m,DOWN,0
0.4807142857142865,0.3218738064400106,0.9986876865815791,0.49999999999999994,0.8660254037844387,50.0,0.1,-0.6823761946922933,0.30949668485672993,0.5421686740455798,0.21000000000000227,10300.000000000011,39399.99999999998,5.0,0.6261682237138628,2.8663273505795264,0.04819277102627243,0.5421686740455798,1.0,SHIBA_otc,1785724800,1m,UP,0
0.09232071428571333,0.10661184504847442,-0.24908143408265082,0.49999999999999994,0.8660254037844387,50.0,0.1,0.10606502728930728,-0.1432805950843759,0.06850393623730339,0.055873999999998605,8235.699999999966,1785.1000000000283,2.0,0.8672103777442718,0.6227932274674811,-0.4884139427624572,0.06850393623730339,0.0,CADJPY_otc,1785724920,1m,DOWN,1
0.48857142857143493,0.3911690003004044,0.015066855249583577,0.49999999999999994,0.8660254037844387,50.0,0.1,0.08772102334790119,0.10280109539709603,0.7878787854912868,0.30199999999997545,143.00000000000068,201.99999999999818,1.0,0.252100840124295,0.27508090614823094,-0.03030303021134909,0.7878787854912868,0.0,STARBUCKS_otc,1785725160,1m,DOWN,1
0.4500000000000008,0.378899505374518,0.08141483864808706,0.7071067811865476,0.7071067811865476,50.0,0.1,0.19809379325548682,0.27966990964572475,0.4399999982399977,0.12400000000000092,6899.999999999977,21099.999999999993,0.0,0.21590909066373473,1.0368799340045256,-0.31999999871999313,0.4399999982399977,0.0,INTEL_otc,1785727200,1m,DOWN,1
0.09457785714285752,0.06157848918674736,0.10439714515122524,0.7071067811865476,0.7071067811865476,50.0,0.1,0.09690070833353331,0.20139901505789007,0.4330863026789989,0.056239999999999665,1214.300000000037,7121.7000000000035,2.0,0.9893261550612743,0.24432520713804856,-0.09677419143915779,0.4330863026789989,0.0,EURNZD_otc,1785727320,1m,DOWN,1
0.42857142857142044,0.2808973060773776,-0.0465789225176127,0.7071067811865476,0.7071067811865476,50.0,0.1,-0.1236326890625449,-0.17015402480571273,0.819277107446678,0.24600000000000363,502.00000000000387,22.999999999996135,3.0,0.4166666663194484,0.29438461349680956,0.024096385513115434,0.819277107446678,1.0,AVAX_otc,1785727980,1m,UP,1
0.4107142857142857,0.20541702423427258,0.2314917473168006,0.7071067811865476,0.7071067811865476,50.0,0.1,-0.32176778773181697,-0.09102090628913939,0.22727272675620275,0.1039999999999992,15799.999999999982,22299.999999999967,9.0,0.3846153841927334,1.4806378131877485,0.4318181808367739,0.22727272675620275,1.0,NVIDIA_otc,1785728340,1m,UP,0
0.4728571428571427,0.5106018857538387,-0.24805136689504972,0.7071067811865476,0.7071067811865476,50.0,0.1,0.979799275751323,0.7293175033599443,0.6071428549744834,0.2539999999999992,17900.000000000062,12599.99999999998,1.0,0.8240740733110389,3.0345602696534413,-0.14285714234696414,0.6071428549744834,0.0,SHIBA_otc,1785728760,1m,DOWN,0
0.5,0.3541558606551607,0.23659059642768712,0.8660254037844386,0.5000000000000001,50.0,0.1,-0.1588201626424441,0.07739468021519984,0.4799999980799613,0.15799999999999842,9299.999999999925,25100.00000000005,2.0,0.28282828254260034,1.145568155506294,0.23999999904000907,0.4799999980799613,1.0,INTEL_otc,1785730620,1m,UP,1
0.5142857142857155,0.429812123521434,-0.8837644005874102,0.8660254037844386,0.5000000000000001,50.0,0.1,-0.1283008294632347,-1.0109313529941906,0.41269841204334234,0.22400000000000234,44399.99999999998,6500.000000000056,0.0,0.571428570800629,2.1615201899724195,-0.412698412043331,0.41269841204334234,0.0,GOLD_otc,1785730800,1m,DOWN,0
0.4350000000000063,0.36626493131025506,0.011624335111281489,0.8660254037844386,0.5000000000000001,50.0,0.1,-0.04388562000733236,-0.03226638630758618,0.33333333259250836,0.22799999999999726,112.00000000000045,164.99999999999773,1.0,0.5333333328254184,0.20492203204551593,0.28888888824687425,0.33333333259250836,1.0,LINK_otc,1785731460,1m,UP,1
0.5064285714285859,0.3792039087180099,0.0432294655723405,0.8660254037844386,0.5000000000000001,50.0,0.1,0.10021904714310297,0.14349183687392514,0.4615384603550632,0.32600000000001045,25.0,294.99999999999886,7.0,0.9679999992255836,0.31089887081452794,-0.28205128132811846,0.4615384603550632,0.0,SUI_otc,1785731520,1m,DOWN,1
0.5142857142857135,0.48461211404438526,-0.08799769103117999,0.9659258262890683,0.25881904510252074,50.0,0.1,0.07503940592474496,-0.013024318051012325,0.8450704213450276,0.41800000000000637,196.99999999999704,116.0000000000025,0.0,0.5590551176700272,0.3153634128769656,-0.15492957724652168,0.8450704213450276,0.0,PRATA_otc,1785733500,1m,DOWN,0
0.4578571428571406,0.32478310595518534,-0.043100064004263666,0.9659258262890683,0.25881904510252074,50.0,0.1,-0.08777352624296161,-0.13083575980123574,0.21052631523556728,0.12400000000000092,242.0000000000016,57.99999999999841,6.0,0.6923076916420244,0.2587064676610531,0.052631578808817026,0.21052631523556728,1.0,PRATA_otc,1785734160,1m,UP,1
0.3692857142857143,0.21094762643713552,1.2346314983155602,0.9659258262890683,0.25881904510252074,50.0,0.1,0.9592432231750877,2.2057178404694247,0.031249999902343055,0.15999999999999942,9800.000000000004,19399.999999999993,2.0,0.7234042537799896,4.56310679567349,-0.5937499981445347,0.031249999902343055,0.0,SPACEX_otc,1785734520,1m,DOWN,0
0.4635714285714333,0.25716223960322,0.07850555187004424,0.9659258262890683,0.25881904510252074,50.0,0.1,-0.061327685915975726,0.017129720315791047,0.5555555543210017,0.18199999999999364,98.00000000000182,473.0000000000018,0.0,0.40506329062648305,0.19235920036964543,0.1555555552098653,0.5555555543210017,1.0,AVAX_otc,1785735000,1m,UP,1
0.5492857142857142,0.4537535756700496,-0.04080884996095532,0.9659258262890683,0.25881904510252074,50.0,0.1,-0.13515524222425648,-0.17590893688519815,0.5487804871356242,0.317999999999995,176.99999999999818,54.000000000002046,15.0,0.8012820507684077,0.3761029943575489,0.34146341421776644,0.5487804871356242,1.0,PETROLEO_otc,1785735000,1m,UP,1
0.10194714285714289,0.08693752191217095,-0.32925355599177997,0.9659258262890683,0.25881904510252074,50.0,0.1,-0.8751936561819637,-1.20156560593895,0.3593918786896665,0.07815600000000025,8258.100000000006,693.7000000000104,4.0,0.9999999963811385,2.589701921158114,0.45030096889720256,0.3593918786896665,1.0,CHFJPY_otc,1785735240,1m,UP,1
0.34499999999999886,0.23963800538817373,-0.048763232430868414,0.9659258262890683,0.25881904510252074,50.0,0.1,-0.04866044995586222,-0.09739995397841675,0.8235294069202579,0.16999999999999318,224.0000000000009,28.000000000002956,0.0,0.23437499963375855,0.1366324373942956,0.05882352906568494,0.8235294069202579,1.0,APPLE_otc,1785735600,1m,UP,1
0.49214285714285666,0.22239950197795857,0.38252423478788267,1.0,6.123233995736766e-17,50.0,0.1,-0.7135249680833424,-0.333730139219641,0.6538461525887601,0.26599999999999824,7599.99999999998,12400.00000000002,1.0,0.762499999046877,2.0682523267303896,0.07692307677514583,0.6538461525887601,1.0,SHIBA_otc,1785737760,1m,UP,0
0.4835714285714313,0.47527898114301786,0.013277169578309576,1.0,6.123233995736766e-17,50.0,0.1,-0.05149724079528179,-0.03822690859296076,0.49295774578457335,0.317999999999995,175.9999999999991,87.99999999999955,2.0,0.911999999270389,0.2602106665551018,0.45070422471728533,0.49295774578457335,1.0,PAYPAL_otc,1785738120,1m,UP,1
0.4650000000000034,0.43519605252217947,0.050394789159047555,1.0,6.123233995736766e-17,50.0,0.1,0.11379234912871684,0.16424448370218694,0.538461537425943,0.21799999999997227,26.000000000004775,298.9999999999952,18.0,0.7629629623978142,0.3244334430791806,-0.15384615355036313,0.538461537425943,0.0,PETROLEO_otc,1785739380,1m,DOWN,1
0.09330785714285687,0.11819008824619298,1.0431474746255007,1.0,6.123233995736766e-17,50.0,0.1,0.8902037868675888,1.9426373998148192,0.6694225465776731,0.040635999999999936,475.89999999999577,8471.799999999997,0.0,0.34466147718668916,1.670593104178773,-0.1716832428409323,0.6694225465776731,0.0,CHFJPY_otc,1785739500,1m,DOWN,0
0.11353928571428439,0.13443383449686466,0.15979435422551366,1.0,6.123233995736766e-17,50.0,0.1,0.2462030297076494,0.406390802474568,0.7017315956559995,0.05502199999999817,415.5999999999693,4394.199999999983,3.0,0.2274027537603441,0.846610225963794,-0.20095237921252823,0.7017315956559995,0.0,GBPNZD_otc,1785739980,1m,DOWN,0
0.09628428571428518,0.07533461475444529,-0.1255915932550928,0.9659258262890683,-0.25881904510252063,50.0,0.1,0.22361017841142763,0.09773774957058734,0.9400080162519158,0.04305599999999856,3496.3000000000475,2320.700000000002,0.0,0.409785017873284,0.5989367110444859,-0.023776083228561676,0.9400080162519158,0.0,EURJPY_otc,1785740400,1m,DOWN,1
0.08901285714285782,0.07495201371193627,0.030717799718217666,0.9659258262890683,-0.25881904510252063,50.0,0.1,0.39737712592212304,0.4282169911500075,0.7983719402596197,0.0645539999999997,745.3000000000287,3425.5999999999885,18.0,0.5294068236874724,0.6605634130710348,-0.0776455847781749,0.7983719402596197,0.0,GBPCAD_otc,1785740580,1m,DOWN,1
0.4842857142857042,0.30466068311718086,0.07028781296005754,0.9659258262890683,-0.25881904510252063,50.0,0.1,-0.056347540656014106,0.013900666850059537,0.5999999986667677,0.24600000000000363,81.99999999999932,313.99999999999864,4.0,0.573033707221309,0.20749790170612503,0.3555555547653703,0.5999999986667677,1.0,STARBUCKS_otc,1785740640,1m,UP,1
0.499285714285719,0.3528720466387149,-0.030136632276664816,0.9659258262890683,-0.25881904510252063,50.0,0.1,-0.0912934671731019,-0.12140258667327213,0.6341463399166554,0.3080000000000155,220.99999999999795,117.00000000000159,0.0,0.24817518230058297,0.3401191658382829,0.19512195074355426,0.6341463399166554,1.0,PRATA_otc,1785741000,1m,UP,1
0.07859928571428577,0.05639636540806432,0.27647163612208825,0.9659258262890683,-0.25881904510252063,50.0,0.1,-0.36256817951404474,-0.08709894156991706,0.689492225776912,0.052712000000000356,2354.200000000013,6306.100000000008,7.0,0.4810051892362472,1.2942025547473912,0.1510491738663356,0.689492225776912,1.0,NZDJPY_otc,1785742020,1m,UP,0
0.109965714285714,0.09645542732058454,-0.051141956066659396,0.9659258262890683,-0.25881904510252063,50.0,0.1,-0.06646218562858122,-0.11757015163346551,0.10859524553005895,0.032440000000001135,3982.7999999999975,2304.200000000023,0.0,0.29583228219698643,0.47856058230860066,0.15607750278202903,0.10859524553005895,1.0,EURCHF_otc,1785742200,1m,UP,1
0.537142857142857,0.5640868337805437,2.251047152694376,0.9659258262890683,-0.25881904510252063,50.0,0.1,9.361488097439157,11.82326676140076,0.881720429159441,0.5759999999999998,6500.000000000004,19800.000000000004,15.0,0.8881578941525277,18.976279648067877,-0.10752688160480946,0.881720429159441,0.0,SPACEX_otc,1785742200,1m,DOWN,1
0.4285714285714367,0.2630056616324141,0.04739469278327188,0.9659258262890683,-0.25881904510252063,50.0,0.1,-0.01916262475554998,0.028222985960589798,0.33333333263892834,0.22000000000000455,178.99999999999636,224.0000000000009,1.0,0.5568181811853465,0.17201946947599198,0.4166666657985716,0.33333333263892834,1.0,VISA_otc,1785742560,1m,UP,1
0.48142857142858425,0.4063317541657246,-0.037097414002161114,0.9659258262890683,-0.25881904510252063,50.0,0.1,0.03350529374283613,-0.003604549856857401,0.42857142734684595,0.21599999999998545,138.99999999999864,99.00000000000091,2.0,0.2844036694638436,0.23029790830292177,-0.28571428489800554,0.42857142734684595,0.0,SPOTIFY_otc,1785742920,1m,DOWN,0
0.5135714285714081,0.34916855692202614,0.039382537976324274,0.9659258262890683,-0.25881904510252063,50.0,0.1,-0.07222837063673727,-0.032874278025908706,0.8142857131224374,0.21600000000000819,94.99999999999318,158.0000000000041,4.0,0.9893617010751562,0.17902374921403824,0.04285714279588357,0.8142857131224374,1.0,MASTERCARD_otc,1785743340,1m,UP,0
0.48500000000000043,0.3078139869338725,-0.17990236698734965,0.9659258262890683,-0.25881904510252063,50.0,0.1,0.4504392153449974,0.26972649754740285,0.1935483867846053,0.3620000000000033,24399.999999999975,12400.000000000091,1.0,0.784615384011833,1.61570966938086,-0.09677419339227973,0.1935483867846053,0.0,INTEL_otc,1785743460,1m,DOWN,1
0.4842857142857144,0.32795067975885434,-0.18373548098641163,0.9659258262890683,-0.25881904510252063,50.0,0.1,-0.5548944367827274,-0.7376103798067494,0.6551724126634899,0.22800000000000295,33199.99999999993,3400.000000000034,1.0,0.6341463409478474,1.5483383685605747,0.1034482756837141,0.6551724126634899,1.0,INTEL_otc,1785743760,1m,UP,0
0.4664285714285654,0.29089856960974253,0.07056231764293422,0.8660254037844387,-0.4999999999999998,50.0,0.1,0.0639143234009552,0.13452174047178694,0.1707317069006273,0.10999999999999091,50.99999999999909,286.00000000000136,0.0,0.2602739722461904,0.1828153564894919,-0.2926829261154007,0.1707317069006273,0.0,COKE_otc,1785744000,1m,DOWN,1
0.4064285714285672,0.4688095748932493,-0.009453431553467307,0.8660254037844387,-0.4999999999999998,50.0,0.1,0.11865856725299152,0.10919391839308663,0.6037735837664832,0.2939999999999941,288.99999999999864,159.9999999999966,19.0,0.6639344256852866,0.25866089980016127,-0.16981132043438707,0.6037735837664832,0.0,SPOTIFY_otc,1785745140,1m,DOWN,1
0.5264285714285718,0.2568800547840435,-0.014297261651846449,0.8660254037844387,-0.4999999999999998,50.0,0.1,0.025677538692444296,0.01137660585570523,0.24999999967112743,0.22199999999998,163.99999999999864,96.00000000000364,2.0,0.8272727265206578,0.2144625762800143,-0.4473684204638866,0.24999999967112743,0.0,LINK_otc,1785745620,1m,DOWN,0
0.107997142857143,0.08435461973408137,0.06370210097355489,0.8660254037844387,-0.4999999999999998,50.0,0.1,-0.04399622165326399,0.019677852802748787,0.578675694986041,0.05851799999999798,1974.8999999999482,2060.100000000062,0.0,0.733333327237458,0.2998414055732664,0.13283329193622173,0.578675694986041,1.0,GBPNZD_otc,1785746100,1m,UP,0
0.08748142857142989,0.07898958633166876,0.008024339298410312,0.8660254037844387,-0.4999999999999998,50.0,0.1,0.22140625048061094,0.22944835616778772,0.6791064299722532,0.06762400000000071,1791.1000000000142,5488.700000000008,8.0,0.5516366040897778,0.6136778419361117,-0.1434953989027958,0.6791064299722532,0.0,GBPCAD_otc,1785746280,1m,DOWN,1
0.5150000000000026,0.3317486138208745,-0.06039433276201959,0.7071067811865476,-0.7071067811865475,50.0,0.1,0.06737359339229691,0.006938570798090245,0.6981132062299448,0.15400000000000774,274.9999999999943,124.00000000000091,4.0,0.3161764703557544,0.26637939476982664,-0.22641509391242032,0.6981132062299448,0.0,LINK_otc,1785748140,1m,DOWN,0
0.10504214285714499,0.08906167208335423,0.025909646243795312,0.7071067811865476,-0.7071067811865475,50.0,0.1,0.23392620672849376,0.259896462424924,0.37810797237193233,0.07692600000000027,1252.5000000000118,4062.000000000054,4.0,0.9354392743424056,0.38904305605572637,-0.2898464572073028,0.37810797237193233,0.0,EURNZD_otc,1785748440,1m,DOWN,1
0.44857142857141447,0.24118867675401856,0.011877052728583096,0.7071067811865476,-0.7071067811865475,50.0,0.1,-0.0918992739388624,-0.0800331361355022,0.4328358202495558,0.1980000000000018,112.00000000000045,70.99999999999795,4.0,0.6043956037314046,0.2288387064320474,0.05970149244815608,0.4328358202495558,1.0,COKE_otc,1785749040,1m,UP,1
0.5107142857142922,0.3831886170805869,-0.025218697217006158,0.7071067811865476,-0.7071067811865475,50.0,0.1,-0.1580182657993668,-0.18319711286837345,0.4174757277500412,0.24400000000000546,167.0000000000016,75.99999999999909,15.0,0.8417266180994969,0.3495096806629347,0.04854368927327087,0.4174757277500412,1.0,COKE_otc,1785750300,1m,UP,1
0.5178571428571266,0.37798773168570543,0.04036322813865059,0.7071067811865476,-0.7071067811865475,50.0,0.1,-0.05998916558940726,-0.019650151014521996,0.22727272675625118,0.26199999999996637,117.999999999995,181.99999999999932,5.0,0.8211382107145864,0.24025783767898404,0.11363636337812559,0.22727272675625118,1.0,VISA_otc,1785750300,1m,UP,0
0.105991428571428,0.10740989779788193,0.000492461006301931,0.7071067811865476,-0.7071067811865475,50.0,0.1,0.23626428807013478,0.2367579125859273,0.8270045113847846,0.0674580000000006,1433.3999999999492,3496.000000000023,6.0,0.3712022987114514,0.6337518872500686,-0.03684359093132838,0.8270045113847846,0.0,EURCAD_otc,1785750660,1m,DOWN,1
0.4492857142857076,0.2667138232470248,-0.005604086466512753,0.49999999999999994,-0.8660254037844387,50.0,0.1,0.04216685834364521,0.03656040880993067,0.2142857137754715,0.3579999999999927,89.00000000000432,153.99999999999636,2.0,0.9780219769472478,0.22828186538837655,-0.238095237528422,0.2142857137754715,0.0,COKE_otc,1785751320,1m,DOWN,1
0.5085714285714283,0.47838613765812654,0.2832010078080042,0.49999999999999994,-0.8660254037844387,50.0,0.1,8.389324376232652,8.69628403522243,0.6451612892819975,0.484,18800.000000000007,19599.99999999999,19.0,0.8461538453402366,9.602954754422635,-0.24193548348074942,0.6451612892819975,0.0,FORD_otc,1785751440,1m,DOWN,0
0.45214285714285857,0.23625861230143289,-0.8284782485070471,0.49999999999999994,-0.8660254037844387,50.0,0.1,-1.061312043304774,-1.8809975523842553,0.40816326447312584,0.1759999999999991,36599.99999999996,1600.0000000000368,8.0,0.4444444440329196,2.803010640986162,0.0612244896709725,0.40816326447312584,1.0,SHIBA_otc,1785752580,1m,UP,1
0.5157142857142877,0.5350629006134623,-0.10227035425714355,0.49999999999999994,-0.8660254037844387,50.0,0.1,0.030551786560612606,-0.07174981311687836,0.7411764697162379,0.31600000000000816,377.00000000000387,79.99999999999545,3.0,0.03797468349620179,0.15563742390480648,-0.07058823521107345,0.7411764697162379,0.0,LINK_otc,1785753780,1m,DOWN,0
0.4714285714285716,0.26783318574297166,-1.7488466511216387,0.49999999999999994,-0.8660254037844387,50.0,0.1,-5.166025498899813,-6.8245262860878535,0.3124999996093751,0.292,24500.0,5499.999999999998,1.0,0.5849056598255605,19.064748198009948,0.18749999976562548,0.3124999996093751,1.0,SPACEX_otc,1785753960,1m,UP,0
0.4364285714285719,0.48507901247436275,-0.34521762235810405,0.49999999999999994,-0.8660254037844387,50.0,0.1,0.30002771382149884,-0.04622565707667514,0.3283582084651451,0.18200000000000074,12899.99999999999,24900.00000000002,2.0,0.865853657480667,1.816570668989443,-0.28358208912897787,0.3283582084651451,0.0,GOLD_otc,1785754020,1m,DOWN,0
0.517857142857151,0.479306389578548,-0.05322922842910115,0.49999999999999994,-0.8660254037844387,50.0,0.1,0.1615201048339056,0.10820490049924349,0.9016393427841963,0.4360000000000014,281.9999999999993,173.00000000000182,7.0,0.5106382973291288,0.22768008525837352,-0.09836065557645947,0.9016393427841963,0.0,PETROLEO_otc,1785754620,1m,DOWN,1
0.09384571428571371,0.10017419734893183,0.021497683818394415,0.258819045102521,-0.9659258262890682,50.0,0.1,0.21437284160777345,0.2359166106218492,0.809695779834756,0.04998599999999982,1203.7999999999727,3800.0000000000255,9.0,0.9810841509435804,0.5254253694703344,-0.1837755218255957,0.809695779834756,0.0,EURNZD_otc,1785755340,1m,DOWN,1
0.40857142857143863,0.36079963088736033,-0.009633674146168945,0.258819045102521,-0.9659258262890682,50.0,0.1,0.08538178795036862,0.07573988840096836,0.5357142838010857,0.21799999999998362,220.99999999999795,137.00000000000045,13.0,0.9917355363704272,0.2371433051108625,-0.24999999910709209,0.5357142838010857,0.0,VISA_otc,1785756180,1m,DOWN,0
0.44928571428571473,0.2893683913861878,-0.0642298839784275,0.258819045102521,-0.9659258262890682,50.0,0.1,-0.62643995094699,-0.6902674732717298,0.37704917970975066,0.26799999999999785,25199.99999999996,14800.000000000038,5.0,0.6635514012490179,1.9042534258426016,0.31147540932545836,0.37704917970975066,1.0,NVIDIA_otc,1785756300,1m,UP,1
0.11166928571428462,0.09662527722096767,-0.2173734664837811,0.258819045102521,-0.9659258262890682,50.0,0.1,-0.2654084008908885,-0.482204939933314,0.19797775130484557,0.09063400000000002,6942.500000000038,364.29999999995744,1.0,0.6846976682926269,0.6705214485554942,0.12861475978535938,0.19797775130484557,1.0,GBPNZD_otc,1785756360,1m,UP,1
0.5442857142857227,0.36908633840138577,0.009120325760437815,0.258819045102521,-0.9659258262890682,50.0,0.1,-0.16495665856678224,-0.15585137739096927,0.8932038826279413,0.42799999999999727,162.99999999999955,86.00000000000136,15.0,0.9166666658179231,0.23111491547136162,0.04854368927327087,0.8932038826279413,1.0,SPOTIFY_otc,1785757500,1m,UP,0
0.49357142857143443,0.28921264798130114,-0.025608716602361196,0.258819045102521,-0.9659258262890682,50.0,0.1,-0.013159401397805567,-0.03876474804635623,0.08749999989061523,0.14400000000000546,193.00000000000068,122.99999999999613,0.0,0.5123966937913731,0.29388905081051214,0.6874999991405584,0.08749999989061523,1.0,PETROLEO_otc,1785757800,1m,UP,0
0.48857142857142677,0.4772707435595178,-0.01433470047452258,0.258819045102521,-0.9659258262890682,50.0,0.1,-0.06698130986440647,-0.08130640876878606,0.773333332302201,0.3519999999999982,249.0000000000009,79.00000000000205,1.0,0.904347825300558,0.22608866607643235,0.1999999997333788,0.773333332302201,1.0,VISA_otc,1785758160,1m,UP,0
0.5114285714285813,0.3731400762650553,-0.09182583875940527,1.2246467991473532e-16,-1.0,50.0,0.1,-0.08837523029339923,-0.18011991775633202,0.9333333317778346,0.20599999999999455,602.0000000000039,33.9999999999975,6.0,0.3051948049966148,0.32426513939120716,0.04999999991662404,0.9333333317778346,1.0,PAYPAL_otc,1785758760,1m,UP,0
0.12058857142857134,0.0917193307473762,0.7553277653937206,1.2246467991473532e-16,-1.0,50.0,0.1,1.0412781574482486,1.804470985880156,0.3330108746551015,0.043104000000000295,275.8000000000038,8348.099999999991,5.0,0.9992213989871349,2.7324669044864165,-0.32744860151275257,0.3330108746551015,0.0,CHFJPY_otc,1785759300,1m,DOWN,0
0.49142857142857516,0.30907252249021516,0.01036226738062541,1.2246467991473532e-16,-1.0,50.0,0.1,-0.08081616638967322,-0.07046227339629586,0.5384615374261112,0.19599999999999226,133.0000000000041,290.9999999999968,3.0,0.5686274504229087,0.2522816650583609,0.1730769227440408,0.5384615374261112,1.0,PRATA_otc,1785759480,1m,UP,0
0.5092857142857099,0.41165439473833626,0.024320367212880264,1.2246467991473532e-16,-1.0,50.0,0.1,-0.03828388867921722,-0.013972832248647107,0.2399999995200091,0.14799999999999044,97.99999999999613,125.99999999999909,2.0,0.2871287125870241,0.228336309994282,0.05999999988005912,0.2399999995200091,1.0,MICROSOFT_otc,1785759720,1m,UP,1
0.440714285714295,0.25566547516124005,-0.01582429599201572,-0.2588190451025208,-0.9659258262890683,50.0,0.1,0.07237369110486451,0.056537942485748,0.46987951750616186,0.3339999999999804,125.99999999999909,185.00000000000227,9.0,0.7096774185917053,0.2672337001802633,-0.3132530116707746,0.46987951750616186,0.0,NIKE_otc,1785762840,1m,DOWN,1
0.10368928571428628,0.08453304948341951,-0.16022050061026602,-0.2588190451025208,-0.9659258262890683,50.0,0.1,0.0714647831592425,-0.08887021868436132,0.27447314285399554,0.03380200000000002,7113.799999999983,2316.199999999995,4.0,0.32103364781011046,0.6271123503023845,-0.35163153719186074,0.27447314285399554,0.0,EURJPY_otc,1785764640,1m,DOWN,1
0.09347428571428651,0.08673874975702503,-0.09463843691526426,-0.2588190451025208,-0.9659258262890683,50.0,0.1,0.1742358934673171,0.07943256242593003,0.6182908201533214,0.05585199999999872,2724.6999999999844,4598.200000000005,2.0,0.9589903750917702,0.561066242860459,-0.015226493954794086,0.6182908201533214,0.0,GBPCAD_otc,1785765120,1m,DOWN,0
0.09339285714285696,0.08981541168734804,-0.10559425818218475,-0.4999999999999997,-0.8660254037844388,50.0,0.1,-0.2817219565092724,-0.38701873248134483,0.34272657512985477,0.048073999999998306,3996.099999999956,1139.300000000034,3.0,0.6162287226925045,0.8043923327886633,0.0679360233368743,0.34272657512985477,1.0,EURCHF_otc,1785765780,1m,UP,0
0.6428571428571429,0.6836424745183726,0.3608354852406704,-0.4999999999999997,-0.8660254037844388,50.0,0.1,0.651281595002528,1.0144671353468089,0.3043478247637105,0.3139999999999986,7600.000000000051,26099.999999999993,2.0,0.4021739126063369,1.46310432567648,-0.04347826068055213,0.3043478247637105,0.0,NVIDIA_otc,1785766020,1m,DOWN,0
0.2621428571428664,0.1173727972824072,-0.005728704752554306,-0.4999999999999997,-0.8660254037844388,50.0,0.1,-0.02615614267898604,-0.03188334902335161,0.7037037010974326,0.08800000000001092,131.00000000000023,27.99999999999727,0.0,0.5999999984999715,0.08952952235980546,0.1851851844993687,0.7037037010974326,1.0,AMZN_otc,1785766200,1m,UP,0
0.08894785714285725,0.09615135186212419,-0.19997130847120725,-0.4999999999999997,-0.8660254037844388,50.0,0.1,0.5173813276438823,0.31637540496199984,0.36696395051130043,0.07313200000000038,3045.800000000014,2470.2999999999874,6.0,0.9634360824114759,1.224733711661038,-0.46376811163352,0.36696395051130043,0.0,NZDJPY_otc,1785767160,1m,DOWN,1
0.6035714285714359,0.6861871077861438,0.036599323060924234,-0.4999999999999997,-0.8660254037844388,50.0,0.1,0.07575223074811906,0.11237927861270065,0.2972972964938243,0.1980000000000018,168.99999999999977,218.00000000000068,1.0,0.46153846109468294,0.2561576354673544,-0.3243243234477804,0.2972972964938243,0.0,PETROLEO_otc,1785767760,1m,DOWN,1
0.5292857142857201,0.35102440344746993,0.0025369216533876605,-0.7071067811865471,-0.7071067811865479,50.0,0.1,-0.08512838120225613,-0.08259361918920437,0.8043478243384199,0.22000000000000455,207.9999999999984,254.00000000000205,2.0,0.8969072155701783,0.2021085969075314,0.13043478232515252,0.8043478243384199,1.0,SPOTIFY_otc,1785771120,1m,UP,1
0.3149999999999937,0.2146259202202822,0.01690698753660123,-0.7071067811865471,-0.7071067811865479,50.0,0.1,-0.011825186410559543,0.005079801843249074,0.238095237528422,0.17600000000001045,60.000000000002274,119.99999999999886,0.0,0.3725490188773571,0.11398431039466533,0.2142857137754715,0.238095237528422,1.0,AMZN_otc,1785771300,1m,UP,0
0.5114285714285712,0.579319893025763,-0.257720029766551,-0.7071067811865471,-0.7071067811865479,50.0,0.1,-1.2935167393869218,-1.5479031174276894,0.5652173904851949,0.43799999999999956,19400.000000000047,20999.99999999994,16.0,0.7307692302071044,2.8502521376266055,0.3768115936567932,0.5652173904851949,1.0,GOLD_otc,1785772260,1m,UP,1
0.5528571428571428,0.49980710564933856,2.1829185127928086,-0.8660254037844385,-0.5000000000000004,50.0,0.1,-7.279840759338846,-5.255835238183481,0.6304347819234406,0.34599999999999975,64800.0,31200.000000000007,10.0,0.9999999993975903,15.441860463679827,0.05434782602788358,0.6304347819234406,1.0,ETHEREUM_otc,1785772800,1m,UP,1
0.09891357142857109,0.09137093322217067,0.027008704832806162,-0.8660254037844385,-0.5000000000000004,50.0,0.1,-0.011843243681944103,0.015162262444133375,0.2876295362879201,0.0498660000000001,2404.899999999941,2396.799999999999,1.0,0.9114660666699823,0.2908236600623866,0.35408362668251636,0.2876295362879201,1.0,EURCAD_otc,1785773460,1m,UP,0
0.46214285714287534,0.4393432910812575,0.014504023696525198,-0.8660254037844385,-0.5000000000000004,50.0,0.1,-0.05380379701979577,-0.03930757703873995,0.38461538412221513,0.26399999999998724,176.99999999999818,106.00000000000023,3.0,0.716417909913131,0.2795977131405158,0.28205128168970217,0.38461538412221513,1.0,SPOTIFY_otc,1785773880,1m,UP,1
0.09801428571428568,0.06570069377506324,0.015288878228321168,-0.8660254037844385,-0.5000000000000004,50.0,0.1,-0.18944833430564445,-0.17418842060246087,0.6511599397003197,0.08432599999999865,3780.1999999999935,1960.4999999999961,6.0,0.7894348334593226,0.47022646877052315,0.32919140399590935,0.6511599397003197,1.0,EURJPY_otc,1785774060,1m,UP,0
0.4471428571428565,0.49562703098886546,-1.874267701517243,-0.8660254037844385,-0.5000000000000004,50.0,0.1,0.6667850015401872,-1.2199800358994852,0.49999999874999107,0.28999999999999915,108500.00000000001,10799.999999999982,1.0,0.9035087711372735,2.230483271331825,-0.1499999996250062,0.49999999874999107,0.0,NVIDIA_otc,1785774060,1m,DOWN,1
0.4371428571428656,0.35167183126379975,0.01700944447643392,-0.9659258262890683,-0.25881904510252063,50.0,0.1,-0.09872772689133569,-0.0817350754527902,0.30769230690337546,0.20999999999997954,126.99999999999818,205.00000000000114,5.0,0.8865979372303006,0.24123952348917282,0.025641025575402748,0.30769230690337546,1.0,PRATA_otc,1785776400,1m,UP,1
0.4757142857142794,0.25562786241774754,0.035115116398881464,-0.9659258262890683,-0.25881904510252063,50.0,0.1,-0.059001681382307006,-0.02390728349252023,0.29787233979175065,0.3199999999999818,79.99999999999545,268.0000000000007,1.0,0.31111111076540965,0.2216421218533618,0.21276595699417672,0.29787233979175065,1.0,PETROLEO_otc,1785776460,1m,UP,1
0.5792857142857193,0.6671392098451258,0.09650312743744091,-0.9659258262890683,-0.25881904510252063,50.0,0.1,-0.10069642120091153,-0.004290468959147068,0.6526315782604004,0.34199999999998454,144.99999999999886,223.00000000000182,4.0,0.5925925922267804,0.3451361370310949,0.17894736823270588,0.6526315782604004,1.0,PAYPAL_otc,1785776640,1m,UP,1
0.3149999999999937,0.3518780069604389,0.003773282401993107,-0.9659258262890683,-0.25881904510252063,50.0,0.1,0.06319598002544823,0.06697164699023439,0.5416666644096828,0.10399999999999636,84.99999999999659,115.00000000000341,14.0,0.9710144913463821,0.15439004743543672,-0.24999999895833333,0.5416666644096828,0.0,AMZN_otc,1785776940,1m,DOWN,1
0.4385714285714286,0.23246528745719058,-0.9712215293644612,-0.9659258262890683,-0.25881904510252063,50.0,0.1,0.5217339276408356,-0.4545547939548723,0.06382978709823707,0.11600000000000107,53800.00000000002,8299.999999999982,7.0,0.40196078391964446,2.665969681059426,-0.4042553182888146,0.06382978709823707,0.0,GOLD_otc,1785778020,1m,DOWN,1
0.5392857142857069,0.5296468862225683,0.0009723675933137482,-0.9659258262890683,-0.25881904510252063,50.0,0.1,-0.0777598367695234,-0.076788225287663,0.8333333313492063,0.267999999999995,177.99999999999727,161.00000000000136,6.0,0.5754189940919411,0.35022500489071834,0.023809523752815132,0.8333333313492063,1.0,LINK_otc,1785778860,1m,UP,1
0.46142857142857097,0.21338326448925166,-0.5044118241075253,-0.9659258262890683,-0.25881904510252063,50.0,0.1,-0.5300735495162451,-1.031811619963544,0.36363636297520896,0.11400000000000006,51799.99999999999,4499.999999999957,0.0,0.4736842096952961,1.5459723351899666,0.12727272704132186,0.36363636297520896,1.0,GOLD_otc,1785779400,1m,UP,0
0.4857142857142987,0.5837624268988397,-0.008181253903373435,-1.0,-1.8369701987210297e-16,50.0,0.1,-0.11215281748516058,-0.12032489588177575,0.7826086945180086,0.3519999999999982,219.00000000000546,276.9999999999982,12.0,0.9642857135968894,0.26121352339677684,0.1304347824195308,0.7826086945180086,1.0,MASTERCARD_otc,1785780420,1m,UP,0
0.33214285714285957,0.24005608301748446,-0.0026701819943973377,-1.0,-1.8369701987210297e-16,50.0,0.1,0.04651544057259454,0.04384401653127842,0.7307692293639516,0.18600000000000136,33.9999999999975,186.00000000000136,1.0,0.9666666650555841,0.1338658218242849,-0.09615384596884032,0.7307692293639516,0.0,AMZN_otc,1785780960,1m,DOWN,1
0.4435714285714271,0.4087269166251274,0.05196717029508684,-1.0,-1.8369701987210297e-16,50.0,0.1,-0.07791972918139534,-0.02599305156466566,0.711111109530867,0.28600000000001274,193.99999999999977,131.99999999999932,6.0,0.9076923062958513,0.14668712764003214,0.11111111086422559,0.711111109530867,1.0,NETFLIX_otc,1785781260,1m,UP,1
0.09373785714285685,0.11384506972267538,-0.18725122742087671,-1.0,-1.8369701987210297e-16,50.0,0.1,0.10543112678728657,-0.08201752171258302,0.6740337433420047,0.04804800000000142,5814.099999999982,2262.399999999971,1.0,0.45967393918885624,0.42700106795520987,-0.06118671680798728,0.6740337433420047,0.0,EURCAD_otc,1785781560,1m,DOWN,0
0.5821428571428573,0.5400086486895344,-7.299978390337469,-1.0,-1.8369701987210297e-16,50.0,0.1,-8.174993278273728,-14.878198925885675,0.646341462626414,0.3219999999999999,64000.0,2699.9999999999955,1.0,0.5182481748041983,18.364611257591875,0.07317073161808398,0.646341462626414,1.0,FORD_otc,1785781860,1m,UP,0
0.08637357142857079,0.0560386367335982,-0.022879946746142216,-1.0,-1.8369701987210297e-16,50.0,0.1,-0.11047909380246451,-0.1333337629907791,0.26177272896955195,0.028981999999997753,14731.799999999992,2761.7000000000044,17.0,0.6253325820940473,0.29018629057131984,0.17384032942664707,0.26177272896955195,1.0,EURNZD_otc,1785781920,1m,UP,1
0.5435714285714458,0.5061886239139348,0.07930853852363477,-1.0,-1.8369701987210297e-16,50.0,0.1,-0.10471676380186307,-0.025491274613188803,0.785714284311239,0.41000000000001363,122.00000000000273,379.99999999999545,6.0,0.7938144321712842,0.18876736854359935,0.0714285713009479,0.785714284311239,1.0,LINK_otc,1785782760,1m,UP,1
0.5221428571428568,0.34697832212593727,-0.622626174058416,-1.0,-1.8369701987210297e-16,50.0,0.1,0.06989344184284486,-0.553167907078435,0.11627906949701888,0.2560000000000002,28999.999999999985,6400.0000000000055,0.0,0.3823529406141841,1.8323901912737157,-0.488372091887509,0.11627906949701888,0.0,GOLD_otc,1785783300,1m,DOWN,1
0.09319285714285692,0.08723860490756542,0.03184998848424345,-1.0,-1.8369701987210297e-16,50.0,0.1,-0.29089974763816184,-0.25914241069004185,0.19776975733402738,0.056418000000000745,2922.399999999996,4019.300000000001,12.0,0.9584602573665015,1.0810395462727198,0.5823220632614259,0.19776975733402738,1.0,EURCHF_otc,1785783420,1m,UP,1
0.5321428571428564,0.2835886588667774,-0.11743360125669362,-0.9659258262890684,0.2588190451025203,50.0,0.1,0.07620875359154318,-0.041314342348965825,0.8902439013533907,0.32600000000001045,489.9999999999977,116.0000000000025,1.0,0.5402298844364806,0.2192043135372049,-0.024390243872672846,0.8902439013533907,0.0,PRATA_otc,1785784260,1m,DOWN,1
0.10928571428571411,0.10264630405586546,-0.2592884372586618,-0.9659258262890684,0.2588190451025203,50.0,0.1,1.3065315105215958,1.0438553881270105,0.4117647034602095,0.06400000000000006,5899.999999999998,4000.000000000003,13.0,0.6363636334710752,2.202202201981768,-0.17647058719722816,0.4117647034602095,0.0,SOLANA_otc,1785787080,1m,DOWN,0
0.11832428571428519,0.1303437212936678,-0.00772677806686461,-0.8660254037844386,0.5000000000000001,50.0,0.1,-0.2784538174251365,-0.2861590799835099,0.46324695621865064,0.06545600000000178,5201.50000000001,4465.799999999973,11.0,0.82455001742215,0.7051353972815995,0.46040454481485515,0.46324695621865064,1.0,EURNZD_otc,1785787260,1m,UP,0
0.10658642857142857,0.09429932877482526,0.14086755832374312,-0.8660254037844386,0.5000000000000001,50.0,0.1,-0.1921542277362206,-0.051557352381305335,0.051637921709993005,0.07838200000000199,5861.90000000002,4688.999999999978,9.0,0.582823319773875,0.46106898916582856,0.7382385882412106,0.051637921709993005,1.0,GBPCAD_otc,1785788040,1m,UP,1
0.6142857142857159,0.6551038001822497,0.01876104055589637,-0.8660254037844386,0.5000000000000001,50.0,0.1,0.1348749888513927,0.15366133335864726,0.7926829258625607,0.35999999999997956,93.99999999999977,217.0000000000016,11.0,0.9484536072696222,0.23838781027220118,-0.03658536580900927,0.7926829258625607,0.0,SUI_otc,1785788160,1m,DOWN,1
0.5599999999999997,0.4038121911189324,-0.9374473524796303,-0.8660254037844386,0.5000000000000001,50.0,0.1,-1.2683544016625676,-2.1939115993837537,0.2749999996562471,0.2299999999999997,32599.999999999978,5399.999999999991,4.0,0.5486725658861303,3.06648575296969,0.13749999982812355,0.2749999996562471,1.0,GOLD_otc,1785788640,1m,UP,1
0.4764285714285726,0.2991829534106351,-0.03185806871548738,-0.8660254037844386,0.5000000000000001,50.0,0.1,-0.06105083860814958,-0.09288945770552179,0.24999999921888322,0.21000000000001365,418.0000000000007,63.999999999998636,4.0,0.5172413787157988,0.19831319808480086,0.24999999921870558,0.24999999921888322,1.0,MICROSOFT_otc,1785788640,1m,UP,1
0.12337857142857114,0.11871737076018433,-0.5706282288149029,-0.8660254037844386,0.5000000000000001,50.0,0.1,-0.1676976850884855,-0.7373689835732045,0.5871833723368597,0.10725599999999957,15994.199999999984,2854.799999999997,1.0,0.31089004686444766,1.3488606765658624,0.3870406689839485,0.5871833723368597,1.0,NZDJPY_otc,1785789060,1m,UP,1
0.40999999999999254,0.2135943057934912,-0.023450641206869946,-0.8660254037844386,0.5000000000000001,50.0,0.1,0.07009132161261179,0.04662424354139332,0.5322580636577104,0.11800000000000636,157.9999999999984,110.00000000000227,10.0,0.7884615377033802,0.2249913464861913,-0.20967741901664047,0.5322580636577104,0.0,APPLE_otc,1785789300,1m,DOWN,0
0.43785714285714256,0.5095527019319931,0.04906746392468148,-0.8660254037844386,0.5000000000000001,50.0,0.1,-0.040744447187904986,0.008303024469851265,0.7692307677514625,0.1779999999999859,179.99999999999545,128.00000000000296,0.0,0.6811594193027093,0.2008207456555748,0.1346153843566098,0.7692307677514625,1.0,NIKE_otc,1785789600,1m,UP,0
0.5199999999999818,0.40355834858165046,0.05223847279861865,-0.8660254037844386,0.5000000000000001,50.0,0.1,0.09084901804765719,0.14313494898585646,0.6037735837664832,0.3280000000000086,34.99999999999659,253.00000000000296,6.0,0.7403846146727154,0.23591325650975514,-0.3207547163758738,0.6037735837664832,0.0,MICROSOFT_otc,1785790260,1m,DOWN,1
0.09428571428571456,0.0679042635705238,-0.3961434643203527,-0.8660254037844386,0.5000000000000001,50.0,0.1,0.36380489197225946,-0.033779761650519005,0.3846153831360936,0.030000000000000072,3300.0000000000005,2999.999999999989,3.0,0.8666666608888921,1.5015015013512045,-0.23076922988165888,0.3846153831360936,0.0,SOLANA_otc,1785790380,1m,DOWN,0
0.3314285714285664,0.1826378748301686,-0.021032864533005357,-0.7071067811865477,0.7071067811865474,50.0,0.1,0.03738157126709858,0.016340844318848306,0.8478260851134296,0.21399999999998726,153.99999999999636,50.0,0.0,0.7924528286934488,0.11841458510183399,-0.06521739116251447,0.8478260851134296,0.0,AMZN_otc,1785790800,1m,DOWN,1
0.3399999999999831,0.17768505265722992,-0.006588821646966803,-0.7071067811865477,0.7071067811865474,50.0,0.1,-0.023990326015699708,-0.03057756698287281,0.24999999947919627,0.203999999999985,157.9999999999984,27.99999999999727,2.0,0.6304347812381342,0.1028714554072258,0.3333333326388494,0.24999999947919627,1.0,AMZN_otc,1785791220,1m,UP,0
0.07495714285714301,0.05936112551797648,0.20859689940280982,-0.7071067811865477,0.7071067811865474,50.0,0.1,-0.3475642823900436,-0.13969239130373107,0.8800967998492883,0.05268400000000142,1852.000000000018,5601.199999999977,3.0,0.5293284186493119,0.935577942686338,0.04598771092927212,0.8800967998492883,1.0,NZDJPY_otc,1785792480,1m,UP,0
0.3000000000000073,0.29868944495966965,0.020114923668404033,-0.7071067811865477,0.7071067811865474,50.0,0.1,0.08143410742594995,0.10156541150290277,0.037037036899831635,0.17000000000000454,50.0,118.00000000000068,19.0,0.723404254549579,0.21008403361297534,-0.07407407379966327,0.037037036899831635,0.0,AMZN_otc,1785792840,1m,DOWN,1
0.4849999999999893,0.5167927295310183,-0.06095081674837342,-0.5000000000000004,0.8660254037844384,50.0,0.1,0.05805450513452026,-0.002931696308891871,0.6304347812382578,0.29200000000000725,362.00000000000045,1138.9999999999986,5.0,0.9639639630955099,0.26750855545315916,-0.26086956465030503,0.6304347812382578,0.0,SUI_otc,1785794700,1m,DOWN,0
0.5214285714285714,0.4013391046529213,-2.1388030291258424,-0.5000000000000004,0.8660254037844384,50.0,0.1,3.815470131733882,1.5950617118551236,0.2820512813280717,0.39000000000000024,28599.999999999993,13000.000000000007,2.0,0.9924812022612924,10.9105824437317,-0.07692307672583651,0.2820512813280717,0.0,ETHEREUM_otc,1785794820,1m,DOWN,1
0.3792857142857104,0.2588860328512765,0.004591972730706045,-0.5000000000000004,0.8660254037844384,50.0,0.1,0.02114989521424356,0.025742839142370418,0.333333332592761,0.09799999999997908,55.99999999999454,283.0000000000041,0.0,0.3636363631642294,0.13590073951157325,-0.28888888824687425,0.333333332592761,0.0,BITCOIN_otc,1785795000,1m,DOWN,0
0.47714285714285765,0.32232755840540583,0.05096049081029111,-0.5000000000000004,0.8660254037844384,50.0,0.1,-0.04818207750548913,0.002753859481622588,0.1951219509815214,0.14800000000000182,93.99999999999977,175.0,6.0,0.7701149416435603,0.2196470499123452,0.3170731703450936,0.1951219509815214,1.0,PRATA_otc,1785795660,1m,UP,1
0.5192857142857089,0.33280113193746746,0.0010322515997437576,-0.5000000000000004,0.8660254037844384,50.0,0.1,-0.16697474973180715,-0.16594422173158868,0.8607594925813654,0.23800000000002228,203.00000000000296,49.00000000000091,7.0,0.24778761040016478,0.3278498273701561,0.03797468349620179,0.8607594925813654,1.0,NIKE_otc,1785796620,1m,UP,1
0.42357142857142904,0.21114158577615155,-0.03191873107217931,-0.25881904510252157,0.9659258262890681,50.0,0.1,0.058825208154497266,0.026887700822324473,0.81034482618913,0.19600000000000364,331.9999999999993,122.00000000000273,0.0,0.5979381437134677,0.23535120708422105,-0.18965517208673216,0.81034482618913,0.0,SUI_otc,1785798600,1m,DOWN,0
0.5078571428571641,0.37976641164820113,-0.042923108989943386,-0.25881904510252157,0.9659258262890681,50.0,0.1,-0.07059631571059317,-0.11348912256700122,0.4807692298446388,0.22399999999998954,218.99999999999977,40.00000000000341,0.0,0.49367088545109145,0.1861188333407528,0.2692307687130808,0.4807692298446388,1.0,STARBUCKS_otc,1785799500,1m,UP,1
0.575714285714294,0.5489210194935211,-0.0014965145190891768,-0.25881904510252157,0.9659258262890681,50.0,0.1,0.11331798142189499,0.1118197710827611,0.8593749986572626,0.25799999999998136,261.00000000000136,205.00000000000114,11.0,0.9590163926565355,0.24114007866653805,-0.09374999985352118,0.8593749986572626,0.0,LINK_otc,1785800760,1m,DOWN,1
0.47785714285713865,0.39798945258300134,0.06206545160462911,-0.25881904510252157,0.9659258262890681,50.0,0.1,-0.0951340415310214,-0.033127635298898256,0.7333333317036869,0.27399999999998953,144.99999999999886,407.9999999999984,3.0,0.787037036308279,0.26979765176050113,0.1555555552098653,0.7333333317036869,1.0,PRATA_otc,1785801480,1m,UP,0
0.10183428571428596,0.10646440588356859,-0.3367157534205376,0.0,1.0,50.0,0.1,0.5373608769674719,0.19883574482146613,0.4141471683942265,0.058699999999999974,6589.100000000005,2982.8000000000006,6.0,0.7843825445680815,2.492035596869453,-0.23331431387500465,0.4141471683942265,0.0,CHFJPY_otc,1785801960,1m,DOWN,0
0.5814285714285623,0.413003604917678,0.04925551445877706,0.0,1.0,50.0,0.1,-0.08559687653282237,-0.036383523255942206,0.6124999992343777,0.29599999999999227,147.99999999999613,313.99999999999864,2.0,0.3999999996190584,0.2580169553992951,0.12499999984377665,0.6124999992343777,1.0,PETROLEO_otc,1785802020,1m,UP,1
0.5200000000000001,0.6302589734600234,-2.568213692032098,0.0,1.0,50.0,0.1,-4.936084006782933,-7.377528513502625,0.48611111043595706,0.3519999999999996,26300.000000000007,20399.99999999999,1.0,0.7142857137998058,13.854853910098514,0.4305555549575631,0.48611111043595706,1.0,ETHEREUM_otc,1785802860,1m,UP,0
0.0931828571428578,0.09653613449808196,-0.258597856007821,0.0,1.0,50.0,0.1,0.1302660286072662,-0.1286686925576397,0.34978201586036634,0.06565600000000131,6131.400000000013,2241.199999999992,1.0,0.5358460483991156,0.5960291047569902,-0.09098376135097427,0.34978201586036634,0.0,EURJPY_otc,1785802860,1m,DOWN,1
0.44714285714286056,0.32716984877122446,-0.021662307601133482,0.0,1.0,50.0,0.1,0.09175574762651688,0.07007356361309083,0.6790123448407377,0.19600000000000364,102.99999999999727,183.0000000000041,7.0,0.39999999959997723,0.22299527249972576,-0.1851851849565329,0.6790123448407377,0.0,MICROSOFT_otc,1785803220,1m,DOWN,1
0.1252835714285711,0.11262518940282315,-0.06739512395756948,0.0,1.0,50.0,0.1,0.5729749403585017,0.5051936592296318,0.693966621331513,0.09205200000000105,4574.199999999991,4265.200000000035,16.0,0.6229706295654442,0.6179053399632399,-0.04885384174269738,0.693966621331513,0.0,EURJPY_otc,1785803460,1m,DOWN,1
0.6414285714285716,0.2492053304073282,-4.425100968983899,0.0,1.0,50.0,0.1,2.5867833266360964,-1.9527854164002902,0.4555555550493827,0.358,36799.99999999999,7299.999999999995,2.0,0.7468354420926132,10.85164835015774,-0.21111111087654358,0.4555555550493827,0.0,FORD_otc,1785803820,1m,DOWN,0
0.08052857142857052,0.041056977770834835,-0.10701658189022369,0.25881904510252074,0.9659258262890683,50.0,0.1,-0.2399616921811296,-0.34672147527053515,0.3966523917219186,0.043968000000000985,6481.100000000026,1259.6999999999525,11.0,0.6262357125911979,0.852766918620857,0.15392314878537586,0.3966523917219186,1.0,GBPCAD_otc,1785805860,1m,UP,0
0.11428571428571413,0.1050170054259529,0.11898591851177483,0.25881904510252074,0.9659258262890683,50.0,0.1,0.9410864589271937,1.0611921378061129,0.4166666649305537,0.06400000000000006,1600.0000000000014,4299.999999999997,4.0,0.9199999963200016,2.540650406245869,-0.2916666654513898,0.4166666649305537,0.0,SOLANA_otc,1785806040,1m,DOWN,1
0.5764285714285832,0.5051302737536041,0.04090445701845842,0.25881904510252074,0.9659258262890683,50.0,0.1,-0.08775549630965586,-0.04688693520046676,0.03999999991996362,0.29199999999999593,156.99999999999932,175.9999999999991,6.0,0.6249999995117131,0.2856632744146521,0.2199999995600273,0.03999999991996362,1.0,MICROSOFT_otc,1785806460,1m,UP,0
0.4857142857142906,0.3291113576257291,-0.08339924897108601,0.25881904510252074,0.9659258262890683,50.0,0.1,-0.09117430713103013,-0.17449751741471425,0.7849462357151255,0.3940000000000282,369.99999999999886,37.000000000000455,0.0,0.852941175634391,0.24997549259814775,0.15053763424671796,0.7849462357151255,1.0,SUI_otc,1785806700,1m,UP,0
0.595714285714285,0.4192071270751942,-0.009194774615042447,0.25881904510252074,0.9659258262890683,50.0,0.1,0.2650712750023973,0.2558521276810492,0.7249999990937505,0.39799999999999897,13000.000000000113,13399.99999999989,2.0,0.19834710727409008,1.4553764734008177,-0.18749999976563278,0.7249999990937505,0.0,INTEL_otc,1785807420,1m,DOWN,0
0.42,0.20350770161354867,0.7444962907658389,0.25881904510252074,0.9659258262890683,50.0,0.1,2.3700250864498242,3.132166126074502,0.03797468349623377,0.0700000000000001,6200.000000000001,20000.0,2.0,0.4197530859015394,13.846153843786976,-0.11392405048870355,0.03797468349623377,0.0,SPACEX_otc,1785808620,1m,DOWN,1
0.6435714285714157,1.0931655818050594,-0.1905955683541,0.49999999999999994,0.8660254037844387,50.0,0.1,0.04505463054575683,-0.14562680993750168,0.7528089879182216,0.41999999999999316,376.9999999999982,151.99999999999818,1.0,0.8036809811020398,0.36770511403287204,-0.1235955054791234,0.7528089879182216,0.0,AVAX_otc,1785809460,1m,DOWN,0
0.11962714285714224,0.07417683773922924,0.08867619250365731,0.49999999999999994,0.8660254037844387,50.0,0.1,-0.1250539537923444,-0.03648865437348542,0.8494569504278469,0.0756520000000009,2260.5000000000073,5439.7999999999765,0.0,0.38755028599061886,0.4153569784461498,0.05148833415637182,0.8494569504278469,1.0,EURCAD_otc,1785809700,1m,UP,0
0.10482071428571427,0.06627741953691563,0.0665786746812679,0.49999999999999994,0.8660254037844387,50.0,0.1,-0.4782119478162287,-0.41195166031198444,0.23589174992248907,0.0524320000000003,6189.999999999997,2012.5999999999954,7.0,0.6728729640684749,1.7281265526479324,0.6198392849372936,0.23589174992248907,1.0,CHFJPY_otc,1785811620,1m,UP,1
0.0868707142857141,0.059823907839365205,0.10919929210426714,0.49999999999999994,0.8660254037844387,50.0,0.1,-0.04052067301363409,0.0686343708025463,0.07328244204883404,0.059223999999998965,1890.199999999993,5477.699999999998,8.0,0.07803597671058651,0.2797118901228888,0.7275763289353258,0.07328244204883404,1.0,EURCAD_otc,1785811680,1m,UP,1
0.4757142857142834,0.3501593041570071,0.0476335925214638,0.49999999999999994,0.8660254037844387,50.0,0.1,0.10311184287122044,0.1507945512677589,0.34883720849115,0.2559999999999832,95.99999999999795,281.0000000000002,9.0,0.4144736839378482,0.3748828491087242,-0.06976744169815069,0.34883720849115,0.0,COKE_otc,1785812040,1m,DOWN,1
0.5807142857143097,0.5027031327006892,-0.03165345386972206,0.7071067811865476,0.7071067811865476,50.0,0.1,0.050248723753765025,0.01857936442744945,0.7191011227875226,0.4099999999999909,112.99999999999955,237.00000000000045,3.0,0.44999999967857546,0.2681324574334545,-0.19101123574039378,0.7191011227875226,0.0,VISA_otc,1785812580,1m,DOWN,1
0.4735714285714242,0.5978059701811551,-0.12635962556540484,0.7071067811865476,0.7071067811865476,50.0,0.1,0.07206258172765394,-0.054388101846194734,0.8999999988750214,0.2980000000000132,365.9999999999968,72.00000000000273,2.0,0.6478873230311345,0.21000946521470645,-0.03749999995309036,0.8999999988750214,0.0,NIKE_otc,1785813720,1m,DOWN,0
0.5485714285714209,0.4616430284024214,-0.03789476321733113,0.7071067811865476,0.7071067811865476,50.0,0.1,0.13492305255510803,0.09697716056648556,0.015384615360933293,0.25399999999999634,202.00000000000387,123.99999999999523,5.0,0.8220338976084556,0.3490814424744725,-0.1999999996923077,0.015384615360933293,0.0,NIKE_otc,1785815700,1m,DOWN,0
0.09477999999999984,0.07895352877762968,0.09274135138061303,0.8660254037844386,0.5000000000000001,50.0,0.1,0.6396491638371121,0.7329837344963624,0.9233827431038709,0.053911999999999696,220.50000000000125,3954.1999999999784,2.0,0.738038680624222,1.4259585421262841,-0.031266846150505775,0.9233827431038709,0.0,NZDJPY_otc,1785816120,1m,DOWN,1
0.49571428571428705,0.23786712518876765,0.4678570466405383,0.8660254037844386,0.5000000000000001,50.0,0.1,-0.5365562213721278,-0.07120949082246708,0.7346938760516516,0.20800000000000124,9200.000000000016,16099.999999999993,1.0,0.7999999990588286,1.9371011850059783,0.18367346901290565,0.7346938760516516,1.0,SHIBA_otc,1785816660,1m,UP,1
0.42357142857142854,0.28367776952532003,3.1318154203377038,0.8660254037844386,0.5000000000000001,50.0,0.1,-1.4279822456005875,1.6591114065697126,0.24324324258582802,0.15799999999999984,8100.000000000005,31799.999999999996,6.0,0.8571428562009431,7.114933541273268,0.5945945929875822,0.24324324258582802,1.0,ETHEREUM_otc,1785817260,1m,UP,1
0.09290428571428423,0.07701487975074871,0.02368672051842083,0.8660254037844386,0.5000000000000001,50.0,0.1,-0.09220582821004686,-0.06854094822845584,0.6599578175205051,0.054298,3725.9999999999845,2746.700000000004,1.0,0.9755561240587486,0.3224059187188003,0.05501245821332576,0.6599578175205051,1.0,EURNZD_otc,1785817860,1m,UP,1
0.44071428571428484,0.16359458067992982,0.14951530847565245,0.8660254037844386,0.5000000000000001,50.0,0.1,0.7835406050272932,0.9342274266555841,0.5757575748852227,0.18800000000000097,5399.999999999991,24100.000000000036,8.0,0.648148147548008,2.4032042723096714,-0.2575757571854844,0.5757575748852227,0.0,SHIBA_otc,1785817980,1m,DOWN,1
0.44500000000000534,0.3155215459774305,-0.0016808914835891105,0.8660254037844386,0.5000000000000001,50.0,0.1,0.1290170625775537,0.12733400245714732,0.7499999986607397,0.29200000000001863,224.0000000000009,130.00000000000114,15.0,0.6734693870679014,0.24179023463462543,-0.14285714260201182,0.7499999986607397,0.0,COKE_otc,1785818100,1m,DOWN,0
0.47285714285714725,0.3285566169063802,-0.0012935507542516614,0.8660254037844386,0.5000000000000001,50.0,0.1,0.04348082745553142,0.04218671425470825,0.5918367340899353,0.32199999999999135,162.00000000000045,138.99999999999864,0.0,0.9411764694809571,0.21367521367468226,-0.22448979568931982,0.5918367340899353,0.0,PRATA_otc,1785818400,1m,DOWN,0
0.4699999999999948,0.3674832729164649,0.03091849651443427,0.8660254037844386,0.5000000000000001,50.0,0.1,-0.1056754627378685,-0.07478963948769746,0.9402985060592268,0.23399999999999183,264.0000000000043,89.99999999999773,6.0,0.5701754380963242,0.2816135965013637,0.029850746224075506,0.9402985060592268,1.0,COKE_otc,1785818760,1m,UP,0
0.547857142857148,0.34461716293174866,-0.01347949549677483,0.8660254037844386,0.5000000000000001,50.0,0.1,-0.0909194730457432,-0.10438671305624313,0.5483870950050668,0.20999999999999092,150.9999999999991,42.00000000000159,1.0,0.6608695646426945,0.2675538597546318,0.29032257970873737,0.5483870950050668,1.0,STARBUCKS_otc,1785818760,1m,UP,1
0.4799999999999999,0.30884399845826643,0.5015525853233145,0.9659258262890683,0.25881904510252074,50.0,0.1,-2.360901781625971,-1.8711903602253461,0.18181818126721908,0.17200000000000024,12400.000000000002,26799.999999999996,13.0,0.3839999996928003,8.759635598545225,0.39393939274564044,0.18181818126721908,1.0,ETHEREUM_otc,1785819780,1m,UP,1
0.09149499999999985,0.06289217989214561,0.03868013425559174,0.9659258262890683,0.25881904510252074,50.0,0.1,-0.6739152154189685,-0.6354957524734697,0.8699483542429127,0.09947799999999951,3657.0999999999995,1256.7000000000128,6.0,0.8624824832587138,1.4250679391716725,0.08565878577885284,0.8699483542429127,1.0,CHFJPY_otc,1785820260,1m,UP,1
0.451428571428575,0.27829642660664267,-0.014087964047887366,0.9659258262890683,0.25881904510252074,50.0,0.1,-0.05398823114649597,-0.06806858935178932,0.3999999994286202,0.12199999999999137,112.99999999999955,93.99999999999977,1.0,0.4927536224742355,0.17375538263913276,0.028571428530586723,0.3999999994286202,1.0,PRATA_otc,1785820260,1m,UP,1
0.08928999999999958,0.06552977212385044,0.1121403354005127,0.9659258262890683,0.25881904510252074,50.0,0.1,0.32101879094645147,0.43351911789583025,0.7966442876640094,0.06342600000000047,496.6999999999899,6278.100000000001,9.0,0.8694185008654958,0.8092777023191333,-0.09348034426193512,0.7966442876640094,0.0,EURCHF_otc,1785820440,1m,DOWN,1
0.3842857142857143,0.27743824181637355,-3.2279773207240736,0.9659258262890683,0.25881904510252074,50.0,0.1,-2.7358044722249883,-5.875470645046285,0.17647058771626142,0.10399999999999991,25700.0,1900.0000000000039,5.0,0.8137254893983087,13.315926891212012,0.47058823391003396,0.17647058771626142,1.0,FORD_otc,1785820800,1m,UP,1
0.0888450000000007,0.0848942846552949,-0.00691723636895084,0.9659258262890683,0.25881904510252074,50.0,0.1,-0.15044346932606367,-0.15735029916463958,0.12207602190458841,0.04855999999999909,3271.000000000015,2543.999999999968,13.0,0.5156523353047672,0.5794185141923016,0.28399122461019105,0.12207602190458841,1.0,EURCAD_otc,1785821280,1m,UP,1
0.5035714285714293,0.46660334471358406,0.9131739386170348,0.9659258262890683,0.25881904510252074,50.0,0.1,-1.928925019665537,-1.0333655216235516,0.6282051273997387,0.43599999999999994,18500.000000000015,34499.99999999999,9.0,0.7435897429541934,3.4666666665639565,0.28205128168967597,0.6282051273997387,1.0,GOLD_otc,1785821340,1m,UP,1
0.5242857142857142,0.4222545453864527,-1.5098361745629651,1.0,6.123233995736766e-17,50.0,0.1,5.330636953250594,3.740316893632831,0.06249999980468906,0.2880000000000001,14599.99999999999,27100.0,1.0,0.6013986009780427,18.404118401749788,-0.3437499989257801,0.06249999980468906,0.0,SPACEX_otc,1785824460,1m,DOWN,1
0.5257142857142948,0.3390751803769436,-0.009805123833239284,1.0,6.123233995736766e-17,50.0,0.1,0.030123088502262023,0.020315011062892692,0.32394366151558135,0.1880000000000109,101.99999999999818,163.99999999999864,3.0,0.36708860736259574,0.3118523635639723,-0.47887323876209065,0.32394366151558135,0.0,LINK_otc,1785824580,1m,DOWN,1
0.47499999999999837,0.40761231877431425,-0.03355421318040233,1.0,6.123233995736766e-17,50.0,0.1,0.13254116889188844,0.09894248256512432,0.44444444345690237,0.29200000000000725,266.9999999999959,168.00000000000068,11.0,0.7899159657227592,0.26876863311891547,-0.08888888869127942,0.44444444345690237,0.0,AVAX_otc,1785826260,1m,DOWN,1
0.28500000000000064,0.17127832217408195,0.02832965260739244,1.0,6.123233995736766e-17,50.0,0.1,-0.030667855247564487,-0.002346890737025824,0.653846151331445,0.12600000000001046,55.00000000000114,118.99999999999977,1.0,0.4821428562818533,0.12557743194123572,0.03846153831357583,0.653846151331445,1.0,AMZN_otc,1785826560,1m,UP,1
0.46142857142857097,0.331563893392514,-0.16306678634104302,1.0,6.123233995736766e-17,50.0,0.1,-1.2884765459569498,-1.4494422550017427,0.5671641782579557,0.2519999999999968,26400.000000000004,2300.0000000000396,11.0,0.3749999996093741,2.3639497660092625,0.1343283580084699,0.5671641782579557,1.0,SHIBA_otc,1785826560,1m,UP,1
0.4307142857142878,0.4074262557819324,-0.022622070790582295,0.9659258262890683,-0.25881904510252063,50.0,0.1,-0.13538806221334967,-0.15797950542065609,0.8421052620498537,0.34400000000001685,284.9999999999966,22.00000000000273,2.0,0.9999999991735536,0.2707540836870282,0.03947368415862663,0.8421052620498537,1.0,MICROSOFT_otc,1785827820,1m,UP,1
0.4557142857142874,0.3105790409430673,0.03776749704872122,0.9659258262890683,-0.25881904510252063,50.0,0.1,0.4112661992875918,0.4491890212859913,0.7058823515570852,0.16599999999999965,4800.000000000039,30000.0,6.0,0.31531531503125526,1.2257067137673832,-0.2156862740868864,0.7058823515570852,0.0,INTEL_otc,1785828060,1m,DOWN,0
0.09697357142857044,0.07596268249897054,-0.117770775181095,0.9659258262890683,-0.25881904510252063,50.0,0.1,0.26792832887941814,0.14984201242847212,0.6987109745401987,0.07025399999999707,3638.6999999999857,2540.1999999999703,3.0,0.9057632668768338,0.6377986999146185,-0.006755707355515899,0.6987109745401987,0.0,GBPNZD_otc,1785828180,1m,DOWN,1
0.47642857142857054,0.4728572258553113,-0.3400445619738529,0.9659258262890683,-0.25881904510252063,50.0,0.1,0.19732871127701823,-0.14338685624874525,0.04545454538567689,0.16000000000000086,12599.99999999998,8200.000000000002,5.0,0.5454545450037592,2.2308259586609376,-0.6060606051423334,0.04545454538567689,0.0,NVIDIA_otc,1785828300,1m,DOWN,1
0.11065214285714273,0.08783171357967354,-0.18737818654620245,0.9659258262890683,-0.25881904510252063,50.0,0.1,0.20082024426086895,0.013065764382752827,0.6968503879851538,0.0833500000000015,5759.899999999973,2357.3999999999983,1.0,0.9782689333294633,0.6312346492502298,-0.2505741449263714,0.6968503879851538,0.0,EURJPY_otc,1785828660,1m,DOWN,1
0.44642857142857195,0.6144845065506572,0.4561740461221354,0.9659258262890683,-0.25881904510252063,50.0,0.1,-0.7720354703962826,-0.319383249716952,0.35555555476543804,0.3060000000000002,14200.000000000016,13699.999999999975,2.0,0.8680555549527406,2.6490066224678217,0.08888888869135557,0.35555555476543804,1.0,NVIDIA_otc,1785829320,1m,UP,1
0.4507142857142869,0.3644595577634117,0.16045351559775708,0.8660254037844387,-0.4999999999999998,50.0,0.1,0.5461213890122192,0.7074511755780777,0.8275862054696638,0.19199999999999875,1900.0000000001194,17999.99999999997,3.0,0.4928571425050984,1.5360983102750105,-0.12068965496434128,0.8275862054696638,0.0,INTEL_otc,1785830880,1m,DOWN,0
0.5628571428571344,0.43622065688614886,0.015239079258099641,0.8660254037844387,-0.4999999999999998,50.0,0.1,0.09734122249183981,0.11259513565598578,0.2837837834003379,0.160000000000025,96.99999999999704,148.00000000000182,14.0,0.6530612240455358,0.34330554193151114,-0.3783783778670147,0.2837837834003379,0.0,STARBUCKS_otc,1785831240,1m,DOWN,1
0.10959857142857134,0.08112596509814309,0.045009484613083725,0.8660254037844387,-0.4999999999999998,50.0,0.1,0.2077941996594385,0.2528972113708448,0.01968243434190561,0.08663400000000081,1356.5000000000537,3290.699999999944,13.0,0.23322105026180298,0.7196145999551361,-0.27952364737815766,0.01968243434190561,0.0,EURJPY_otc,1785831480,1m,DOWN,1
0.12983214285714187,0.07777177709934338,-0.021574591819380554,0.8660254037844387,-0.4999999999999998,50.0,0.1,-0.2711774138751633,-0.29269350027439395,0.36884428544665615,0.0919719999999998,3391.2000000000116,1636.2999999999772,6.0,0.9444611703830538,0.6593086179632227,0.19405861504577365,0.36884428544665615,1.0,GBPCAD_otc,1785832260,1m,UP,1
0.470714285714286,0.3358800152275996,0.15489396514232526,0.8660254037844387,-0.4999999999999998,50.0,0.1,0.9363834807760207,1.0927278474206576,0.19999999933334278,0.2739999999999981,4199.999999999945,26000.000000000015,11.0,0.6707317064991126,1.7802865826795429,-0.366666665444446,0.19999999933334278,0.0,SHIBA_otc,1785832860,1m,DOWN,0
0.10177071428571592,0.06122293983169668,-0.10220510224323287,0.8660254037844387,-0.4999999999999998,50.0,0.1,-0.173906121610125,-0.27593348292395903,0.9487914160380208,0.04719999999999942,9761.900000000025,41.099999999971715,0.0,0.28086652891121766,0.5112220873455693,0.023673062251756784,0.9487914160380208,1.0,EURCAD_otc,1785833100,1m,UP,1
0.08635214285714252,0.09158217437162257,0.08395300409892492,0.8660254037844387,-0.4999999999999998,50.0,0.1,0.29824932343077887,0.38245271679642867,0.8988954919348757,0.05353199999999987,1029.1999999999746,3998.3000000000143,19.0,0.6209434770820927,0.9634600019597388,-0.06434437799859247,0.8988954919348757,0.0,GBPCAD_otc,1785833640,1m,DOWN,0
0.5635714285714316,0.39811920459592537,0.03819773342218493,0.7071067811865476,-0.7071067811865475,50.0,0.1,0.14553209651356183,0.18378541989801672,0.6739130420132674,0.253999999999985,24.00000000000091,252.00000000000387,7.0,0.3286713284415061,0.35734812704511415,-0.26086956465030503,0.6739130420132674,0.0,PRATA_otc,1785834420,1m,DOWN,1
0.08653000000000029,0.061814330757086415,-0.03186426679883253,0.7071067811865476,-0.7071067811865475,50.0,0.1,0.10880116073448598,0.07690222524351678,0.5249366920349131,0.06904799999999937,3946.499999999986,2154.4999999999704,2.0,0.9999999946997403,0.3461301377338917,-0.23219200576797142,0.5249366920349131,0.0,EURCAD_otc,1785835020,1m,DOWN,1
0.4885714285714227,0.37634812646807875,0.017724313041900946,0.7071067811865476,-0.7071067811865475,50.0,0.1,-0.17669553140802627,-0.15900253643524312,0.9418604640210803,0.34799999999999043,154.99999999999545,41.0000000000025,13.0,0.0659340658616116,0.20693105330133613,0.03488372088970391,0.9418604640210803,1.0,AVAX_otc,1785835080,1m,UP,1
0.5342857142857156,0.2721344205252847,0.048912755721904844,0.7071067811865476,-0.7071067811865475,50.0,0.1,0.04798584399953824,0.09692207092009966,0.49999999772740195,0.46200000000002317,38.999999999998636,329.00000000000205,0.0,0.22352941150172145,0.19730275527449448,-0.3636363619834476,0.49999999772740195,0.0,STARBUCKS_otc,1785835200,1m,DOWN,1
0.2907142857142893,0.15914089382458765,0.0312590277031448,0.7071067811865476,-0.7071067811865475,50.0,0.1,-0.012174277399184356,0.01908094474321557,0.3333333325925505,0.13199999999999362,31.000000000000227,118.00000000000068,1.0,0.8163265289462108,0.1097744024013512,0.3999999991111364,0.3333333325925505,1.0,AMZN_otc,1785835260,1m,UP,0
0.44428571428571423,0.2947125625500529,-0.0062150283681417055,0.7071067811865476,-0.7071067811865475,50.0,0.1,-0.39509761344777383,-0.40128808638715785,0.5797101440873867,0.16800000000000354,12400.000000000091,17299.999999999898,7.0,0.8823529401384143,0.9089936905046565,0.21739130403275458,0.5797101440873867,1.0,INTEL_otc,1785835320,1m,UP,1
0.26714285714285374,0.15691391886465725,0.009605430809002793,0.7071067811865476,-0.7071067811865475,50.0,0.1,-0.06323111204307319,-0.05363175485478746,0.9444444418210315,0.15399999999998498,62.000000000000455,87.00000000000045,11.0,0.26415094289781627,0.1187728301545806,0.027777777700595353,0.9444444418210315,1.0,AMZN_otc,1785835560,1m,UP,0
0.4692857142857147,0.2563865556792105,-0.12449982237443466,0.49999999999999994,-0.8660254037844387,50.0,0.1,-2.0010042015958813,-2.1230127772936243,0.6060606051423328,0.34400000000000014,13800.000000000007,3700.0000000000095,1.0,0.784313724721262,6.957708048638625,0.22727272692837516,0.6060606051423328,1.0,ETHEREUM_otc,1785838560,1m,UP,0
0.25928571428571395,0.289008346042922,-0.018688924792643953,0.49999999999999994,-0.8660254037844387,50.0,0.1,-0.08323080937431818,-0.10190417922359386,0.39999999900008526,0.167999999999995,320.00000000000455,32.99999999999841,5.0,0.892307690934918,0.1465680526739676,0.09999999974991473,0.39999999900008526,1.0,AMZN_otc,1785838800,1m,UP,1
0.4792857142857128,0.3486717340208862,-0.024768362031244752,0.49999999999999994,-0.8660254037844387,50.0,0.1,-0.10766215349065533,-0.1324038493699529,0.6666666646465794,0.2040000000000191,286.00000000000136,42.999999999995,8.0,0.5510204077884128,0.3272921583463407,0.030303030211176838,0.6666666646465794,1.0,NETFLIX_otc,1785838980,1m,UP,1
0.5271428571428572,0.6926827128346347,3.216732463098388,0.49999999999999994,-0.8660254037844387,50.0,0.1,-3.427926129237647,-0.32146087874947815,0.8636363623278239,0.36,13500.000000000005,12299.999999999995,1.0,0.722222221553498,15.211267603491372,0.0454545453856753,0.8636363623278239,1.0,SPACEX_otc,1785839460,1m,UP,1
0.46928571428571786,0.30751753264909043,0.017351146429509606,0.49999999999999994,-0.8660254037844387,50.0,0.1,-0.0530915458094814,-0.03574961137182689,0.09302325559781094,0.17800000000002,107.000000000005,206.99999999999363,4.0,0.33333333297486967,0.17993267035525107,0.09302325559754655,0.09302325559781094,1.0,MASTERCARD_otc,1785839940,1m,UP,1
0.412857142857145,0.36615690502217507,0.014559782081968533,0.258819045102521,-0.9659258262890682,50.0,0.1,-0.11137917339192073,-0.09683560787488277,0.6346153833950714,0.2740000000000009,153.00000000000296,107.99999999999841,6.0,0.5899999994099749,0.25133837685613053,0.1730769227440408,0.6346153833950714,1.0,SUI_otc,1785841260,1m,UP,0
0.30214285714285843,0.2218615049508959,-0.020714816791798492,0.258819045102521,-0.9659258262890682,50.0,0.1,0.036725637425195724,0.016003212984888982,0.3124999990233376,0.08399999999999182,83.00000000000409,62.999999999999545,3.0,0.6666666652777382,0.10809593514219958,-0.06249999980480962,0.3124999990233376,0.0,AMZN_otc,1785841680,1m,DOWN,0
0.5228571428571434,0.3553701057568114,-0.07132032991774784,0.258819045102521,-0.9659258262890682,50.0,0.1,0.9744870792952437,0.9024717419775367,0.11764705847750495,0.4459999999999994,18300.000000000055,11799.999999999996,18.0,0.3448275856123679,1.671469740585852,-0.6470588216263086,0.11764705847750495,0.0,GOLD_otc,1785841980,1m,DOWN,1
0.09248142857142838,0.05895576640726659,0.03668498194686758,0.258819045102521,-0.9659258262890682,50.0,0.1,0.3217472753560131,0.3585502902327596,0.7768243543410532,0.03166199999999932,297.4000000000032,3226.000000000013,12.0,0.999999995779166,0.7461986137831291,-0.16455311591955935,0.7768243543410532,0.0,EURCHF_otc,1785842220,1m,DOWN,1
0.11425857142857129,0.0877518386810236,0.1151433730512537,0.258819045102521,-0.9659258262890682,50.0,0.1,-0.3972099813674231,-0.28252396928681206,0.4002039221666681,0.1064239999999991,2398.699999999998,8541.89999999999,3.0,0.9863827139470173,1.4950138142983176,0.4515251894678601,0.4002039221666681,1.0,NZDJPY_otc,1785842280,1m,UP,1
0.44928571428571573,0.33261616986793396,-5.410044135271806e-05,0.258819045102521,-0.9659258262890682,50.0,0.1,-0.11041131666099759,-0.1104653573693407,0.7466666656711142,0.3759999999999991,122.99999999999613,166.0000000000025,10.0,0.6060606056014809,0.32962916718608987,0.11999999984004245,0.7466666656711142,1.0,PRATA_otc,1785842400,1m,UP,1
0.471428571428569,0.3990600218392401,-0.014267397794867033,0.258819045102521,-0.9659258262890682,50.0,0.1,0.1536047353646096,0.13931542217111634,0.5161290317031029,0.16400000000002138,230.00000000000114,158.9999999999975,13.0,0.7722772269581775,0.30188904830134267,-0.19354838688866358,0.5161290317031029,0.0,NIKE_otc,1785842580,1m,DOWN,1
0.4385714285714291,0.4315624564992931,-0.3907862268495099,0.258819045102521,-0.9659258262890682,50.0,0.1,0.46378937701590484,0.07119072515942564,0.06666666644445549,0.20199999999999818,33200.0,11700.000000000016,4.0,0.8461538455029568,2.8181226966655606,-0.4333333318889015,0.06666666644445549,0.0,SHIBA_otc,1785842940,1m,DOWN,1
0.6014285714285604,0.4563881133056324,0.006315821522310952,0.258819045102521,-0.9659258262890682,50.0,0.1,0.14611058113097533,0.15243563073681574,0.5483870950052502,0.4359999999999786,77.99999999999727,200.0,17.0,0.35443037929821763,0.17615448078985416,-0.12903225764834808,0.5483870950052502,0.0,NETFLIX_otc,1785843420,1m,DOWN,1
0.09714357142857162,0.07896867905539065,-0.04406521772296376,0.258819045102521,-0.9659258262890682,50.0,0.1,0.17241775290088873,0.12827655891971618,0.35036552250583736,0.06490999999999758,5437.5999999999885,2606.8000000000065,9.0,0.7124840615894975,0.4048165129085621,-0.060176990687382345,0.35036552250583736,0.0,EURCAD_otc,1785843540,1m,DOWN,0
0.10571428571428575,0.0873039404730214,0.020492782544349136,1.2246467991473532e-16,-1.0,50.0,0.1,0.5786516912002491,0.599263055577365,0.3333333296296297,0.036000000000000296,2599.9999999999977,2700.0000000000045,0.0,0.3333333305555556,1.6348773839734516,-0.11111110987653994,0.3333333296296297,0.0,SOLANA_otc,1785844800,1m,DOWN,1
0.1020614285714291,0.09771863206514331,-0.0506860205434453,1.2246467991473532e-16,-1.0,50.0,0.1,-0.16150570397575084,-0.21210986370490018,0.05283018772995864,0.04060400000000044,3511.8000000000648,1968.0999999999926,14.0,0.8846783981654417,0.6269875700727875,0.5275830992347503,0.05283018772995864,1.0,GBPNZD_otc,1785845040,1m,UP,1
0.09197857142856998,0.05573836943061412,-0.015714168927169626,1.2246467991473532e-16,-1.0,50.0,0.1,0.07728995635576111,0.06156364195428599,0.7382221117412091,0.019079999999999587,2067.199999999971,2849.7000000000126,0.0,0.23322838318460828,0.4467213879509456,-0.08292474775258803,0.7382221117412091,0.0,CADJPY_otc,1785845100,1m,DOWN,0
0.5121428571428572,0.32796827101186643,-0.1967976341658423,1.2246467991473532e-16,-1.0,50.0,0.1,-1.3636636071527568,-1.5577775836017418,0.7749999980624906,0.23599999999999993,16199.999999999975,4699.999999999988,0.0,0.3008130078855148,3.7148897612892036,0.1499999996250062,0.7749999980624906,1.0,GOLD_otc,1785846000,1m,UP,0
0.4142857142857151,0.5391568508494059,-0.06820961299719462,1.2246467991473532e-16,-1.0,50.0,0.1,0.027611239574878314,-0.040617206941974064,0.16129032206038926,0.12199999999999137,168.00000000000068,197.00000000000273,1.0,0.23655913953054805,0.27921220127213126,-0.2580645152965128,0.16129032206038926,0.0,NIKE_otc,1785846360,1m,DOWN,1
0.09048071428571346,0.06278566944307981,-0.00910650958127634,1.2246467991473532e-16,-1.0,50.0,0.1,-0.12473287674307795,-0.13382802751298267,0.843654354081799,0.05016199999999884,3629.1999999999543,1839.8000000000536,6.0,0.3108340838561688,0.5223260881699585,0.049684182785190725,0.843654354081799,1.0,EURNZD_otc,1785846660,1m,UP,1
0.10361785714285736,0.12265835614285923,0.23707840648547251,1.2246467991473532e-16,-1.0,50.0,0.1,0.3828476965485896,0.6208337522523059,0.7833484514265975,0.044272000000000845,282.49999999999886,6810.200000000037,4.0,0.6052907563015504,0.6899425918693282,-0.0644283116724795,0.7833484514265975,0.0,CADJPY_otc,1785846840,1m,DOWN,0
0.5428571428571435,0.4799753885748256,-0.01699517697656599,1.2246467991473532e-16,-1.0,50.0,0.1,-0.49462229636967464,-0.5115334114116071,0.36842105198522757,0.07399999999999948,16000.000000000013,31999.999999999956,0.0,0.4677419347294491,1.270752203294302,0.1403508769467498,0.36842105198522757,1.0,SHIBA_otc,1785847200,1m,UP,0
0.509285714285714,0.28202174333415275,0.2881637038688614,1.2246467991473532e-16,-1.0,50.0,0.1,1.1489135246429218,1.4403879802786446,0.551020407038738,0.3460000000000022,8599.999999999995,20000.0,1.0,0.9142857134149692,3.1010041345805885,-0.16326530578925033,0.551020407038738,0.0,GOLD_otc,1785847860,1m,DOWN,1
0.45428571428571524,0.21030067358566415,-0.041916519343949084,1.2246467991473532e-16,-1.0,50.0,0.1,0.07211220557765294,0.030165459307103553,0.5374999993281259,0.3040000000000077,449.0000000000009,98.00000000000182,9.0,0.7058823521107346,0.21729127255939715,-0.16249999979686702,0.5374999993281259,0.0,COKE_otc,1785848040,1m,DOWN,1
0.11285714285714299,0.11175916020730105,0.3627560500657509,1.2246467991473532e-16,-1.0,50.0,0.1,-1.0539740362123506,-0.6950413407290823,0.7777777734567896,0.07999999999999971,3699.999999999992,2800.0000000000023,0.0,0.5517241360285379,3.9295392948604966,0.1111111104938299,0.7777777734567896,1.0,SOLANA_otc,1785848100,1m,UP,0
0.08999999999999986,0.08850715498551828,0.8988445796584569,-0.2588190451025208,-0.9659258262890683,50.0,0.1,-0.3043199375729732,0.591789278821789,0.22222221975308207,0.027999999999999935,1699.9999999999902,6100.000000000003,2.0,0.4999999975,2.554278416021156,0.33333332962963297,0.22222221975308207,1.0,SOLANA_otc,1785850920,1m,UP,1
0.0963399999999994,0.07871369900702482,-0.050585382748378385,-0.2588190451025208,-0.9659258262890683,50.0,0.1,-0.3942128256258538,-0.4445987943075462,0.8095032327472687,0.09243399999999866,3838.399999999993,5321.399999999982,19.0,0.8994201197076208,0.8454543603774592,0.14263498796863094,0.8095032327472687,1.0,GBPCAD_otc,1785851040,1m,UP,0
0.5749999999999987,1.0501075298227815,-0.5439530351917495,-0.4999999999999997,-0.8660254037844388,50.0,0.1,0.02680155358200075,-0.5172972694739365,0.6746987943678198,0.3839999999999975,33100.00000000002,16399.99999999986,0.0,0.563025209610899,1.315934977315993,-0.13253012032226957,0.6746987943678198,0.0,INTEL_otc,1785852000,1m,DOWN,0
0.4721428571428622,0.41392320258274934,0.02381512100010223,-0.4999999999999997,-0.8660254037844388,50.0,0.1,-0.0767134524592915,-0.052916600860715805,0.6055045866004597,0.3579999999999927,123.00000000000182,98.00000000000182,5.0,0.7794117641327792,0.30281439258928244,0.3577981648093365,0.6055045866004597,1.0,MICROSOFT_otc,1785852000,1m,UP,1
0.49928571428571467,0.49297315086437815,0.7421128642128749,-0.4999999999999997,-0.8660254037844388,50.0,0.1,-2.896956908549254,-2.1763427342254262,0.45714285583673553,0.16600000000000037,15000.0,17699.999999999996,8.0,0.7763975150457161,16.164658632915188,0.3142857133877538,0.45714285583673553,1.0,SPACEX_otc,1785852480,1m,UP,0
0.49000000000000504,0.36529680840492423,-0.037417669906373324,-0.4999999999999997,-0.8660254037844388,50.0,0.1,-0.06666990382667709,-0.10406262740850966,0.33333333267966425,0.2259999999999877,191.9999999999959,57.000000000005,15.0,0.7547169804200874,0.2612768055206777,0.5294117636679053,0.33333333267966425,1.0,PRATA_otc,1785853800,1m,UP,0
0.46857142857142875,0.2119299075130144,0.7388738998123706,-0.4999999999999997,-0.8660254037844388,50.0,0.1,0.5939012050819173,1.3371632858893094,0.8939393925849394,0.2260000000000005,3900.0000000000055,63099.99999999995,0.0,0.8591549283673856,1.8056968463426855,-0.030303030257121517,0.8939393925849394,0.0,GOLD_otc,1785854100,1m,DOWN,0
0.46285714285715635,0.44683010512359506,0.0018344484453875496,-0.4999999999999997,-0.8660254037844388,50.0,0.1,0.15366773216682858,0.1555049995675399,0.7741935471384211,0.37400000000001227,113.99999999999864,174.0000000000009,11.0,0.628318583514797,0.27774364016153813,-0.16129032232053497,0.7741935471384211,0.0,PRATA_otc,1785854460,1m,DOWN,1
0.5414285714285724,0.34163472559016556,-0.6083296920405421,-0.4999999999999997,-0.8660254037844388,50.0,0.1,-0.8923616098783995,-1.4952628012856806,0.781249997558593,0.2480000000000004,25199.99999999996,3000.0000000000423,5.0,0.8118811873149652,2.2964984083152347,0.03124999990235971,0.781249997558593,1.0,SHIBA_otc,1785854700,1m,UP,1
0.4442857142857162,0.5266251664899821,-0.01346583960460706,-0.4999999999999997,-0.8660254037844388,50.0,0.1,-0.04115670098725561,-0.05461699849652117,0.11363636337826946,0.22400000000002365,244.00000000000546,93.99999999999409,3.0,0.547368420476409,0.1825904783867112,0.272727272107485,0.11363636337826946,1.0,VISA_otc,1785854880,1m,UP,1
0.5800000000000013,0.5041852310923123,0.41048268110121383,-0.7071067811865471,-0.7071067811865479,50.0,0.1,-0.9860304425092656,-0.579595245604938,0.7796610156276875,0.5599999999999994,15399.99999999999,21500.000000000055,6.0,0.6477987417309434,2.7909426013201584,0.08474576256823528,0.7796610156276875,1.0,NVIDIA_otc,1785855960,1m,UP,0
0.5021428571428552,0.37559622975384654,0.020160266634431045,-0.7071067811865471,-0.7071067811865479,50.0,0.1,-0.08358266924159585,-0.06343925309614408,0.7704918020155216,0.2379999999999768,125.99999999999909,281.9999999999993,1.0,0.35877862568034186,0.28965639234004903,0.08196721298039843,0.7704918020155216,1.0,AVAX_otc,1785856260,1m,UP,0
0.09910857142857056,0.07414637126811793,-0.03969801693377717,-0.7071067811865471,-0.7071067811865479,50.0,0.1,0.3060336103791983,0.26621410417094976,0.6450617252842388,0.08048800000000114,1339.400000000026,4434.200000000033,16.0,0.9762059559700778,1.035275310922697,-0.3108603380070221,0.6450617252842388,0.0,EURCHF_otc,1785856560,1m,DOWN,0
0.42428571428571715,0.344622743264858,-0.020318062920987028,-0.7071067811865471,-0.7071067811865479,50.0,0.1,0.2168358207434864,0.1964737009840055,0.2105263152354472,0.11999999999999886,31700.000000000015,14899.999999999947,1.0,0.2911392401378012,0.8982376350096917,-0.6052631563019341,0.2105263152354472,0.0,INTEL_otc,1785856560,1m,DOWN,0
0.4728571428571432,0.2535040151772988,0.04084538842926447,-0.7071067811865471,-0.7071067811865479,50.0,0.1,0.06469779657236921,0.10556961106794885,0.6265060233415491,0.3939999999999941,100.0,275.9999999999991,6.0,0.8446601933547255,0.20124262435972812,-0.20481927686168663,0.6265060233415491,0.0,MASTERCARD_otc,1785856560,1m,DOWN,0
0.12539857142857105,0.12504832149346892,0.09113873690778694,-0.7071067811865471,-0.7071067811865479,50.0,0.1,-0.33868237492341463,-0.24785230885426218,0.5809150542161309,0.10134199999999964,5420.800000000057,2542.8999999999746,5.0,0.8295751206760974,0.6068433142775199,0.37110781221020384,0.5809150542161309,1.0,CADJPY_otc,1785858300,1m,UP,0
0.6664285714285703,1.6390133724462295,-0.21027587235927964,-0.7071067811865471,-0.7071067811865479,50.0,0.1,-0.03623811659881135,-0.2464377889422863,0.5245901630745127,0.38400000000000317,387.99999999999955,106.00000000000023,0.0,0.43939393906109847,0.2833469282610998,-0.42622950749796,0.5245901630745127,0.0,SPOTIFY_otc,1785858300,1m,DOWN,1
0.08392357142857167,0.09771800373418456,-0.10707735484523856,-0.7071067811865471,-0.7071067811865479,50.0,0.1,-0.23000346194516308,-0.33683453516729833,0.28275630578625477,0.039661999999999864,4467.599999999976,753.6000000000342,19.0,0.9579991725375345,0.5584252247736745,0.23857825267352228,0.28275630578625477,1.0,EURJPY_otc,1785858540,1m,UP,1
0.10991285714285721,0.07626663552457975,-0.21038077859231735,-0.7071067811865471,-0.7071067811865479,50.0,0.1,-0.46585149725924585,-0.6752522138445453,0.4399406794368541,0.07284800000000011,3912.3000000000015,1616.8000000000047,3.0,0.36435386828305455,2.2850072584861096,0.40224913246261884,0.4399406794368541,1.0,CHFJPY_otc,1785859080,1m,UP,1
0.4571428571428572,0.36240042209440226,1.494599302448701,-0.7071067811865471,-0.7071067811865479,50.0,0.1,3.7646649123120004,5.315530870279648,0.5999999990769237,0.2639999999999997,7500.0,21600.0,19.0,0.8161764699881054,12.17547000786253,-0.39999999938461483,0.5999999990769237,0.0,FORD_otc,1785859140,1m,DOWN,0
0.43642857142857644,0.3475004940491567,-0.010777643979115578,-0.8660254037844385,-0.5000000000000004,50.0,0.1,0.07167598328951427,0.060890614328101215,0.43820224669864055,0.20999999999999092,273.0000000000018,131.00000000000023,6.0,0.8472222216338603,0.28644175684221634,-0.1460674155662774,0.43820224669864055,0.0,LINK_otc,1785859260,1m,DOWN,1
0.5207142857142857,0.2243427518993854,1.3734607604336662,-0.8660254037844385,-0.5000000000000004,50.0,0.1,-1.3624959408755926,-0.007748527552354178,0.2839506169333947,0.2360000000000003,9000.000000000004,22200.000000000004,3.0,0.641304347129017,8.770257387152501,0.33333333292181,0.2839506169333947,1.0,FORD_otc,1785860880,1m,UP,0
0.08692642857142932,0.05710316852819949,0.10868266059815014,-0.8660254037844385,-0.5000000000000004,50.0,0.1,0.05291885433504986,0.1616590285520494,0.35924558068812346,0.02986999999999824,1461.2000000000335,7381.600000000006,0.0,0.6344403392010064,0.3437235847834908,-0.41283304647409197,0.35924558068812346,0.0,EURJPY_otc,1785861600,1m,DOWN,0
0.6599999999999966,0.6210749278219792,0.0783199964405109,-0.8660254037844385,-0.5000000000000004,50.0,0.1,-0.05407744436227642,0.024200198625734817,0.09523809478474807,0.1759999999999991,162.00000000000045,341.9999999999959,0.0,0.13084112137307993,0.22849577176000793,0.5714285687074057,0.09523809478474807,1.0,PAYPAL_otc,1785861600,1m,UP,0
0.4535714285714287,0.2792966047501648,-0.6751597928119583,-0.8660254037844385,-0.5000000000000004,50.0,0.1,0.9418308360518888,0.2603121801186034,0.5967741925858511,0.3060000000000002,70299.99999999994,10000.0,10.0,0.8433734929597876,2.0970186962582824,-0.0967741933922912,0.5967741925858511,0.0,SHIBA_otc,1785862500,1m,DOWN,0
0.16458785714285717,0.14979973893622078,-0.243957791298367,-0.9659258262890683,-0.25881904510252063,50.0,0.1,0.7745047646453374,0.5286575086296409,0.9717374252947605,0.11452999999999988,6865.500000000004,5204.799999999991,1.0,0.6107748167944654,1.9385298885463433,-0.010158895479567952,0.9717374252947605,0.0,NZDJPY_otc,1785862860,1m,DOWN,1
0.5099999999999747,0.383174278268711,0.02523662740801733,-0.9659258262890683,-0.25881904510252063,50.0,0.1,0.08526019000753329,0.1105183342120302,0.49999999948985396,0.18800000000003364,46.99999999999136,325.9999999999991,0.0,0.5688073389276872,0.2087762646283101,-0.13265306108913782,0.49999999948985396,0.0,VISA_otc,1785864900,1m,DOWN,0
0.4842857142857144,0.27011698727970473,0.04229104982428909,-0.9659258262890683,-0.25881904510252063,50.0,0.1,0.015389264582031653,0.05768682268787273,0.2027027024287892,0.09600000000000364,43299.99999999998,9699.999999999987,3.0,0.4895833328233455,1.163354338328132,0.6486486477721063,0.2027027024287892,1.0,INTEL_otc,1785865980,1m,UP,0
0.46642857142856947,0.25372932719123603,0.0824397159035991,-1.0,-1.8369701987210297e-16,50.0,0.1,-0.04721044216981615,0.035190353579381314,0.4499999977499005,0.12200000000000273,86.00000000000136,532.9999999999984,1.0,0.6527777768711551,0.15955678670325357,0.24999999875007106,0.4499999977499005,1.0,MICROSOFT_otc,1785868860,1m,UP,1
0.11226000000000168,0.0770910150782515,0.21533091136338836,-1.0,-1.8369701987210297e-16,50.0,0.1,-0.15985417542043495,0.05513252049016813,0.7703931394623338,0.04453000000000031,2831.499999999991,4516.799999999961,0.0,0.5450187722896094,0.7308189936823106,0.12212991350736094,0.7703931394623338,1.0,CADJPY_otc,1785869100,1m,UP,0
0.5928571428571432,0.5841496120258479,-0.45477557130648066,-1.0,-1.8369701987210297e-16,50.0,0.1,1.3097380215253847,0.8490060816488938,0.7254901946559134,0.6260000000000006,34699.999999999985,20500.00000000004,0.0,0.19617224870996688,3.6196744024312553,-0.07843137239523124,0.7254901946559134,0.0,NVIDIA_otc,1785869400,1m,DOWN,1
0.08464714285714235,0.0793496728350421,-0.034911478737814555,-0.9659258262890684,0.2588190451025203,50.0,0.1,0.3716231672920729,0.3365819494112244,0.7606339182131269,0.05405400000000071,2546.3999999999487,2749.50000000004,11.0,0.8507663685519335,0.5989483212867004,-0.16326530490193897,0.7606339182131269,0.0,EURJPY_otc,1785870060,1m,DOWN,0
0.6428571428571439,0.5553303145517687,-0.10650485380022051,-0.9659258262890684,0.2588190451025203,50.0,0.1,-2.76277095496382,-2.866333323597621,0.3653846151503941,0.5160000000000011,31200.000000000044,11499.999999999985,15.0,0.9217877089822412,4.765708200086108,0.1089743589045,0.3653846151503941,1.0,SHIBA_otc,1785871500,1m,UP,1
0.10741428571428584,0.08372590424894577,0.3430597582649021,-0.9659258262890684,0.2588190451025203,50.0,0.1,0.7026612475438069,1.048131553785954,0.5275324629651056,0.07377600000000015,543.4999999999945,8828.000000000031,15.0,0.8099577106190354,0.8202827877000879,-0.07904761836321463,0.5275324629651056,0.0,NZDJPY_otc,1785872100,1m,DOWN,0
0.7135714285714252,0.9878804039112107,0.13988868827560413,-0.9659258262890684,0.2588190451025203,50.0,0.1,0.16721484004588424,0.3073374429678307,0.7543859635888176,0.39599999999999225,33.9999999999975,827.0000000000039,2.0,0.6482758616218822,0.31262801578164817,-0.01754385961832836,0.7543859635888176,0.0,NETFLIX_otc,1785872520,1m,DOWN,1
0.10396642857142879,0.10361766992540482,-0.18367258324453337,-0.9659258262890684,0.2588190451025203,50.0,0.1,-0.25738082477571256,-0.44058067001060425,0.9231292917332895,0.07636600000000157,9770.499999999984,112.90000000002465,14.0,0.9163608298647201,0.7126906186239683,0.018315516999289697,0.9231292917332895,1.0,EURNZD_otc,1785872640,1m,UP,1
0.10538214285714277,0.07257533654372232,-0.43686051388757746,-0.8660254037844386,0.5000000000000001,50.0,0.1,-0.3320838424000933,-0.7674936131072241,0.806384491699057,0.0813120000000012,40499.90000000001,6706.299999999956,5.0,0.744182822049008,0.6403123636264637,0.09386517599649588,0.806384491699057,1.0,GBPCAD_otc,1785873900,1m,UP,0
0.48571428571429465,0.3339614044547899,0.0333316069832893,-0.8660254037844386,0.5000000000000001,50.0,0.1,0.06716204138979587,0.10051603456076319,0.23529411695498778,0.1400000000000091,250.9999999999991,175.0,5.0,0.47580645122916465,0.27509095749340184,-0.588235292387553,0.23529411695498778,0.0,SPOTIFY_otc,1785873900,1m,DOWN,0
0.10494214285714369,0.08772749441972741,-0.21977323744260058,-0.8660254037844386,0.5000000000000001,50.0,0.1,0.15645045142347686,-0.06366662224121064,0.5735163811025531,0.0663420000000002,39400.40000000003,5697.299999999998,4.0,0.9909536497729436,0.6604141184807403,-0.22763507327160912,0.5735163811025531,0.0,GBPCAD_otc,1785874440,1m,DOWN,0
0.48214285714285715,0.5901969311869987,3.1078219378218552,-0.8660254037844386,0.5000000000000001,50.0,0.1,-0.5065754262931219,2.585503049298781,0.7249999981874972,0.15,6199.999999999992,60400.00000000001,0.0,0.5074626858097571,5.5463576154349035,0.12499999968750165,0.7249999981874972,1.0,FORD_otc,1785875100,1m,UP,0
0.10843571428571559,0.07809617863189366,0.15246484880114305,-0.5000000000000004,0.8660254037844384,50.0,0.1,0.21340043143999488,0.3661906408862739,0.5150061437269056,0.07298600000000022,245.69999999997094,12030.20000000002,13.0,0.8109958662612353,0.6166821491850123,-0.16223862039069079,0.5150061437269056,0.0,EURCAD_otc,1785882780,1m,DOWN,1
0.1050728571428566,0.1088268450016915,-0.3464487284757185,-0.5000000000000004,0.8660254037844384,50.0,0.1,-0.49859483525048376,-0.8433161882592313,0.678156051193084,0.07051200000000009,14845.39999999999,303.500000000021,7.0,0.9986480866363711,1.2161453911557008,0.1585958959759419,0.678156051193084,1.0,EURCHF_otc,1785883020,1m,UP,1
0.3685714285714304,0.5214181843791307,0.05705819066512352,-0.5000000000000004,0.8660254037844384,50.0,0.1,-0.07620090740463487,-0.019186195598546823,0.7906976725797021,0.22400000000000092,140.99999999999682,221.00000000000364,3.0,0.46923076886982884,0.2901332381094717,0.06976744169828288,0.7906976725797021,1.0,AMZN_otc,1785883380,1m,UP,1
0.4542857142857145,0.2683332764490153,0.6374261013771322,-0.5000000000000004,0.8660254037844384,50.0,0.1,0.8451641067681022,1.487977504761245,0.6857142837551049,0.1039999999999992,7500.0,63000.00000000001,1.0,0.45588235227075957,3.613177470583783,-0.17142857093877115,0.6857142837551049,0.0,ETHEREUM_otc,1785883860,1m,DOWN,1
0.52785714285715,0.3261867595927846,-0.012922172825862959,-0.25881904510252157,0.9659258262890681,50.0,0.1,-0.10193339119886954,-0.11484239201575452,0.27272727247929185,0.27200000000000274,150.9999999999991,98.00000000000182,13.0,0.4056603769758295,0.2058012658715492,0.1363636362397493,0.27272727247929185,1.0,MASTERCARD_otc,1785885180,1m,UP,0
0.5371428571428558,0.788062375512002,0.9836532125939209,-0.25881904510252157,0.9659258262890681,50.0,0.1,-0.32282730261173476,0.6576504088489156,0.7205882342344143,0.33999999999999775,13299.999999999982,43900.0,2.0,0.8428571422551034,1.6595542911135728,0.102941176319214,0.7205882342344143,1.0,INTEL_otc,1785885420,1m,UP,1
0.14183499999999988,0.12057071825789092,0.0296666463211876,-0.25881904510252157,0.9659258262890681,50.0,0.1,-0.19091975690958476,-0.16130975007743678,0.33652727877327165,0.06392199999999662,4105.299999999943,4727.100000000064,8.0,0.9999999977463773,0.7885557148690538,0.154425786527629,0.33652727877327165,1.0,EURCAD_otc,1785885480,1m,UP,0
0.11295214285714243,0.09193780404543221,0.03013629889693374,-0.25881904510252157,0.9659258262890681,50.0,0.1,-0.23473333514859746,-0.20466777619115484,0.6362960416607669,0.08034999999999996,4203.900000000047,4623.599999999968,3.0,0.7515342129967737,0.574406418348721,0.04048665062190352,0.6362960416607669,1.0,EURCAD_otc,1785886980,1m,UP,0
0.49428571428571544,0.36917267148419036,0.6728162980824708,0.0,1.0,50.0,0.1,0.22091118609535132,0.8952138106421589,0.6399999987201,0.2740000000000123,17.999999999994998,2460.0000000000023,10.0,0.5732484072781737,0.384747341076348,-0.29999999939995453,0.6399999987201,0.0,COKE_otc,1785888000,1m,DOWN,0
0.48499999999999993,0.5066746794231216,-3.2332921439569144,0.0,1.0,50.0,0.1,-2.0471629648389897,-5.21426434947977,0.3333333320987654,0.26799999999999996,42000.00000000001,1399.999999999988,2.0,0.9186046500946454,6.268221573887152,0.48148147969821375,0.3333333320987654,1.0,ETHEREUM_otc,1785888120,1m,UP,1
0.49285714285714377,0.2807730693474541,-0.868526832724242,0.0,1.0,50.0,0.1,-0.6140419611257336,-1.4772356746534123,0.4285714275510349,0.22399999999999948,38800.00000000002,7099.999999999937,0.0,0.2619047615929766,2.030456852742806,0.09523809501133544,0.4285714275510349,1.0,GOLD_otc,1785888300,1m,UP,1
0.4557142857142854,0.2002251485584703,-0.02214015948226416,0.0,1.0,50.0,0.1,-0.060621631224447345,-0.08274836898087766,0.79710144812031,0.31400000000001,274.0000000000009,31.999999999993634,11.0,0.19117647044765573,0.2522068095833936,0.08695652161303485,0.79710144812031,1.0,VISA_otc,1785888360,1m,UP,1
0.10594142857142888,0.07655318383781828,0.656163807686706,0.0,1.0,50.0,0.1,-0.8944023053725804,-0.24410724190884475,0.47503736210705416,0.0961979999999997,2583.4000000000046,7544.099999999999,8.0,0.6136447882326836,2.5984160931654636,0.1698056775813762,0.47503736210705416,1.0,CHFJPY_otc,1785890280,1m,UP,1
0.5692857142857081,0.3694843453172308,-0.02356946224050983,0.0,1.0,50.0,0.1,0.14131694917788146,0.1177141792923957,0.837499998953133,0.4839999999999918,146.99999999999704,142.0000000000016,5.0,0.7924528294411105,0.2961059277046319,-0.16249999979686702,0.837499998953133,0.0,NIKE_otc,1785890400,1m,DOWN,1
0.5235714285714234,0.3409585712129955,-0.0032791440401837486,0.0,1.0,50.0,0.1,-0.052212715434885405,-0.055490147344922754,0.7199999990400273,0.3240000000000123,164.00000000000432,232.9999999999984,4.0,0.14864864844778872,0.16944883332149818,0.09333333320887979,0.7199999990400273,1.0,STARBUCKS_otc,1785890640,1m,UP,1
0.08596642857143014,0.11006462693115987,-0.01775818998345881,0.25881904510252074,0.9659258262890683,50.0,0.1,-0.283002885917641,-0.3007108197109599,0.09656084539967762,0.06701599999999956,3458.4000000000256,2337.5000000000055,12.0,0.391246175874444,0.6623675233135841,0.14405964232734064,0.09656084539967762,1.0,GBPNZD_otc,1785892320,1m,UP,1
0.104395714285714,0.07369457822143156,-0.004860134939769751,0.25881904510252074,0.9659258262890683,50.0,0.1,-0.25774211156017207,-0.2625897198855234,0.8451297535799623,0.0766200000000005,4662.100000000002,924.9000000000151,3.0,0.18126414686895698,0.781074150335998,0.10498820268800532,0.8451297535799623,1.0,EURCHF_otc,1785893280,1m,UP,1
0.5399999999999997,0.3459474965172676,0.9301316354583968,0.25881904510252074,0.9659258262890683,50.0,0.1,-0.6535849833965741,0.27046745136664563,0.6206896544589783,0.4880000000000024,12899.99999999999,31700.000000000015,3.0,0.8318584063434842,2.817252555402219,0.3563218386708981,0.6206896544589783,1.0,SHIBA_otc,1785893580,1m,UP,1
0.4757142857142856,0.37987273751074424,1.8199563596201502,0.25881904510252074,0.9659258262890683,50.0,0.1,-10.790974306057414,-9.167408969585333,0.9142857129795912,0.33000000000000007,12999.999999999998,19300.0,5.0,0.6033057846253668,22.407407403257885,0.014285714265305815,0.9142857129795912,1.0,SPACEX_otc,1785894300,1m,UP,0
0.5207142857142831,0.2920606970108382,0.10793097361401516,0.25881904510252074,0.9659258262890683,50.0,0.1,0.09309603750100585,0.20112749057469193,0.8695652161310183,0.28199999999998226,23.00000000000182,742.999999999995,3.0,0.7441860456462677,0.19562794294899055,-0.11594202881753503,0.8695652161310183,0.0,AVAX_otc,1785894780,1m,DOWN,0
0.46357142857142924,0.33116842765604615,0.020678550366898342,0.49999999999999994,0.8660254037844387,50.0,0.1,-0.43959255409141323,-0.4190049050922218,0.5573770482666012,0.23800000000000238,21400.000000000004,10000.0,6.0,0.6216216210616003,1.3498723093597236,0.19672131115290023,0.5573770482666012,1.0,INTEL_otc,1785896460,1m,UP,1
0.134996428571429,0.25594856811703565,-0.2771405060525481,0.49999999999999994,0.8660254037844387,50.0,0.1,-0.2728134053804145,-0.5491978349807121,0.8566508224412517,0.1084939999999989,9680.800000000005,328.09999999997785,1.0,0.8746723576610275,0.37499451668582234,0.11213323402304998,0.8566508224412517,1.0,EURCAD_otc,1785896760,1m,UP,0
0.5107142857142859,0.6543665672968247,-2.461140222070372,0.49999999999999994,0.8660254037844387,50.0,0.1,3.040402880563874,0.5044340802869581,0.1609195400449195,0.2520000000000001,29300.000000000004,9100.000000000002,1.0,0.813725489398308,13.178294571940793,-0.126436781463866,0.1609195400449195,0.0,FORD_otc,1785897960,1m,DOWN,1
0.47857142857143586,0.4309311411769229,-0.059936718985253976,0.49999999999999994,0.8660254037844387,50.0,0.1,-0.10483306455613896,-0.1647069500420863,0.48484848337909037,0.2259999999999991,366.9999999999959,35.000000000002274,0.0,0.19540229862599165,0.24643797977439316,0.03030303021134387,0.48484848337909037,1.0,NIKE_otc,1785898200,1m,UP,0
0.09152857142857077,0.07522109937956714,-0.0800367541669324,0.7071067811865476,0.7071067811865476,50.0,0.1,-0.10604190630242082,-0.18599378796949204,0.07833501837933127,0.043139999999999644,7958.799999999967,534.7000000000435,2.0,0.2759086986194162,0.44852610201265486,0.1917907184306279,0.07833501837933127,1.0,EURCAD_otc,1785900120,1m,UP,0
0.4649999999999953,0.34830831343164725,0.03910662039183769,0.7071067811865476,0.7071067811865476,50.0,0.1,0.06123358855409647,0.10036415533296231,0.310344826516005,0.20199999999999818,60.000000000002274,427.99999999999727,4.0,0.6728971956327829,0.2368514255351569,-0.17241379250897876,0.310344826516005,0.0,SPOTIFY_otc,1785900540,1m,DOWN,0
0.4849999999999933,0.3887737839856518,-0.012783535740777608,0.7071067811865476,0.7071067811865476,50.0,0.1,0.041197328644414666,0.028408526428405554,0.3773584898540386,0.30199999999998683,127.00000000000387,128.99999999999636,0.0,0.2870370367712683,0.24699828473356525,-0.20754716941975876,0.3773584898540386,0.0,AVAX_otc,1785900600,1m,DOWN,0
0.5264285714285718,0.43792279419962293,0.02458076436054115,0.7071067811865476,0.7071067811865476,50.0,0.1,0.13438314252312214,0.15899693928726719,0.9277108422557659,0.2759999999999991,123.00000000000182,200.9999999999991,17.0,0.8050847450804223,0.2611370526915696,-0.048192771026299354,0.9277108422557659,0.0,MICROSOFT_otc,1785901620,1m,DOWN,0
0.4478571428571456,0.5257208550836053,-0.017223853820017895,0.7071067811865476,0.7071067811865476,50.0,0.1,0.03490403893335993,0.017674173292698866,0.2545454540826146,0.29599999999999227,80.00000000000114,227.99999999999727,1.0,0.9999999989583334,0.21250691754241383,-0.30909090852894816,0.2545454540826146,0.0,SPOTIFY_otc,1785902160,1m,DOWN,1
0.4921428571428602,0.5050949209819374,0.02033070195718681,0.8660254037844386,0.5000000000000001,50.0,0.1,-0.10579867389612838,-0.08548948155200603,0.3678160915312361,0.26200000000000045,178.99999999999636,139.00000000000432,9.0,0.9599999994514324,0.49690499176416353,0.33333333295021333,0.3678160915312361,1.0,NIKE_otc,1785902640,1m,UP,1
0.5499999999999952,0.6452450764769414,-0.07342806685196261,0.8660254037844386,0.5000000000000001,50.0,0.1,0.06256756921748056,-0.010906439791034705,0.65354330657201,0.3539999999999964,128.00000000000296,183.9999999999975,1.0,0.6782608689754149,0.2987400961155968,-0.1417322833529741,0.65354330657201,0.0,SUI_otc,1785905160,1m,DOWN,1
0.10392928571428632,0.12932891981382802,-0.30731954114267634,0.8660254037844386,0.5000000000000001,50.0,0.1,-0.19314016499725956,-0.4998661486711041,0.19237186668950215,0.0452699999999993,13886.599999999944,898.0000000000388,0.0,0.08938680324727252,0.39497136311256964,0.25554230618490786,0.19237186668950215,1.0,EURCAD_otc,1785905400,1m,UP,1
0.46285714285713603,0.37578050649368716,-0.011937226047180281,0.9659258262890683,0.25881904510252074,50.0,0.1,-0.10103319719720007,-0.11295836268324821,0.6310679605523558,0.31199999999998906,157.9999999999984,94.99999999999886,12.0,0.9216867464327227,0.3672972673960288,0.1650485435290989,0.6310679605523558,1.0,MICROSOFT_otc,1785906120,1m,UP,0
0.11370000000000045,0.12034261300844633,-0.19547044133493277,0.9659258262890683,0.25881904510252074,50.0,0.1,0.2548772625412468,0.05890861149636232,0.8330592048172968,0.06584199999999925,8551.500000000018,2583.5000000000005,1.0,0.7757661145715309,0.693223534510781,-0.1258908982600463,0.8330592048172968,0.0,GBPNZD_otc,1785906360,1m,DOWN,1
0.4964285714285787,0.46865543007590565,0.0034022031273837293,0.9659258262890683,0.25881904510252074,50.0,0.1,-0.08556851757988448,-0.08216922566728191,0.8620689645263531,0.28799999999997683,225.9999999999991,76.99999999999818,4.0,0.45794392480567125,0.23705607373055868,0.08045977002245178,0.8620689645263531,1.0,MICROSOFT_otc,1785907740,1m,UP,1
0.5421428571428676,0.3023543146688959,0.0041665205353965075,0.9659258262890683,0.25881904510252074,50.0,0.1,-0.07066429637673624,-0.06650072008375947,0.3243243234477804,0.26400000000001,142.00000000000728,279.99999999999545,4.0,0.6896551718192728,0.21926922858777181,0.05405405390791219,0.3243243234477804,1.0,MASTERCARD_otc,1785908040,1m,UP,1
0.5085714285714295,0.4545448151969426,0.06428194756290233,0.9659258262890683,0.25881904510252074,50.0,0.1,-0.792949993861611,-0.7291777699979627,0.45205479390129444,0.2680000000000007,14399.999999999976,6600.000000000036,4.0,0.587499999632815,3.5126234905924814,0.2191780818915429,0.45205479390129444,1.0,SHIBA_otc,1785908040,1m,UP,0
0.45214285714286007,0.3638983070933872,0.01710537352396904,0.9659258262890683,0.25881904510252074,50.0,0.1,-0.015038755268936674,0.002064045819770255,0.12962962938957087,0.16999999999999318,116.0000000000025,200.9999999999991,0.0,0.2602739722461904,0.16226549302000437,0.222222221810723,0.12962962938957087,1.0,SPOTIFY_otc,1785909300,1m,UP,1
0.45928571428571885,0.32514409305005043,-0.00021716094836097006,0.9659258262890683,0.25881904510252074,50.0,0.1,-0.10921185103566369,-0.10942877481853325,0.6206896541022998,0.26600000000001955,141.0000000000025,101.99999999999818,10.0,0.8857142848707451,0.27337342810207965,0.18965517208683016,0.6206896541022998,1.0,SUI_otc,1785909300,1m,UP,1
0.5164285714285646,0.6717097258570821,-0.09732407560437221,0.9659258262890683,0.25881904510252074,50.0,0.1,0.018627826375841122,-0.07871437858835657,0.03448275856120959,0.17599999999997634,345.00000000000455,81.99999999999363,4.0,0.8701298689997988,0.14606293984834517,-0.25862068920926795,0.03448275856120959,0.0,MASTERCARD_otc,1785909540,1m,DOWN,1
0.53857142857143,0.45272860176744134,-0.007280108425862893,1.0,6.123233995736766e-17,50.0,0.1,0.07389328797236511,0.0666078000350184,0.753623187313586,0.30600000000000593,244.99999999999886,172.00000000000273,5.0,0.8870967734781595,0.26205118451306847,-0.202898550430546,0.753623187313586,0.0,PAYPAL_otc,1785909600,1m,DOWN,1
0.495000000000001,0.4118098622512537,0.6165457483604766,1.0,6.123233995736766e-17,50.0,0.1,-0.8767932675550748,-0.26565335080761987,0.9032258049947942,0.41000000000000086,12400.00000000002,19600.000000000007,5.0,0.3589743585141364,1.6595744680497986,0.016129032232046623,0.9032258049947942,1.0,SHIBA_otc,1785909900,1m,UP,1
0.08428428571428524,0.05823194525645268,0.04889374006184848,1.0,6.123233995736766e-17,50.0,0.1,0.11628398061381964,0.16523457626288302,0.7988115336896914,0.03022399999999976,912.2999999999593,5190.6999999999925,3.0,0.34243219397826014,0.3730186443970944,-0.009903791597313248,0.7988115336896914,0.0,EURNZD_otc,1785910080,1m,DOWN,1
0.08817857142857122,0.07079096555187614,-0.0010184186654024316,1.0,6.123233995736766e-17,50.0,0.1,0.2466157297614159,0.24559479951538976,0.6354119839177619,0.0735759999999999,4235.100000000002,2882.199999999955,7.0,0.6431730677053629,0.5365198050500923,-0.15732017111827767,0.6354119839177619,0.0,GBPCAD_otc,1785912420,1m,DOWN,1
0.46499999999999936,0.2779595986317377,0.524338048403925,0.9659258262890683,-0.25881904510252063,50.0,0.1,0.8934884748967743,1.4225114233326868,0.9452054781572538,0.21399999999999864,2299.9999999999686,27000.000000000025,1.0,0.6206896544589732,1.8223711771717235,-0.0410958903546649,0.9452054781572538,0.0,SHIBA_otc,1785915060,1m,DOWN,0
0.489285714285714,0.3608841401849505,0.6204800836738628,0.8660254037844387,-0.4999999999999998,50.0,0.1,-0.6917896915791648,-0.07560202516245962,0.49999999916666815,0.18000000000000044,16500.000000000004,11300.000000000007,1.0,0.4725274720082112,6.883509833064788,0.4666666658888881,0.49999999916666815,1.0,ETHEREUM_otc,1785916860,1m,UP,1
0.28642857142857486,0.14661191923404315,-0.024356027293912137,0.8660254037844387,-0.4999999999999998,50.0,0.1,-0.01196568789317515,-0.03631880082087812,0.037037036899831635,0.07400000000000091,212.00000000000045,19.999999999998863,0.0,0.5581395335857343,0.09642769044447391,-0.8518518486969697,0.037037036899831635,0.0,AMZN_otc,1785917100,1m,DOWN,0
0.4428571428571542,0.546234361897192,0.01272735980847256,0.8660254037844387,-0.4999999999999998,50.0,0.1,0.14473795331320155,0.1574837344417717,0.5897435882314079,0.3539999999999964,180.00000000000114,175.0,19.0,0.7424242418617744,0.29061447348078795,-0.05128205115050652,0.5897435882314079,0.0,NETFLIX_otc,1785917940,1m,DOWN,0
0.11818071428571539,0.09665055905242101,0.031029598941485076,0.8660254037844387,-0.4999999999999998,50.0,0.1,0.27990146516936665,0.31101791641292514,0.37161448519846657,0.06368999999999972,2477.6000000000663,3193.899999999985,3.0,0.44489058294406364,0.935798234500137,-0.5149489884813718,0.37161448519846657,0.0,EURJPY_otc,1785919680,1m,DOWN,1
0.33000000000000845,0.3490174590610088,0.018484054556526908,0.7071067811865476,-0.7071067811865475,50.0,0.1,-0.052195115111679846,-0.03372070832870602,0.49999999861111105,0.13600000000001272,87.99999999999955,71.00000000000364,5.0,0.8901098891317254,0.20428779885463738,0.08333333310193079,0.49999999861111105,1.0,AMZN_otc,1785920700,1m,UP,1
0.5371428571428639,0.3992437905962015,0.0009926683994079214,0.7071067811865476,-0.7071067811865475,50.0,0.1,-0.05406101725095219,-0.05306888549817891,0.7199999985600273,0.2540000000000191,112.99999999999955,79.00000000000205,0.0,0.4791666661675545,0.24741630370288453,0.1999999996000455,0.7199999985600273,1.0,PRATA_otc,1785921600,1m,UP,0
0.08280785714285648,0.0538071369328989,0.12769265708862204,0.7071067811865476,-0.7071067811865475,50.0,0.1,0.06376774266907916,0.19154182648268078,0.013063926031493717,0.037934000000001335,854.1999999999916,4730.80000000003,10.0,0.7073929513425932,0.5276024497032673,-0.47221737961838217,0.013063926031493717,0.0,CADJPY_otc,1785922200,1m,DOWN,1
0.5192857142857141,0.23067507236715348,-2.6256065172461778,0.7071067811865476,-0.7071067811865475,50.0,0.1,-3.05152045380197,-5.597006051138022,0.3538461533017756,0.18600000000000047,22400.00000000001,2599.9999999999977,2.0,0.5853658529446768,11.23287671079001,0.2615384611360944,0.3538461533017756,1.0,SPACEX_otc,1785922320,1m,UP,1
0.4078571428571373,0.32622465775872095,-0.015514939611886602,0.7071067811865476,-0.7071067811865475,50.0,0.1,0.09615627323904523,0.08062641503943255,0.3666666654442865,0.1939999999999941,156.00000000000023,105.99999999999454,4.0,0.7083333327430812,0.2923834121137042,-0.4666666651112374,0.3666666654442865,0.0,COKE_otc,1785923040,1m,DOWN,1
0.5228571428571455,0.5371352583054295,0.46574570382086145,0.7071067811865476,-0.7071067811865475,50.0,0.1,-0.11864947084740018,0.3465436281603833,0.3793103441735927,0.3320000000000022,9800.00000000004,48299.99999999998,0.0,0.37190082613892483,1.4857563850505284,0.3965517234542195,0.3793103441735927,1.0,INTEL_otc,1785923700,1m,UP,1
0.44142857142856784,0.1946142988725815,0.0001580760290465274,0.49999999999999994,-0.8660254037844387,50.0,0.1,0.0066179049019200594,0.006775991392287862,0.027027026954109724,0.10400000000000773,72.00000000000273,96.99999999999704,3.0,0.24193548348080246,0.13741134751742698,0.8918918894813193,0.027027026954109724,1.0,MICROSOFT_otc,1785924180,1m,UP,1
0.44142857142857167,0.6156855376885755,0.31713696185370627,0.49999999999999994,-0.8660254037844387,50.0,0.1,6.532422074529645,6.870275761285975,0.6666666650793637,0.3720000000000002,4700.000000000006,44500.0,9.0,0.9629629617741184,6.56934306516064,-0.19047619002267593,0.6666666650793637,0.0,FORD_otc,1785925440,1m,DOWN,1
0.0908650000000001,0.08520158648925294,-0.013398909361026355,0.49999999999999994,-0.8660254037844387,50.0,0.1,-1.118964055866569,-1.1322130362479672,0.9162772514308646,0.05003800000000069,3105.2999999999997,3041.499999999999,10.0,0.4413782337344,3.166784997006342,0.07920560685977238,0.9162772514308646,1.0,CHFJPY_otc,1785925500,1m,UP,1
0.4835714285714232,0.22844553524699115,-0.006203291049323345,0.49999999999999994,-0.8660254037844387,50.0,0.1,0.07767058649055715,0.07146247730869408,0.42352941126637383,0.14600000000000363,110.00000000000227,122.99999999999613,9.0,0.47014925338049096,0.3432464970917653,-0.21176470563322036,0.42352941126637383,0.0,PRATA_otc,1785926940,1m,DOWN,1
0.09048571428571403,0.08534785905028498,0.08804455290090371,0.49999999999999994,-0.8660254037844387,50.0,0.1,-0.27562529464311214,-0.18782341480055878,0.808566427141067,0.06625199999999865,2996.599999999958,5075.900000000004,10.0,0.5978230491360014,0.3650427967503559,0.08224729750282506,0.808566427141067,1.0,GBPNZD_otc,1785927300,1m,UP,0
0.529285714285712,0.2889360933281735,0.047844548443898564,0.258819045102521,-0.9659258262890682,50.0,0.1,0.05029773878929218,0.09816635195919196,0.43902438970852714,0.29599999999999227,45.999999999997954,336.00000000000136,7.0,0.7226890750229632,0.27686008096347986,-0.3414634142176971,0.43902438970852714,0.0,AVAX_otc,1785928020,1m,DOWN,0
0.4178571428571364,0.3592643582369892,0.016932304769541374,0.258819045102521,-0.9659258262890682,50.0,0.1,0.03136483911020885,0.04830245466989883,0.3478260862002813,0.132000000000005,55.00000000000114,156.00000000000023,1.0,0.3478260864524403,0.13684231402309052,-0.32608695581290276,0.3478260862002813,0.0,DISNEY_otc,1785928860,1m,DOWN,0
0.09380714285714246,0.05345486701847296,0.12964568733562118,0.258819045102521,-0.9659258262890682,50.0,0.1,-0.3948209331417707,-0.2656871141186661,0.4974658194214917,0.05198400000000021,2656.29999999998,2628.3000000000097,6.0,0.7069226485898519,0.7687030172720916,0.14344954471743265,0.4974658194214917,1.0,NZDJPY_otc,1785929160,1m,UP,1
0.4471428571428646,0.4273172124259864,-0.013912242969942527,0.258819045102521,-0.9659258262890682,50.0,0.1,-0.11634552181555742,-0.13024157851382032,0.699999998833305,0.34799999999999043,137.99999999999955,29.000000000002046,8.0,0.8285714279795895,0.29822132282395397,0.2499999995834044,0.699999998833305,1.0,PAYPAL_otc,1785930480,1m,UP,1
0.4435714285714285,0.3276900505517183,-1.5493631083576749,0.258819045102521,-0.9659258262890682,50.0,0.1,0.240837548586897,-1.3122570078996563,0.07547169797080995,0.09199999999999982,19499.999999999993,3900.0000000000055,0.0,0.5454545447461632,5.65760470200899,-0.7169811307226761,0.07547169797080995,0.0,ETHEREUM_otc,1785930600,1m,DOWN,1
0.10279928571428394,0.09979789491236178,0.15539275040422199,0.258819045102521,-0.9659258262890682,50.0,0.1,0.3101051210631886,0.46597975234417505,0.6376881101875999,0.06629000000000218,217.69999999996514,9098.900000000043,0.0,0.16561986951103333,0.7541764722144243,-0.10534742066366883,0.6376881101875999,0.0,EURJPY_otc,1785930600,1m,DOWN,1
0.4835714285714313,0.4155659452751286,-0.00990050254481594,1.2246467991473532e-16,-1.0,50.0,0.1,0.12034429747546155,0.11043188024041149,0.5384615376331899,0.3240000000000009,466.0000000000025,186.00000000000136,17.0,0.8659793805505452,0.2511847113958918,-0.06153846144382062,0.5384615376331899,0.0,PRATA_otc,1785931320,1m,DOWN,0
0.5221428571428578,0.677187136316801,-0.7592006790303875,1.2246467991473532e-16,-1.0,50.0,0.1,1.0398991964033577,0.27280359561264445,0.6249999980468833,0.3660000000000011,18099.99999999995,16300.000000000025,1.0,0.5365853655264737,3.468697123446095,-0.031249999902337504,0.6249999980468833,0.0,SHIBA_otc,1785932460,1m,DOWN,1
0.6271428571428633,0.6320718591228044,-0.0479045282616863,1.2246467991473532e-16,-1.0,50.0,0.1,-0.15463343369415983,-0.2024638855389001,0.6049382708580827,0.31200000000000044,313.99999999999864,127.00000000000387,18.0,0.9139072841629433,0.3918007265168993,0.17283950595952238,0.6049382708580827,1.0,PRATA_otc,1785932580,1m,UP,0
0.1260549999999999,0.08883299349053496,-0.17207514668961083,1.2246467991473532e-16,-1.0,50.0,0.1,-0.25520114738110644,-0.42683715632200764,0.7086180668905392,0.08674600000000084,6268.19999999995,3721.299999999985,11.0,0.5012251091299585,0.9859336394497453,0.18039736661355946,0.7086180668905392,1.0,CADJPY_otc,1785933060,1m,UP,1
0.47571428571429564,0.4086348216759582,-0.020692786679971365,1.2246467991473532e-16,-1.0,50.0,0.1,0.13606410253674456,0.11534316040228722,0.7142857128280214,0.24800000000001318,222.99999999999613,179.00000000000205,11.0,0.972067038563085,0.42997838097423025,-0.14285714256558107,0.7142857128280214,0.0,COKE_otc,1785933360,1m,DOWN,1
0.4828571428571432,0.29949866533184133,0.015122451099632573,1.2246467991473532e-16,-1.0,50.0,0.1,-0.9203981494898764,-0.9054148851503223,0.6951219503718026,0.2760000000000005,15600.000000000022,9399.999999999976,3.0,0.5316455689472869,1.9784623089912714,0.09756097549077719,0.6951219503718026,1.0,GOLD_otc,1785934380,1m,UP,1
0.4171428571428594,0.23016477512748798,-0.0538639514241993,-0.2588190451025208,-0.9659258262890683,50.0,0.1,0.07014158797599122,0.016239855520916373,0.3095238087868255,0.15400000000000774,300.0,80.00000000000114,7.0,0.5443037967793568,0.19915296964758217,-0.23809523752838976,0.3095238087868255,0.0,PETROLEO_otc,1785934920,1m,DOWN,0
0.14010285714285636,0.11573010164477442,-0.11047931948569994,-0.2588190451025208,-0.9659258262890683,50.0,0.1,-0.3454640307955843,-0.45556168397099345,0.9295482181984532,0.09588999999999856,9641.999999999982,57.699999999982765,4.0,0.5439343648422207,0.7364874668253265,0.05164835101772303,0.9295482181984532,1.0,EURCAD_otc,1785935340,1m,UP,0
0.5214285714285681,0.4095105627198167,0.01487319883270048,-0.2588190451025208,-0.9659258262890683,50.0,0.1,0.06071257746807152,0.07559480620313529,0.1999999995999318,0.27199999999999136,44.99999999999886,326.9999999999982,6.0,0.6376811589582009,0.30423951145240263,-0.15999999967996817,0.1999999995999318,0.0,SPOTIFY_otc,1785936060,1m,DOWN,1
0.4835714285714151,0.4022198016013555,0.12880578291829978,-0.2588190451025208,-0.9659258262890683,50.0,0.1,-0.03157961765208182,0.09718548889245857,0.07499999981243605,0.16999999999999318,90.99999999999682,428.00000000000296,2.0,0.347826086578458,0.23015535486394756,0.024999999937478683,0.07499999981243605,1.0,PETROLEO_otc,1785936720,1m,UP,0
0.4814285714285599,0.3513271542997876,0.049827482501065196,-0.2588190451025208,-0.9659258262890683,50.0,0.1,-0.027654413754670572,0.022159289248220245,0.30379746796990215,0.29599999999999227,97.00000000000273,456.9999999999993,1.0,0.22641509412603159,0.22919910050114822,0.11392405048867732,0.30379746796990215,1.0,NETFLIX_otc,1785937260,1m,UP,1
0.11462000000000115,0.0790753056337481,0.6124567351956487,-0.4999999999999997,-0.8660254037844388,50.0,0.1,-0.15052874807690675,0.46100606366273933,0.24205593436737016,0.07823800000000034,2492.0000000000186,19430.699999999986,3.0,0.41548558376756756,0.6168119247503112,0.12578708265062716,0.24205593436737016,1.0,CADJPY_otc,1785940080,1m,UP,0
0.6457142857142831,0.5381618083253118,-0.025233657654644793,-0.4999999999999997,-0.8660254037844388,50.0,0.1,-0.1566862496330967,-0.1818803696159172,0.9367088595737736,0.36000000000000226,437.99999999999955,74.00000000000091,5.0,0.874999999270851,0.2811489620910869,0.06329113916040371,0.9367088595737736,1.0,AVAX_otc,1785941700,1m,UP,0
0.1484864285714285,0.3374563143093102,1.7287538886560636,-0.7071067811865471,-0.7071067811865479,50.0,0.1,1.571021108511882,3.3269340856729523,0.3616286198441756,0.05101200000000006,322.300000000002,13857.199999999992,0.0,0.20098975843505168,1.8718031729698996,-0.14447871505887905,0.3616286198441756,0.0,CHFJPY_otc,1785942300,1m,DOWN,1
0.08528428571428595,0.05677540336731873,0.07024563858826616,-0.7071067811865471,-0.7071067811865479,50.0,0.1,0.1048464855110444,0.17516577418259516,0.7201000196594458,0.04519600000000281,1289.5999999999929,6088.799999999992,0.0,0.48522080424382896,0.5054206935529116,-0.11080451745447993,0.7201000196594458,0.0,GBPNZD_otc,1785943200,1m,DOWN,0
0.5528571428571425,0.4249117555490939,1.1301411571529012,-0.7071067811865471,-0.7071067811865479,50.0,0.1,0.6860195469312425,1.8239136933301276,0.6862745084582952,0.29999999999999716,5000.0,73700.00000000004,2.0,0.6440677960643499,1.379471592221431,-0.11764705859285218,0.6862745084582952,0.0,INTEL_otc,1785943320,1m,DOWN,0
0.07819928571428594,0.06601307742256637,-0.34393725741827696,-0.7071067811865471,-0.7071067811865479,50.0,0.1,-0.6894462110717364,-1.0310122061002789,0.4956313268721004,0.052532000000000426,9304.999999999985,1322.600000000005,9.0,0.37916105786484783,1.7125607154309268,0.09626536691978553,0.4956313268721004,1.0,CHFJPY_otc,1785944940,1m,UP,1
0.10705857142857107,0.06894415028390195,-0.0036566660816256136,-0.7071067811865471,-0.7071067811865479,50.0,0.1,0.19682441223586272,0.1931605489427145,0.359941543885851,0.04172400000000067,2048.19999999998,5941.40000000003,12.0,0.8182380913417197,0.5347954470944766,-0.025938441629926007,0.359941543885851,0.0,GBPNZD_otc,1785945120,1m,DOWN,1
0.08382285714285688,0.06393103227551555,0.15109176355465523,-0.8660254037844385,-0.5000000000000004,50.0,0.1,-0.21782418147404384,-0.06706153231662623,0.4436395204902858,0.05525399999999934,2106.1000000000263,8378.900000000016,7.0,0.4270609664692747,0.7550848548742851,0.35004346228104116,0.4436395204902858,1.0,EURCHF_otc,1785946020,1m,UP,1
0.537857142857149,0.34094245603095236,-0.09035247839143178,-0.8660254037844385,-0.5000000000000004,50.0,0.1,-0.09663387669997392,-0.18689904398884155,0.3409090901342476,0.3779999999999859,847.9999999999961,17.00000000000159,1.0,0.5970149249276204,0.2981090100104547,0.11363636337812559,0.3409090901342476,1.0,NETFLIX_otc,1785947160,1m,UP,1
0.11807214285714274,0.08668860102554203,0.029704972140968577,-0.8660254037844385,-0.5000000000000004,50.0,0.1,0.24972499305752818,0.27950414593811357,0.7982758567753631,0.11471400000000073,8983.300000000014,3432.6000000000076,0.0,0.5507588886193778,0.8552523529513156,-0.19071617910664532,0.7982758567753631,0.0,GBPCAD_otc,1785947400,1m,DOWN,0
0.6114285714285715,0.5592110808246893,-0.2670008389326326,-0.8660254037844385,-0.5000000000000004,50.0,0.1,-0.12172505981894417,-0.38840089182066895,0.18749999960933797,0.16999999999999318,760.0000000000023,29.000000000002046,0.0,0.15584415564175894,0.1846124337668591,0.062499999869858276,0.18749999960933797,1.0,AVAX_otc,1785948000,1m,UP,1
0.6164285714285705,0.7257765829324612,-0.1822292825475996,-0.8660254037844385,-0.5000000000000004,50.0,0.1,-1.0718497912051113,-1.2521258495682097,0.22580645088449455,0.28400000000000036,19499.999999999956,26500.000000000055,7.0,0.757142856782314,5.773989551669678,0.48387096618107617,0.22580645088449455,1.0,GOLD_otc,1785949020,1m,UP,0
0.08482857142857167,0.09061568099285454,0.011812161934727913,-0.9659258262890683,-0.25881904510252063,50.0,0.1,0.25378433732203876,0.26562647667365613,0.6348402132904264,0.04506200000000149,6223.7999999999965,3517.1000000000417,16.0,0.4829279329093108,0.6352541076262165,-0.12073265689218057,0.6348402132904264,0.0,CADJPY_otc,1785949560,1m,DOWN,1
0.5771428571428565,0.29222902357659947,1.2906422861672011,-0.9659258262890683,-0.25881904510252063,50.0,0.1,-0.9614202586391488,0.3168135311222773,0.5526315784626058,0.42600000000000193,9200.000000000016,29799.999999999967,8.0,0.7499999993303555,3.1755032604713422,0.21052631560479687,0.5526315784626058,1.0,SHIBA_otc,1785949980,1m,UP,0
0.10526428571428603,0.13282881664366936,-0.6899578622975613,-0.9659258262890683,-0.25881904510252063,50.0,0.1,-0.553610148405925,-1.2397483339580824,0.4866863857328721,0.053157999999999817,8664.099999999982,515.5000000000242,0.0,0.3099589530786011,1.2037214729866863,0.22080867632339654,0.4866863857328721,1.0,NZDJPY_otc,1785950100,1m,UP,0
0.08892857142856972,0.07620621834432274,0.16491113965894,-0.9659258262890683,-0.25881904510252063,50.0,0.1,-0.28535817116223017,-0.1209176189154637,0.8739054224175438,0.0843820000000008,3193.599999999961,3167.100000000005,3.0,0.9190916899574458,0.45079621050051,0.07172770827892377,0.8739054224175438,1.0,EURCHF_otc,1785951180,1m,UP,0
0.10764428571428754,0.07920709413186212,-0.11502833948839443,-0.9659258262890683,-0.25881904510252063,50.0,0.1,0.2005958832519604,0.08533680164997916,0.17625658789620696,0.047325999999999625,6321.200000000004,3682.5000000000327,14.0,0.24221727523182232,0.8574630158881148,-0.45920260999923934,0.17625658789620696,0.0,EURJPY_otc,1785952140,1m,DOWN,1
0.5642857142857144,0.39870670042652623,-0.8117567471130644,-0.9659258262890683,-0.25881904510252063,50.0,0.1,-2.8108223843024795,-3.599762091061604,0.9318181797004108,0.23399999999999893,33099.999999999985,2000.0000000000284,18.0,0.24193548348074656,3.7014925370924536,0.02272727267562332,0.9318181797004108,1.0,ETHEREUM_otc,1785952380,1m,UP,1
0.4964285714285706,0.38058081696151536,0.08625860443421081,-0.9659258262890683,-0.25881904510252063,50.0,0.1,0.727411908360638,0.8142979681554888,0.29999999924997156,0.3499999999999943,25100.00000000005,18499.99999999994,4.0,0.8980891714024846,2.3845686512396136,-0.04999999987502487,0.29999999924997156,0.0,NVIDIA_otc,1785952740,1m,DOWN,1
0.5271428571428568,0.33860817242981217,0.06952056548026513,-1.0,-1.8369701987210297e-16,50.0,0.1,-0.10919078562782766,-0.03974613019918335,0.8571428557823516,0.3420000000000073,115.00000000000341,238.99999999999864,2.0,0.6311475404662901,0.31381022198134867,0.11111111093473425,0.8571428557823516,1.0,SUI_otc,1785954120,1m,UP,1
0.09537142857142962,0.07123379897170362,0.15275085109724532,-1.0,-1.8369701987210297e-16,50.0,0.1,-0.08903244417333916,0.06358240910767868,0.551046664269587,0.04447399999999959,2088.500000000053,9791.49999999997,7.0,0.9999999942399632,0.3290077746288472,0.25842529688510574,0.551046664269587,1.0,EURCAD_otc,1785954720,1m,UP,1
0.4421428571428448,0.41092498178182135,-0.008398153221667568,-1.0,-1.8369701987210297e-16,50.0,0.1,0.12536329656319858,0.11695461513980192,0.6119402975942785,0.3120000000000346,132.99999999999272,142.00000000000728,9.0,0.8124999994357835,0.27982899339239337,-0.02985074622407804,0.6119402975942785,0.0,MASTERCARD_otc,1785954840,1m,DOWN,0
0.577142857142852,0.5354021800323313,-0.05390526953894439,-1.0,-1.8369701987210297e-16,50.0,0.1,0.10444704463353824,0.05048547263365868,0.883116881969934,0.39999999999998864,280.00000000000114,160.99999999999568,0.0,0.4363636360991616,0.3595241207993162,-0.05194805188061475,0.883116881969934,0.0,SPOTIFY_otc,1785955500,1m,DOWN,0
0.49785714285713667,0.3404562229993501,0.025359188560591505,-1.0,-1.8369701987210297e-16,50.0,0.1,0.06508854707912227,0.09046424156709891,0.4411764692908836,0.3039999999999964,18.99999999999409,353.00000000000864,0.0,0.17241379295485962,0.21471938397708812,-0.1470588230967383,0.4411764692908836,0.0,VISA_otc,1785955800,1m,DOWN,1
0.10714285714285728,0.05001648080158989,-0.23447648100403973,-1.0,-1.8369701987210297e-16,50.0,0.1,0.005563999386608729,-0.2289255278873958,0.08333333298610926,0.012000000000000099,4899.9999999999845,1400.0000000000057,5.0,0.3888888867283874,1.570680628135191,0.3749999984374991,0.08333333298610926,1.0,SOLANA_otc,1785956100,1m,UP,0
0.5357142857142898,0.4750297850845146,-0.029561024410966096,-0.9659258262890684,0.2588190451025203,50.0,0.1,0.040492949049595744,0.010919954508076377,0.03846153838754033,0.21400000000001002,468.9999999999998,200.9999999999991,1.0,0.631578946814386,0.2654125535475257,-0.26923076871300095,0.03846153838754033,0.0,NETFLIX_otc,1785956760,1m,DOWN,1
0.1357699999999998,0.13090450712401824,0.1976735202233215,-0.9659258262890684,0.2588190451025203,50.0,0.1,-0.5103558969018276,-0.3136912151455793,0.37068661645522655,0.06224000000000061,3692.799999999998,3894.199999999976,6.0,0.3859823558564519,2.0532842495658348,0.20193661794068174,0.37068661645522655,1.0,NZDJPY_otc,1785957060,1m,UP,0
0.6035714285714278,0.3132995265412221,-0.28361171029748544,-0.9659258262890684,0.2588190451025203,50.0,0.1,-0.0850484424318419,-0.368418945387165,0.6969696948576363,0.15000000000001137,797.0000000000027,65.99999999999682,2.0,0.32954545417099607,0.23025799361497015,0.09090909063351485,0.6969696948576363,1.0,SUI_otc,1785959820,1m,UP,1
0.09960000000000006,0.07749536057348336,-0.2731673103378784,-0.8660254037844386,0.5000000000000001,50.0,0.1,0.2698502369183223,-0.004054216053686253,0.6887310263226245,0.06751600000000053,6879.899999999991,2209.0999999999995,4.0,0.828704101949908,0.7473624837543049,-0.29044236201462365,0.6887310263226245,0.0,GBPCAD_otc,1785960540,1m,DOWN,0
0.4499999999999998,0.3137411616413545,-0.03420283959805064,-0.8660254037844386,0.5000000000000001,50.0,0.1,-0.5995812180953488,-0.6335789838911142,0.6944444425154331,0.29199999999999876,39699.999999999985,20799.99999999998,3.0,0.1382978721933032,2.7533684826375633,0.305555554706789,0.6944444425154331,1.0,SHIBA_otc,1785960780,1m,UP,1
0.0896328571428572,0.09019819300917525,0.41653682679739407,-0.8660254037844386,0.5000000000000001,50.0,0.1,-0.14727746747872345,0.26864589442904724,0.4403301860829564,0.034695999999999574,10944.799999999972,44395.999999999985,0.0,0.49399619400163663,0.41979957733972095,0.09575471641651703,0.4403301860829564,1.0,EURJPY_otc,1785961800,1m,UP,0
0.42714285714285843,0.35644844581436747,0.0038407124956339202,-0.8660254037844386,0.5000000000000001,50.0,0.1,0.09474754520964077,0.09859189668608286,0.4090909081611746,0.17600000000001045,143.00000000000068,142.0000000000016,14.0,0.8645833324327276,0.22251581948352092,-0.5227272715393002,0.4090909081611746,0.0,NETFLIX_otc,1785962340,1m,DOWN,1
0.4350000000000023,0.3585624531957034,0.004521063174177865,-0.8660254037844386,0.5000000000000001,50.0,0.1,0.11983014134392467,0.12435662211449439,0.6666666657777778,0.2700000000000159,150.0,203.00000000000296,16.0,0.8899082560643033,0.23880989417821874,-0.2799999996266394,0.6666666657777778,0.0,SPOTIFY_otc,1785963060,1m,DOWN,1
0.10876214285714271,0.1052006623781372,0.009428349489577256,-0.7071067811865477,0.7071067811865474,50.0,0.1,-0.5252984665819923,-0.5159196440677077,0.4311302386064324,0.06885800000000017,3566.199999999995,905.5999999999997,17.0,0.388575534237034,0.5934601245402039,0.10892807477833379,0.4311302386064324,1.0,GBPCAD_otc,1785963720,1m,UP,1
0.4921428571428684,0.4635582634931722,-0.05934550139812865,-0.7071067811865477,0.7071067811865474,50.0,0.1,0.009430447010075484,-0.04992065093411538,0.49999999944441287,0.167999999999995,233.9999999999975,66.0000000000025,0.0,0.7878787870829159,0.19530864684607233,-0.36666666625922767,0.49999999944441287,0.0,LINK_otc,1785963900,1m,DOWN,1
0.09308714285714359,0.09192332991010696,-0.442605554486382,-0.7071067811865477,0.7071067811865474,50.0,0.1,-0.10818321301929082,-0.5503099425958276,0.782546298166576,0.034749999999999656,27531.099999999995,2382.000000000062,1.0,0.47710487217276176,0.41690877251748576,0.01695799612630394,0.782546298166576,1.0,EURCAD_otc,1785966360,1m,UP,1
0.4142857142857151,0.21308951825930722,0.041464087350742806,-0.5000000000000004,0.8660254037844384,50.0,0.1,0.0589020883803284,0.10039059894444864,0.31999999936005,0.11399999999999863,38.999999999998636,277.00000000000387,11.0,0.5373134324348287,0.34529852861507515,-0.5599999988799454,0.31999999936005,0.0,SUI_otc,1785967560,1m,DOWN,1
0.42785714285715165,0.37689010836166575,-0.02055991093747972,-0.5000000000000004,0.8660254037844384,50.0,0.1,-0.1591666784713313,-0.17969386488147515,0.2558139528934836,0.3100000000000023,162.99999999999955,122.00000000000273,19.0,0.9392265188180994,0.4684628723750078,0.4186046501893007,0.2558139528934836,1.0,SUI_otc,1785967740,1m,UP,1
0.4507142857142856,0.32515507711932035,-3.757792692737559,-0.5000000000000004,0.8660254037844384,50.0,0.1,3.3564899577477583,-0.5274326693545163,0.5074626858097571,0.19800000000000004,48599.99999999999,12100.000000000007,7.0,0.8904109576843685,7.108081790933979,-0.32835820846513536,0.5074626858097571,0.0,SPACEX_otc,1785968520,1m,DOWN,0
0.4649999999999953,0.28898933336792737,-0.05298609902875704,-0.5000000000000004,0.8660254037844384,50.0,0.1,0.05697014090698592,0.0039538556229510805,0.8039215670510862,0.11399999999999863,171.00000000000364,73.99999999999523,0.0,0.6024096378284337,0.20374598031223373,-0.17647058788933892,0.8039215670510862,0.0,PETROLEO_otc,1785968700,1m,DOWN,1
0.5992857142857174,0.5946039405260746,-0.17080568715764238,-0.25881904510252157,0.9659258262890681,50.0,0.1,-0.1500408852496044,-0.32059029404217876,0.7758620676278477,0.2560000000000059,412.00000000000045,114.99999999999773,5.0,0.7341772142605488,0.20440902504603586,0.06896551712240566,0.7758620676278477,1.0,SUI_otc,1785971100,1m,UP,1
0.09573642857142824,0.07040714749952776,0.04466563640204839,-0.25881904510252157,0.9659258262890681,50.0,0.1,-0.46710309411681733,-0.42264609228440986,0.7615181600601042,0.06300799999999925,5262.50000000001,7406.699999999979,14.0,0.8500581406044945,0.9492949606343728,0.15851430783765202,0.7615181600601042,1.0,EURCHF_otc,1785972240,1m,UP,1
0.7685714285714401,0.7981682323073847,-0.002053868328082243,-0.25881904510252157,0.9659258262890681,50.0,0.1,-0.15947868835592152,-0.16152928120173357,0.9030612240290505,0.6880000000000109,487.99999999999955,111.00000000000136,1.0,0.7771739126210914,0.45747246463177377,0.040816326509808896,0.9030612240290505,1.0,PETROLEO_otc,1785972360,1m,UP,0
0.12554571428571443,0.10007645618341905,-0.036211274606351415,-0.25881904510252157,0.9659258262890681,50.0,0.1,0.392921129353822,0.3565675729983339,0.9866263679892444,0.13272599999999954,7051.100000000048,4405.299999999954,14.0,0.6489103091957654,0.6101018570589979,-0.00861570109550091,0.9866263679892444,0.0,GBPNZD_otc,1785972540,1m,DOWN,1
0.6114285714285675,0.3482893832866074,0.013249174097725554,-0.25881904510252157,0.9659258262890681,50.0,0.1,0.07887674243147784,0.09213636704613076,0.25974025940299994,0.17200000000000273,126.99999999999818,162.00000000000045,10.0,0.7062146888665526,0.4139188999569343,-0.506493505835717,0.25974025940299994,0.0,NETFLIX_otc,1785972900,1m,DOWN,1
0.45214285714285857,0.2104364903741154,-0.4292941438829833,-0.25881904510252157,0.9659258262890681,50.0,0.1,-0.39931360546718714,-0.8268935194261717,0.3666666654444373,0.21399999999999722,31499.999999999985,8599.999999999995,6.0,0.44444444389574955,1.2976610060669955,0.13333333288888413,0.3666666654444373,1.0,NVIDIA_otc,1785972960,1m,UP,1
0.3585714285714313,0.3637352012269706,0.08345527567717656,-0.25881904510252157,0.9659258262890681,50.0,0.1,0.03340568553241535,0.11688884001654484,0.37499999843761844,0.13399999999999182,25.99999999999909,323.0000000000018,0.0,0.3023255806922507,0.09692543503720079,-0.16666666597206434,0.37499999843761844,0.0,AMZN_otc,1785973200,1m,DOWN,0
0.2314285714285802,0.10652606304066486,0.046721065755328514,-0.25881904510252157,0.9659258262890681,50.0,0.1,0.035546026841831564,0.08228370007973426,0.5238095213148963,0.1880000000000109,9.000000000003183,240.99999999999682,16.0,0.44897959092049716,0.11039516964784057,-0.14285714217698675,0.5238095213148963,0.0,AMZN_otc,1785973860,1m,DOWN,0
0.11302285714285709,0.07500920028871866,-0.09256930799051183,0.0,1.0,50.0,0.1,-0.3978231328426015,-0.49002417871201476,0.5886698460731737,0.0832659999999997,18081.50000000001,3837.899999999976,15.0,0.9094217122035786,1.0018401883277597,0.07084457326894429,0.5886698460731737,1.0,GBPCAD_otc,1785974400,1m,UP,1
0.5728571428571497,0.5295369115473242,-0.12065629943380392,0.0,1.0,50.0,0.1,-0.0016585481432305714,-0.12231284643422055,0.19178082165514918,0.2560000000000059,421.99999999999704,148.00000000000182,0.0,0.40476190444068766,0.26896065916651185,-0.5068493143741727,0.19178082165514918,0.0,PAYPAL_otc,1785974400,1m,DOWN,0
0.3221428571428565,0.39246473906862656,0.008064160584027095,0.0,1.0,50.0,0.1,-0.04094343189111896,-0.03288257305118817,0.29411764648208294,0.16999999999999318,164.99999999999773,73.00000000000182,2.0,0.8571428559183442,0.1377220768486569,0.05882352929648346,0.29411764648208294,1.0,DISNEY_otc,1785975720,1m,UP,0
1.0628571428571434,0.805886652514766,0.18040068806818066,0.0,1.0,50.0,0.1,-3.0302878924151466,-2.8553538645553296,0.6249999988839325,0.4540000000000006,28000.000000000007,20299.999999999975,1.0,0.9395973148056395,8.970499698436466,0.23214285672831508,0.6249999988839325,1.0,ETHEREUM_otc,1785975960,1m,UP,1
0.5592857142857132,0.4441790799067185,-0.052071176093811976,0.0,1.0,50.0,0.1,-0.043117649092957504,-0.09516637331978277,0.028985507204342564,0.30600000000000593,479.00000000000205,53.000000000002956,2.0,0.6835443029322307,0.2236186594196627,0.5797101440874279,0.028985507204342564,1.0,NIKE_otc,1785976620,1m,UP,1
0.09786357142857176,0.0963964796626052,-0.034173506657979684,0.25881904510252074,0.9659258262890683,50.0,0.1,0.23307710388367495,0.19882394660608133,0.7653917685946113,0.08407800000000024,1236.0999999999933,13293.099999999995,1.0,0.9358407030349692,0.5964879977969011,-0.11279718787349165,0.7653917685946113,0.0,GBPCAD_otc,1785978060,1m,DOWN,1
0.5250000000000016,0.6972272396824791,0.04959366057829046,0.25881904510252074,0.9659258262890683,50.0,0.1,0.046332216176707436,0.09594885459702697,0.24999999947919627,0.1660000000000082,293.0000000000007,230.00000000000114,1.0,0.7317073161808093,0.20419343592757389,-0.6041666654079589,0.24999999947919627,0.0,PETROLEO_otc,1785978360,1m,DOWN,1
0.5414285714285703,0.47884763238453193,0.10978968194315121,0.25881904510252074,0.9659258262890683,50.0,0.1,0.160968406807335,0.270934815452349,0.9746835430699726,0.40599999999997183,2.0000000000038654,377.99999999999727,3.0,0.9899999990099522,0.280733275314335,-0.012658227832066353,0.9746835430699726,0.0,NIKE_otc,1785978780,1m,DOWN,1
0.10124928571428425,0.08035672683396913,0.15125954873998515,0.25881904510252074,0.9659258262890683,50.0,0.1,0.05899413717780456,0.21034292018346792,0.49421096470312176,0.08940999999999946,1617.3999999999467,9275.200000000012,1.0,0.19908006181488688,0.3406861370726475,-0.16174804078558433,0.49421096470312176,0.0,CADJPY_otc,1785979260,1m,DOWN,1
0.4485714285714266,0.24403656639359403,0.027531325737950207,0.25881904510252074,0.9659258262890683,50.0,0.1,0.03268031728376237,0.06022064034631616,0.06410256402032061,0.09999999999998863,151.00000000000477,253.99999999999636,1.0,0.6555555548271493,0.2239864612622228,-0.35897435851415976,0.06410256402032061,0.0,PETROLEO_otc,1785979260,1m,DOWN,1
0.6257142857142769,0.8456238349638233,-0.22588687844852887,0.49999999999999994,0.8660254037844387,50.0,0.1,-0.18399059383506683,-0.4094618616745428,0.7627118631140608,0.3720000000000027,962.0000000000005,13.999999999998636,0.0,0.385245901323554,0.3018158428570957,0.03389830502726162,0.7627118631140608,1.0,NETFLIX_otc,1785982500,1m,UP,0
0.48285714285714626,0.34639747238223195,0.013612436805339414,0.49999999999999994,0.8660254037844387,50.0,0.1,-0.09237625100556937,-0.07877638885902123,0.666666665700538,0.19400000000000545,278.00000000000296,135.99999999999568,7.0,0.7692307686390465,0.25542784163423854,0.014492753602171282,0.666666665700538,1.0,MASTERCARD_otc,1785982920,1m,UP,0
0.11688714285714294,0.11061057725184989,-0.09398891750873709,0.49999999999999994,0.8660254037844387,50.0,0.1,-0.28854710824831586,-0.3822648234535076,0.589994832559876,0.06240399999999937,8288.399999999996,3645.3999999999805,11.0,0.6630028871908615,1.069078183361279,0.0003438198324810738,0.589994832559876,1.0,CADJPY_otc,1785984960,1m,UP,0
0.5092857142857058,0.47940038122147105,0.12225185613034512,0.7071067811865476,0.7071067811865476,50.0,0.1,-0.007967937468955213,0.11427417770993879,0.7021276580803838,0.2400000000000091,92.999999999995,500.9999999999991,1.0,0.4226804119354535,0.1785845791292145,0.08510638279780554,0.7021276580803838,1.0,VISA_otc,1785985860,1m,UP,1
0.10290571428571431,0.07034379361069817,0.032307611683427134,0.7071067811865476,0.7071067811865476,50.0,0.1,-0.06981186867520925,-0.03752681153922266,0.19459661112302473,0.06876999999999996,2900.7999999999965,2467.5000000000223,2.0,0.9524433252509203,0.5548967951200531,0.3055278846423528,0.19459661112302473,1.0,GBPCAD_otc,1785987720,1m,UP,1
0.30999999999999417,0.3455120417364579,0.012655506676281163,0.7071067811865476,0.7071067811865476,50.0,0.1,0.06712620043884958,0.07979020227590881,0.4153846147455487,0.06599999999999681,141.0000000000025,296.99999999999704,19.0,0.44094488154257117,0.31778600740586627,-0.5692307683550565,0.4153846147455487,0.0,PETROLEO_otc,1785988140,1m,DOWN,1
0.2978571428571359,0.25118182171793446,-0.032316338624905926,0.7071067811865476,0.7071067811865476,50.0,0.1,-0.05104121833494938,-0.08334106230689992,0.7066666657244081,0.1939999999999941,226.99999999999818,41.0000000000025,3.0,0.6428571417092055,0.12445827314118407,0.21333333304892224,0.7066666657244081,1.0,SPOTIFY_otc,1785988380,1m,UP,1
0.37000000000000455,0.34781026138522025,-0.01259463515022131,0.7071067811865476,0.7071067811865476,50.0,0.1,-0.11240581057963056,-0.12498628862812171,0.883720929204951,0.3759999999999991,181.00000000000023,4.000000000002046,8.0,0.9223300961919302,0.2586120317358249,0.023255813926491307,0.883720929204951,1.0,NETFLIX_otc,1785988680,1m,UP,1
0.47714285714285865,0.36653111046992515,0.24073448677438056,0.8660254037844386,0.5000000000000001,50.0,0.1,-0.3845845812266479,-0.1447759221700967,0.6170212759393388,0.271999999999997,10100.000000000051,19699.99999999999,1.0,0.9405940584746565,1.5615337043666906,0.21276595722045016,0.6170212759393388,1.0,NVIDIA_otc,1785988860,1m,UP,1
0.4478571428571446,0.29436932024066553,0.026410880695706795,0.8660254037844386,0.5000000000000001,50.0,0.1,-0.5922825111608296,-0.5660280574925272,0.4418604640887173,0.2680000000000035,13900.000000000005,10999.999999999942,15.0,0.11249999985937967,1.0733932644428594,0.16279069729581713,0.4418604640887173,1.0,INTEL_otc,1785989100,1m,UP,1
0.510000000000001,0.28182002678510665,0.34240604965411525,0.8660254037844386,0.5000000000000001,50.0,0.1,-0.49862152693597556,-0.15792278755496678,0.1833333330277764,0.2299999999999983,11900.000000000047,14499.999999999956,8.0,0.5206611565944966,3.596908442223638,0.6166666656388832,0.1833333330277764,1.0,SHIBA_otc,1785989280,1m,UP,1
0.11682428571428563,0.14237499194856884,0.24947869344484155,0.8660254037844386,0.5000000000000001,50.0,0.1,-0.18529902421157662,0.06371738764869585,0.7730318734074998,0.12555400000000105,3173.00000000003,7766.699999999957,1.0,0.9338121487436561,0.670725235477979,0.15788814330873857,0.7730318734074998,1.0,EURCAD_otc,1785989460,1m,UP,1
0.09300142857142848,0.08724609558747294,-0.07062847467342809,0.8660254037844386,0.5000000000000001,50.0,0.1,-0.09944040952721252,-0.16999865095618252,0.2159004940255279,0.04918999999999869,4265.2999999999965,1634.4000000000135,1.0,0.23417663185749107,0.5761655625107466,0.03252374121754367,0.2159004940255279,1.0,GBPNZD_otc,1785990360,1m,UP,1
0.41857142857142804,0.3531802142810738,0.08529615055659502,0.8660254037844386,0.5000000000000001,50.0,0.1,-0.23772072983211356,-0.1526273459071404,0.1874999997070271,0.24800000000000183,11799.999999999996,26199.999999999975,1.0,0.9749999987812549,2.250984805789216,-0.5624999991210924,0.1874999997070271,0.0,SHIBA_otc,1785990660,1m,DOWN,0
0.10100214285714314,0.10624976745748532,-0.11855723259940971,0.8660254037844386,0.5000000000000001,50.0,0.1,0.19822468090364811,0.07943243860823,0.7620503336181524,0.09660999999999972,2079.6999999999953,2995.4000000000033,2.0,0.9687762829987853,0.6350731721373787,-0.12819728800369282,0.7620503336181524,0.0,GBPCAD_otc,1785990720,1m,DOWN,0
0.4414285714285714,0.2770686430610647,0.00811861044920028,0.8660254037844386,0.5000000000000001,50.0,0.1,1.1769467925562005,1.1851609547306825,0.5652173888468832,0.1520000000000003,13199.999999999984,19600.000000000007,0.0,0.2702702699050395,9.024390242801896,-0.30434782476369804,0.5652173888468832,0.0,SPACEX_otc,1785990900,1m,DOWN,1
0.4878571428571427,0.36669372197750877,0.29198446201524264,0.8660254037844386,0.5000000000000001,50.0,0.1,-0.9901724203789,-0.7010791079783242,0.706666665724446,0.25799999999999984,11899.999999999976,26099.999999999993,0.0,0.4999999995370403,3.0716723548614584,0.013333333315562378,0.706666665724446,1.0,SHIBA_otc,1785991200,1m,UP,1
0.12014785714285685,0.10513887462166875,-0.05181479062904062,0.8660254037844386,0.5000000000000001,50.0,0.1,-0.2650867550374907,-0.3167641915194233,0.5434904430904867,0.09618999999999858,4985.199999999992,1146.7999999999988,2.0,0.9861645690094922,0.6957313503626608,0.06756687863661488,0.5434904430904867,1.0,CADJPY_otc,1785991620,1m,UP,1
0.12236142857142848,0.13435320227491612,-0.20576847181974292,0.9659258262890683,0.25881904510252074,50.0,0.1,0.5433192520168941,0.33643280047517354,0.8434566851471104,0.10115399999999966,3681.0000000000186,3916.2999999999925,5.0,0.9555297172031014,1.3015844992307097,-0.14233038252660588,0.8434566851471104,0.0,GBPCAD_otc,1785992400,1m,DOWN,1
0.10433714285714275,0.08408123819863526,0.012344087926211559,0.9659258262890683,0.25881904510252074,50.0,0.1,0.5038680576299693,0.5162743434722468,0.623679568314555,0.07550400000000082,1837.40000000002,3086.500000000001,0.0,0.17468291569856978,2.03042073589102,-0.2027582129877125,0.623679568314555,0.0,NZDJPY_otc,1785992400,1m,DOWN,1
0.48214285714285665,0.35252620508964744,-1.9203740158891516,0.9659258262890683,0.25881904510252074,50.0,0.1,4.903607605729271,2.88906598353853,0.7446808502716158,0.352,13300.0,12199.999999999996,5.0,0.6639344256852991,13.146551722721265,-0.0957446807492077,0.7446808502716158,0.0,SOLANA_otc,1785994500,1m,DOWN,0
0.4971428571428516,0.8083764763635731,0.041708691382846864,0.9659258262890683,0.25881904510252074,50.0,0.1,0.13590477536553683,0.17767015085171545,0.7692307677514625,0.2300000000000068,100.0,244.99999999999886,14.0,0.631944444005573,0.3166018072679533,-0.019230769193770165,0.7692307677514625,0.0,MICROSOFT_otc,1785994740,1m,DOWN,0
0.09131928571428562,0.06711348674391866,0.10813241413000889,0.9659258262890683,0.25881904510252074,50.0,0.1,0.23223236605307587,0.34061589864688924,0.8757622648500057,0.0391459999999995,128.0999999999466,4631.400000000028,8.0,0.46747319728128156,0.6343999530042452,-0.02718346225129604,0.8757622648500057,0.0,AUDUSD_otc,1785994980,1m,DOWN,1
0.495,0.41161234830223253,0.0718484183071471,0.9659258262890683,0.25881904510252074,50.0,0.1,-4.303072794474765,-4.234316065909054,0.43010752641923977,0.31999999999999956,15800.0,8799.999999999989,10.0,0.5841584152632094,11.89634864406403,0.4838709672216435,0.43010752641923977,1.0,SOLANA_otc,1785995400,1m,UP,1
0.3042857142857055,0.19193061912920703,0.026918114993729706,0.9659258262890683,0.25881904510252074,50.0,0.1,0.005751200104496737,0.032670863212884094,0.09374999970712561,0.07200000000000273,183.9999999999975,118.99999999999977,0.0,0.6190476175737348,0.09384845708645691,-0.7187499977538008,0.09374999970712561,0.0,AMZN_otc,1785995700,1m,DOWN,1
0.11584714285714284,0.08125575202488493,0.18415411480521435,0.9659258262890683,0.25881904510252074,50.0,0.1,-0.7720333349918613,-0.5893009513407025,0.9602638529899158,0.08653799999999982,2889.600000000012,3410.3999999999955,0.0,0.4643771634870544,2.194106910891958,0.008167111605407526,0.9602638529899158,1.0,CHFJPY_otc,1785995700,1m,UP,0
0.5271428571428528,0.26484185616818046,-0.035347468083126894,1.0,6.123233995736766e-17,50.0,0.1,-0.07725770796083692,-0.1125778674003006,0.6060606051423272,0.24799999999999045,261.99999999999477,121.00000000000364,5.0,0.6306306300624769,0.2214508020105736,0.25757575718552783,0.6060606051423272,1.0,META_otc,1785996000,1m,UP,1
0.4578571428571406,0.5231329962793685,-0.02083353422683097,1.0,6.123233995736766e-17,50.0,0.1,0.09275906426238929,0.07190620504415673,0.7567567557341063,0.22600000000001047,88.99999999999864,250.0,1.0,0.5213675209218894,0.3118752498991978,-0.06756756747619776,0.7567567557341063,0.0,PRATA_otc,1785996060,1m,DOWN,1
0.4735714285714323,0.37520104499533097,0.010489141132202966,1.0,6.123233995736766e-17,50.0,0.1,-0.060843694160724604,-0.0503609350094722,0.812499997460782,0.36999999999997046,125.99999999999909,185.00000000000227,0.0,0.27722772249781047,0.22631531773724672,0.06249999980479852,0.812499997460782,1.0,APPLE_otc,1785996300,1m,UP,1
0.441428571428576,0.29779870076599135,0.026818210494416603,1.0,6.123233995736766e-17,50.0,0.1,-0.02393847031168858,0.0028733203133706905,0.17948717902709047,0.1420000000000073,61.000000000001364,221.00000000000364,1.0,0.7397260263838688,0.134095042157034,0.30769230690337546,0.17948717902709047,1.0,VISA_otc,1785996960,1m,UP,1
0.5557142857142878,0.6166624097386789,-0.08464460237261978,1.0,6.123233995736766e-17,50.0,0.1,0.008377118825824816,-0.07627457432571537,0.26136363606665425,0.30200000000000954,202.99999999999727,124.00000000000091,4.0,0.5444444438394669,0.19965393318203575,-0.3181818178202186,0.26136363606665425,0.0,STARBUCKS_otc,1785997140,1m,DOWN,0
0.4621428571428571,0.31963921968271564,0.19696546915731133,1.0,6.123233995736766e-17,50.0,0.1,0.16986364496635545,0.3671636868489025,0.4666666658888897,0.3320000000000022,7299.999999999968,31499.999999999985,0.0,0.6124999992343743,1.8700327255289948,-0.34999999941666726,0.4666666658888897,0.0,GOLD_otc,1785997200,1m,DOWN,1
0.525,0.37917855111615484,-1.0218923652247678,1.0,6.123233995736766e-17,50.0,0.1,-5.604454940019444,-6.569075808099691,0.8571428556122449,0.3759999999999998,18200.000000000004,4399.9999999999945,0.0,0.40983606523783966,14.386792451133617,0.035714285650509416,0.8571428556122449,1.0,SOLANA_otc,1785997200,1m,UP,1
0.49642857142856656,0.31974663736727776,-0.0425859427069924,1.0,6.123233995736766e-17,50.0,0.1,-0.07711475124851583,-0.11966785391172288,0.6557377038430622,0.20799999999999272,320.99999999999795,62.000000000000455,6.0,0.9255319139090157,0.20301498855297126,0.26229508153728076,0.6557377038430622,1.0,PAYPAL_otc,1785997260,1m,UP,1
0.42500000000000326,0.42831384191737076,0.0941785497468933,1.0,6.123233995736766e-17,50.0,0.1,-0.05642750209261401,0.03769790505115008,0.5862068955410361,0.20000000000002274,80.00000000000114,302.99999999999727,1.0,0.8965517231074411,0.21564010410158588,0.1206896549643079,0.5862068955410361,1.0,NETFLIX_otc,1785998160,1m,UP,1
0.09285000000000083,0.06863061386457535,-0.08820324654362471,1.0,6.123233995736766e-17,50.0,0.1,-0.2968176036207224,-0.38475904740164063,0.7510027467479249,0.05457800000000148,4197.099999999985,494.2000000000135,12.0,0.5621518353114058,0.5974654077514455,0.09642154859284066,0.7510027467479249,1.0,GBPCAD_otc,1785998220,1m,UP,1
0.5807142857142854,0.34695298466483343,0.06282644920839527,1.0,6.123233995736766e-17,50.0,0.1,-0.07789486604713143,-0.015117355417189208,0.6262626256300367,0.4019999999999982,131.99999999999932,232.9999999999984,6.0,0.5902777773678793,0.366123414099905,0.12121212108968821,0.6262626256300367,1.0,SUI_otc,1785998460,1m,UP,0
0.4078571428571414,0.30679932219873607,0.04244808479261162,1.0,6.123233995736766e-17,50.0,0.1,0.014952452068170636,0.05740688389031473,0.17543859618348306,0.23399999999998045,51.99999999999818,275.9999999999991,6.0,0.9789473673905421,0.23501471934237816,-0.7543859635888176,0.17543859618348306,0.0,NETFLIX_otc,1785998760,1m,DOWN,0
0.42428571428571005,0.35531134787002777,-0.05346121351680273,1.0,6.123233995736766e-17,50.0,0.1,0.06238872212388835,0.00889415483914056,0.272727272231358,0.14599999999999227,132.000000000005,133.9999999999975,1.0,0.6989247304312342,0.26311322356062233,-0.10909090889256387,0.272727272231358,0.0,NIKE_otc,1785998760,1m,DOWN,1
0.42357142857142094,0.36828082920207905,-0.009522392280499361,1.0,6.123233995736766e-17,50.0,0.1,0.1993313825176695,0.18979000912098865,0.8433734929597935,0.29600000000000365,234.00000000000318,200.0,18.0,0.7593984956696274,0.35628181087501243,-0.048192771026299354,0.8433734929597935,0.0,PRATA_otc,1785999180,1m,DOWN,1
0.09312357142857154,0.09792792649349553,0.02044047056153167,1.0,6.123233995736766e-17,50.0,0.1,0.13325839583003635,0.1537261050347384,0.19767176218130583,0.025066000000001053,2505.7999999999934,3705.5999999999754,19.0,0.7680961925832562,0.2727151864449416,-0.23590504181804747,0.19767176218130583,0.0,AUDJPY_otc,1785999240,1m,DOWN,1
0.4678571428571599,0.28874967288571946,0.018440790618447816,0.9659258262890683,-0.25881904510252063,50.0,0.1,-0.06306658931742366,-0.04463742867666206,0.5820895513699814,0.3239999999999895,165.99999999999682,118.00000000000068,5.0,0.9242424228420426,0.15602468026724303,0.1492537311205472,0.5820895513699814,1.0,COKE_otc,1785999600,1m,UP,1
0.5757142857142818,0.9852408083955806,-0.11863048435600079,0.9659258262890683,-0.25881904510252063,50.0,0.1,0.11029622368517254,-0.008465105615212338,0.8333333320707645,0.4300000000000068,216.9999999999959,174.0000000000009,2.0,0.9269662916140653,0.3555875184778491,-0.06060606051418105,0.8333333320707645,0.0,META_otc,1786000320,1m,DOWN,1
0.10923714285714377,0.1012252306860171,0.014564129494784394,0.9659258262890683,-0.25881904510252063,50.0,0.1,0.28011424389864953,0.2947191695946486,0.822445549658755,0.05738199999999836,1651.7000000000337,4196.499999999972,6.0,0.9997697889761608,0.8479842614631309,-0.0682579554961623,0.822445549658755,0.0,EURNZD_otc,1786000860,1m,DOWN,1
0.5085714285714289,0.5423904151681217,-0.021585157956204564,0.9659258262890683,-0.25881904510252063,50.0,0.1,-0.09357805923867502,-0.11514301822298056,0.2499999995833807,0.11600000000000818,172.00000000000273,168.99999999999977,18.0,0.5724637677011299,0.3386835517588496,0.5166666658055398,0.2499999995833807,1.0,AVAX_otc,1786000980,1m,UP,1
0.5042857142857022,0.26131114881294903,-0.044810197631253414,0.9659258262890683,-0.25881904510252063,50.0,0.1,-0.049035681814913336,-0.09382390646023565,0.7040816319346532,0.3080000000000155,383.0000000000041,38.999999999998636,4.0,0.41836734651194585,0.17320607988658293,0.11224489784465991,0.7040816319346532,1.0,BITCOIN_otc,1786001040,1m,UP,1
0.4407142857142858,0.39521867642878344,-1.1349841539348715,0.9659258262890683,-0.25881904510252063,50.0,0.1,1.1395163622391304,-0.008401121838650166,0.5161290314255987,0.1700000000000001,21400.000000000004,11699.999999999998,3.0,0.6233766225670431,10.078534030094428,-0.370967741337148,0.5161290314255987,0.0,FORD_otc,1786001280,1m,DOWN,0
0.4692857142857148,0.32161764888962796,0.7514484235941039,0.9659258262890683,-0.25881904510252063,50.0,0.1,0.8816404230008102,1.6397139196553219,0.698630136029277,0.2760000000000005,2199.9999999999886,27100.000000000007,4.0,0.9102564090894146,1.8296973961569416,-0.15068493130043,0.698630136029277,0.0,GOLD_otc,1786001640,1m,DOWN,0
0.09915142857142913,0.08116809601449067,-0.03871441067354611,0.9659258262890683,-0.25881904510252063,50.0,0.1,0.14552666935841724,0.1067559188924562,0.08228093955424795,0.02870800000000031,2954.7000000000166,2566.3000000000125,5.0,0.6387193313806717,0.9302856350114026,-0.8172721894572228,0.08228093955424795,0.0,AUDUSD_otc,1786001700,1m,DOWN,1
0.09762071428571518,0.09291304325213634,0.053598569428403985,0.9659258262890683,-0.25881904510252063,50.0,0.1,-0.3162242807772423,-0.2627952030395202,0.8948451763028582,0.07650399999999849,3595.2999999999943,1948.1999999999998,6.0,0.9625858000958483,0.6939175563786769,0.08182519871494842,0.8948451763028582,1.0,GBPNZD_otc,1786002660,1m,UP,1
0.0972207142857151,0.07766875782061394,-0.19910043950027148,0.8660254037844387,-0.4999999999999998,50.0,0.1,0.09133021042847758,-0.10795206792215349,0.4926526882606478,0.025064000000001842,4261.5999999999585,1757.6999999999998,0.0,0.43193249806947814,0.5744728250778597,-0.06351417185376017,0.4926526882606478,0.0,EURCHF_otc,1786003200,1m,DOWN,1
0.4878571428571422,0.291902625638106,-0.3027525889638356,0.8660254037844387,-0.4999999999999998,50.0,0.1,0.22972664072252394,-0.07372145159363876,0.5438596481686586,0.20399999999999635,26600.000000000036,8299.999999999982,1.0,0.23595505591465807,1.448803516173714,-0.35087719236688697,0.5438596481686586,0.0,NVIDIA_otc,1786003260,1m,DOWN,1
0.10523642857142843,0.073631226335072,-0.2499431114329021,0.8660254037844387,-0.4999999999999998,50.0,0.1,0.36666838419619974,0.11580881039519694,0.5428283446105793,0.07870200000000054,4760.900000000028,2903.7999999999897,2.0,0.9892821792000035,1.550851174006852,-0.43768894370522615,0.5428283446105793,0.0,NZDJPY_otc,1786003920,1m,DOWN,1
0.10993785714285716,0.07115057274188728,-0.09861028389990055,0.8660254037844387,-0.4999999999999998,50.0,0.1,-0.22800289959855136,-0.3263883491918578,0.18002496729066583,0.057482000000000255,5666.2000000000035,1232.299999999995,0.0,0.40471848917233316,1.6704585010648025,0.7251768562199409,0.18002496729066583,1.0,NZDJPY_otc,1786004400,1m,UP,1
0.10412357142857077,0.10380634183108886,-0.16391444100180302,0.8660254037844387,-0.4999999999999998,50.0,0.1,0.18596832446918035,0.02174905452788323,0.9191251193699601,0.05060000000000002,4635.099999999994,2251.6000000000245,5.0,0.8550942690311673,0.49101934868130903,-0.006612410930709603,0.9191251193699601,0.0,EURNZD_otc,1786005300,1m,DOWN,1
0.5707142857142823,0.4919757209003449,0.019581229003511648,0.8660254037844387,-0.4999999999999998,50.0,0.1,0.10146419985424182,0.12106529679508352,0.4523809518423811,0.37199999999999134,81.99999999999932,175.9999999999991,1.0,0.4054054051314932,0.32599837000743587,-0.19047619024945567,0.4523809518423811,0.0,MICROSOFT_otc,1786005360,1m,DOWN,1
0.11427357142857174,0.0939753139831228,-0.04943033337289613,0.8660254037844387,-0.4999999999999998,50.0,0.1,0.2283208632736079,0.17877767013683576,0.1537964215659776,0.07729599999999977,3839.6000000000186,2960.999999999956,5.0,0.9194571338762241,0.7496656975474942,-0.7993678557620434,0.1537964215659776,0.0,EURJPY_otc,1786005900,1m,DOWN,0
0.49357142857143443,0.8065736104358228,-0.16111272495845247,0.7071067811865476,-0.7071067811865475,50.0,0.1,0.04703895114864541,-0.1141495595457945,0.7446808494794076,0.2800000000000068,321.99999999999704,102.00000000000387,2.0,0.5277777772890683,0.3100241129856874,-0.1276595741964664,0.7446808494794076,0.0,NIKE_otc,1786007220,1m,DOWN,0
0.11968857142857152,0.0810709206878271,0.045657018641414526,0.7071067811865476,-0.7071067811865475,50.0,0.1,0.27285681384081834,0.3186384107685925,0.7263787881455185,0.06861399999999947,588.4999999999962,7218.699999999955,14.0,0.9363102473640889,0.5156277497975756,-0.11107310721614913,0.7263787881455185,0.0,EURGBP_otc,1786007640,1m,DOWN,1
0.42714285714285744,0.14579264214199014,-0.014615598398567034,0.7071067811865476,-0.7071067811865475,50.0,0.1,-0.15696790833983237,-0.17156056493930183,0.08695652155009384,0.07800000000000154,9500.000000000027,17599.999999999978,1.0,0.2530120478879367,1.368282228793806,0.3695652165879104,0.08695652155009384,1.0,NVIDIA_otc,1786008060,1m,UP,1
0.4685714285714328,0.3559949685287782,-0.031734497038669235,0.7071067811865476,-0.7071067811865475,50.0,0.1,0.08113234460190699,0.04937210062174265,0.030303030211171617,0.32000000000000456,288.99999999999864,104.00000000000205,7.0,0.5752212384289899,0.32436776989888677,-0.3636363625344039,0.030303030211171617,0.0,NIKE_otc,1786008120,1m,DOWN,1
0.4157142857142893,0.4366480715061908,0.08200937406653973,0.7071067811865476,-0.7071067811865475,50.0,0.1,-0.10608715581382357,-0.02416478315973174,0.6363636349174258,0.28200000000001635,122.00000000000273,293.0000000000007,4.0,0.9799999990200181,0.2200268432743954,0.06818181802679785,0.6363636349174258,1.0,SPOTIFY_otc,1786008240,1m,UP,1
0.09608714285714319,0.07005522643665017,-0.016145600930087132,0.7071067811865476,-0.7071067811865475,50.0,0.1,-0.12698434648675697,-0.14310944503101666,0.44675701298687975,0.07856999999999772,2509.9999999999764,3537.900000000036,0.0,0.2406012108101386,0.6651545603267118,0.3028799576127728,0.44675701298687975,1.0,GBPNZD_otc,1786008900,1m,UP,1
0.5314285714285754,0.35782385655699733,0.007912075331045076,0.7071067811865476,-0.7071067811865475,50.0,0.1,0.09102915480930687,0.09894843243565367,0.17741935455257013,0.3739999999999782,88.99999999999864,156.99999999999363,13.0,0.2936507934177432,0.2323480056791878,-0.20967741901664047,0.17741935455257013,0.0,VISA_otc,1786009080,1m,DOWN,1
0.47857142857141965,0.40054701593943687,0.007020072219368211,0.7071067811865476,-0.7071067811865475,50.0,0.1,-0.11801975914771412,-0.1110079720006712,0.7804878039262243,0.36199999999997773,167.999999999995,307.000000000005,9.0,0.6942148754593319,0.2662149080342723,0.17073170710891789,0.7804878039262243,1.0,SPOTIFY_otc,1786009140,1m,UP,0
0.43714285714284934,0.3410270525289586,-0.04005092798043961,0.49999999999999994,-0.8660254037844387,50.0,0.1,-0.09592166038874193,-0.13593417085406162,0.4509803912724083,0.3120000000000118,300.9999999999991,23.00000000000182,10.0,0.4751773046275155,0.24922228506742716,0.13725490169175758,0.4509803912724083,1.0,BITCOIN_otc,1786010400,1m,UP,1
0.5428571428571323,0.48885827964197726,0.1572107782021734,0.49999999999999994,-0.8660254037844387,50.0,0.1,0.11640598454527522,0.27379976550162616,0.2222222216048856,0.18799999999999956,23.00000000000182,562.9999999999995,0.0,0.10833333324305279,0.2686426828443221,-0.13888888850311273,0.2222222216048856,0.0,APPLE_otc,1786010700,1m,DOWN,1
0.08946,0.0868692443807476,-0.034499879826636236,0.49999999999999994,-0.8660254037844387,50.0,0.1,0.2444979188299474,0.2099136875151362,0.7435158394305972,0.07587999999999936,1377.0999999999844,5141.79999999996,1.0,0.9707213596594235,0.7518437386236411,-0.10691642497243095,0.7435158394305972,0.0,GBPCAD_otc,1786010760,1m,DOWN,0
0.5292857142857079,0.366147901409272,0.08788694683657348,0.49999999999999994,-0.8660254037844387,50.0,0.1,-0.11035022440495136,-0.022560261011434685,0.5180722885324257,0.36000000000000226,131.00000000000023,476.9999999999982,12.0,0.9208633086900158,0.3120720235281798,0.4457831319929474,0.5180722885324257,1.0,APPLE_otc,1786011120,1m,UP,1
0.47928571428572503,0.371161674963833,0.021061922849039183,0.49999999999999994,-0.8660254037844387,50.0,0.1,-0.011311238122106888,0.009748302362685746,0.015151515128631388,0.2200000000000159,85.00000000000227,137.99999999999955,4.0,0.406015037288688,0.2655432655826635,0.7272727261707754,0.015151515128631388,1.0,LINK_otc,1786011240,1m,UP,1
0.09935285714285717,0.06850027152195316,0.06645444547811365,0.49999999999999994,-0.8660254037844387,50.0,0.1,-0.0972105225015946,-0.030820677737155786,0.7838288880272999,0.0833359999999999,2267.399999999995,3367.799999999974,6.0,0.14627563088154022,0.49110246497922566,0.13284292431945027,0.7838288880272999,1.0,EURCAD_otc,1786012560,1m,UP,0
0.5307142857142862,0.49812615899085605,0.05101314894261555,0.49999999999999994,-0.8660254037844387,50.0,0.1,0.1186578454147311,0.16973152546076015,0.39024390148716265,0.3239999999999895,33.00000000000409,289.9999999999977,1.0,0.46451612873256476,0.3929422501637746,-0.14634146305772064,0.39024390148716265,0.0,SUI_otc,1786012860,1m,DOWN,1
0.4735714285714285,0.3676327599051925,-0.30548129014107495,0.49999999999999994,-0.8660254037844387,50.0,0.1,3.1571867126175666,2.842060807774625,0.4285714276967945,0.16599999999999965,31699.999999999996,14499.999999999993,12.0,0.7307692300665671,9.914204002868054,-0.16326530578925455,0.4285714276967945,0.0,ETHEREUM_otc,1786012920,1m,DOWN,1
0.11362142857142857,0.07003737275521714,-0.3391626664787294,0.49999999999999994,-0.8660254037844387,50.0,0.1,0.684096444959961,0.3426135787372193,0.41661258652425137,0.08005400000000015,6931.50000000001,3410.600000000006,14.0,0.5357037737336731,1.291160898576362,-0.5383517161690355,0.41661258652425137,0.0,NZDJPY_otc,1786013040,1m,DOWN,1
0.48857142857143493,0.27968290515210037,-0.023273528077336233,0.49999999999999994,-0.8660254037844387,50.0,0.1,-0.08213532635092569,-0.10538973864002221,0.6315789462604193,0.36400000000001,157.9999999999984,47.999999999996135,12.0,0.7029702963336788,0.2032970350834238,0.2456140346567965,0.6315789462604193,1.0,META_otc,1786013220,1m,UP,0
0.5342857142857156,0.3395569187637073,0.03469042664442311,0.49999999999999994,-0.8660254037844387,50.0,0.1,-0.1124227222186966,-0.07777129549625644,0.8024691348117362,0.42799999999999727,125.0,190.0000000000034,12.0,0.9361702121019855,0.33190527752853116,0.19753086395369593,0.8024691348117362,1.0,COKE_otc,1786013520,1m,UP,1
0.49714285714285567,0.2556396846030497,-0.082836313568195,0.49999999999999994,-0.8660254037844387,50.0,0.1,-0.09755355480470307,-0.18030905860434313,0.6753246744476227,0.29599999999999227,460.9999999999957,24.00000000000091,3.0,0.3185840705145407,0.2554307285421102,0.11688311673136473,0.6753246744476227,1.0,APPLE_otc,1786013580,1m,UP,1
0.4164285714285825,0.37282114244373127,0.08729787371030165,0.258819045102521,-0.9659258262890682,50.0,0.1,-0.03086125253043863,0.05640967996260358,0.28124999956056357,0.16999999999999318,75.0,202.00000000000387,3.0,0.9324324311723741,0.18039980497274627,0.4374999993164618,0.28124999956056357,1.0,AVAX_otc,1786014180,1m,UP,1
0.09993571428571409,0.09989429893670242,-0.07889989536871041,0.258819045102521,-0.9659258262890682,50.0,0.1,-0.23563040384557546,-0.3143443870721948,0.5411228137983246,0.07692599999999743,3759.5999999999917,2252.200000000002,18.0,0.4264336661949575,1.101023240813673,0.22888818816727505,0.5411228137983246,1.0,AUDUSD_otc,1786014480,1m,UP,0
0.47499999999999837,0.49457718648151067,-0.0297334485236416,0.258819045102521,-0.9659258262890682,50.0,0.1,0.0797723509572278,0.05001518336267824,0.47222222091043675,0.4080000000000041,121.00000000000364,181.00000000000023,3.0,0.9841269833459452,0.24782172570413089,-0.4444444432099993,0.47222222091043675,0.0,DISNEY_otc,1786014480,1m,DOWN,1
0.48571428571428654,0.3677052390835067,-0.014843510863368742,0.258819045102521,-0.9659258262890682,50.0,0.1,-0.13436396488740304,-0.1491875314210473,0.6904761896541967,0.34799999999999043,376.9999999999982,50.99999999999909,10.0,0.8857142844490005,0.1585073139799836,0.16666666646824269,0.6904761896541967,1.0,APPLE_otc,1786015200,1m,UP,0
0.47857142857142876,0.3259171337013461,0.6887196428618063,0.258819045102521,-0.9659258262890682,50.0,0.1,0.5630209539110362,1.2556182326758558,0.41891891835281425,0.28600000000000136,3599.999999999994,33600.000000000065,2.0,0.8765432087943897,1.9741652448946152,-0.3513513508765486,0.41891891835281425,0.0,SHIBA_otc,1786015620,1m,DOWN,1
0.07770785714285695,0.08461087836413426,0.5380005231888266,1.2246467991473532e-16,-1.0,50.0,0.1,-0.6351517014041325,-0.10056829769190272,0.5875146738124697,0.05529400000000066,2768.3999999999996,9634.499999999982,7.0,0.6571129241269095,1.4307365249720474,0.30860882180552607,0.5875146738124697,1.0,NZDJPY_otc,1786017720,1m,UP,1
0.49785714285713667,0.35028795082822123,0.033416483346802986,1.2246467991473532e-16,-1.0,50.0,0.1,0.08874574427988775,0.12219188333354902,0.7575757564278869,0.23799999999999955,17.00000000000159,243.00000000000068,14.0,0.542857142340153,0.20688839848634252,-0.1969696966712437,0.7575757564278869,0.0,MASTERCARD_otc,1786018140,1m,DOWN,0
0.09895428571428562,0.06151134668934449,-0.03011111910689795,1.2246467991473532e-16,-1.0,50.0,0.1,-0.15560736401734943,-0.18567162800552903,0.11478168351092041,0.06291000000000224,3023.7999999999943,959.6999999999412,1.0,0.6839486328894632,0.7513644108120529,0.36010981879271875,0.11478168351092041,1.0,EURCHF_otc,1786018560,1m,UP,1
0.4757142857142834,0.4114441199016344,0.01990038624458532,1.2246467991473532e-16,-1.0,50.0,0.1,0.09292242313454306,0.11284130130023999,0.4637681152698929,0.34799999999999043,90.00000000000341,321.99999999999704,14.0,0.35897435866755195,0.2572106929294416,-0.14492753602187758,0.4637681152698929,0.0,MICROSOFT_otc,1786018740,1m,DOWN,1
0.3828571428571398,0.36022352633386967,-0.029508190249977098,1.2246467991473532e-16,-1.0,50.0,0.1,-0.1173066036602808,-0.14678017885447403,0.6730769217825023,0.20199999999999818,152.99999999999727,130.00000000000114,17.0,0.8866666660755828,0.3625202407125637,0.17307692274415012,0.6730769217825023,1.0,AVAX_otc,1786019220,1m,UP,0
0.1904264285714287,0.2577369964017938,0.3158544661457242,1.2246467991473532e-16,-1.0,50.0,0.1,0.2851951491288421,0.6019504168903208,0.7478953973406961,0.07048000000000058,619.9000000000154,12197.999999999993,2.0,0.45508300251358075,0.516605033431624,-0.03265687895945753,0.7478953973406961,0.0,AUDJPY_otc,1786019520,1m,DOWN,0
0.4192857142857145,0.40062862691526163,-1.7318241937752734,-0.2588190451025208,-0.9659258262890683,50.0,0.1,5.5473549913978575,3.719460361766956,0.641025639381986,0.1759999999999998,13599.999999999995,21200.0,3.0,0.6929824555324712,21.923076918860957,-0.33333333247863245,0.641025639381986,0.0,SPACEX_otc,1786021380,1m,DOWN,0
0.12996214285714305,0.08565107205738924,-0.12011278711934854,-0.2588190451025208,-0.9659258262890683,50.0,0.1,-0.2400114947273715,-0.35983599735099614,0.8157242196614772,0.083596,10691.10000000002,230.40000000001726,1.0,0.5023047441981862,0.669208439319516,0.033831880078123426,0.8157242196614772,1.0,EURNZD_otc,1786023960,1m,UP,1
0.15059428571428615,0.17687393419562616,0.22706787921139404,-0.2588190451025208,-0.9659258262890683,50.0,0.1,0.1383882310472319,0.3657703454799431,0.6835976794839097,0.07516000000000389,1242.0999999999792,14592.700000000035,0.0,0.6271546734821982,0.27622704707389284,-0.0033987915193988793,0.6835976794839097,0.0,AUDJPY_otc,1786024200,1m,DOWN,0
0.3964285714285682,0.2429997963098408,0.2216844275785932,-0.4999999999999997,-0.8660254037844388,50.0,0.1,0.09671566888290073,0.3186145000384358,0.4358974347798062,0.20800000000001545,23.999999999995225,754.000000000002,5.0,0.6891891882578317,0.18441907989786296,-0.10256410230102798,0.4358974347798062,0.0,NETFLIX_otc,1786024800,1m,DOWN,0
0.47214285714287435,0.5097338243537023,0.07196874162783924,-0.4999999999999997,-0.8660254037844388,50.0,0.1,-0.07244655473313395,-0.0005299519790888669,0.868852457591981,0.3139999999999873,123.00000000000182,297.00000000000273,3.0,0.877358489738339,0.19374531629800368,0.0655737703842442,0.868852457591981,1.0,VISA_otc,1786025280,1m,UP,1
0.5921428571428576,0.5434591081191229,-0.7067936872712935,-0.4999999999999997,-0.8660254037844388,50.0,0.1,1.9916224991821139,1.2707521498123264,0.7283950608291435,0.3280000000000012,9399.999999999995,24100.0,5.0,0.28662420363909347,11.360347321898674,-0.23456790094497715,0.7283950608291435,0.0,ETHEREUM_otc,1786025700,1m,DOWN,1
0.5514285714285714,0.9590187865560102,-4.1130968805106765,-0.4999999999999997,-0.8660254037844388,50.0,0.1,-4.709810403889654,-8.629188219599978,0.3142857133877538,0.09599999999999938,29199.999999999996,18500.000000000004,0.0,0.282352940844291,9.976525820425286,0.3714285703673495,0.3142857133877538,1.0,FORD_otc,1786026300,1m,UP,1
0.577142857142856,0.7968661144712001,-0.13661253980948576,-0.4999999999999997,-0.8660254037844388,50.0,0.1,-0.1116874239827979,-0.24814738476573298,0.3137254895809501,0.2740000000000123,403.00000000000296,23.00000000000182,3.0,0.41428571398979125,0.29369807837480916,0.1568627447904193,0.3137254895809501,1.0,IBM_otc,1786026780,1m,UP,1
0.5,0.3973684037287556,-0.04171078423790843,-0.4999999999999997,-0.8660254037844388,50.0,0.1,-0.055301184672655296,-0.09698890235274392,0.6631578940387843,0.3059999999999832,493.9999999999998,100.0,1.0,0.8554216857163611,0.21719220201435802,0.14736842089755417,0.6631578940387843,1.0,SUI_otc,1786027860,1m,UP,0
0.07937785714285692,0.08175664764222973,0.052290992420037874,-0.7071067811865471,-0.7071067811865479,50.0,0.1,0.06547475332180507,0.1177999831401395,0.299763236705183,0.07272600000000011,1398.0000000000102,15463.699999999959,0.0,0.3778301091644905,0.4876326967657959,-0.2283305409232087,0.299763236705183,0.0,EURGBP_otc,1786029000,1m,DOWN,1
0.4957142857142734,0.37714733188656296,0.015443019592415418,-0.7071067811865471,-0.7071067811865479,50.0,0.1,0.1109989761641447,0.12645913735019654,0.4905660368102609,0.303999999999985,228.99999999999636,352.00000000000387,10.0,0.7565217384726086,0.2588515992521189,-0.41509433883941027,0.4905660368102609,0.0,STARBUCKS_otc,1786029000,1m,DOWN,0
0.08669071428571382,0.04943045005924613,-0.13902637279720936,-0.7071067811865471,-0.7071067811865479,50.0,0.1,0.15116789457637997,0.011931358538507157,0.535698533810059,0.03783200000000164,6993.200000000002,2851.0999999999594,2.0,0.4035170517908667,0.4953069187035731,-0.255178487104964,0.535698533810059,0.0,EURCHF_otc,1786029720,1m,DOWN,0
0.5257142857142867,0.5235030990749802,-0.0012827610827160192,-0.7071067811865471,-0.7071067811865479,50.0,0.1,0.11913894615885975,0.11785465680810805,0.7241379297858475,0.3960000000000036,325.9999999999991,206.99999999999363,13.0,0.6871165639956387,0.2994727075634314,-0.2241379306480144,0.7241379297858475,0.0,VISA_otc,1786030980,1m,DOWN,1
0.4699999999999948,0.3472853909789635,0.01188872370371764,-0.7071067811865471,-0.7071067811865479,50.0,0.1,0.09530725224961903,0.10720730676922624,0.5322580636576187,0.3740000000000009,71.99999999999704,197.00000000000273,7.0,0.8285714277823082,0.27446675031296186,-0.11290322562433781,0.5322580636576187,0.0,SUI_otc,1786031220,1m,DOWN,0
0.12351785714285717,0.15349510881832393,0.2510590075785385,-0.7071067811865471,-0.7071067811865479,50.0,0.1,-0.1616955569325665,0.08895749938543851,0.6884175200068253,0.0700579999999988,2266.4999999999936,5587.400000000002,1.0,0.8744496234602499,0.5983219649656497,0.01583631940912331,0.6884175200068253,1.0,EURJPY_otc,1786031460,1m,UP,0
0.7199999999999989,0.7465970418229382,-0.07102713227061799,-0.7071067811865471,-0.7071067811865479,50.0,0.1,0.7647825072362476,0.6932121718826324,0.4374999990885546,0.35000000000000286,15100.000000000051,24200.000000000015,7.0,0.22540983597319172,2.937989163119347,-0.04166666657985248,0.4374999990885546,0.0,INTEL_otc,1786031520,1m,DOWN,1
0.08857857142857332,0.08070480898540648,-0.02789188920053594,-0.8660254037844385,-0.5000000000000004,50.0,0.1,-0.27359463356059294,-0.30141021204907753,0.8127911266172395,0.059517999999998496,5052.499999999966,2940.2000000000326,4.0,0.3674981461780789,0.6103261026427647,0.02807503426827775,0.8127911266172395,1.0,GBPNZD_otc,1786032540,1m,UP,0
0.47499999999999964,0.40149240820506266,-0.6943779676517431,-0.8660254037844385,-0.5000000000000004,50.0,0.1,-3.7341701786920325,-4.402618891348316,0.3134328353530853,0.1320000000000002,13999.999999999995,14100.0,16.0,0.6760563375520734,18.465539659497317,0.28358208912898125,0.3134328353530853,1.0,SOLANA_otc,1786032660,1m,UP,0
0.084657857142858,0.12310142319820203,0.2755620551082741,-0.8660254037844385,-0.5000000000000004,50.0,0.1,0.09345027206546638,0.36926984066394836,0.05770676637488834,0.01826599999999985,561.9000000000085,12893.700000000052,1.0,0.3275077196593223,0.2607361865613758,0.6281014978562134,0.05770676637488834,1.0,EURNZD_otc,1786032960,1m,UP,0
0.5007142857142932,0.3349594038954528,0.00596085842767444,-0.8660254037844385,-0.5000000000000004,50.0,0.1,0.09825046132912263,0.10421717632770144,0.44897959092038114,0.40599999999999453,140.0000000000034,319.99999999999886,13.0,0.854961831408428,0.28935568661169103,-0.4081632644732214,0.44897959092038114,0.0,MICROSOFT_otc,1786033380,1m,DOWN,1
0.4242857142857425,0.2979785378728164,-0.0004524129541461579,-0.8660254037844385,-0.5000000000000004,50.0,0.1,-0.10431117674805611,-0.10476311778492603,0.8611111099150972,0.4460000000000036,175.0,152.99999999999727,18.0,0.6333333326296212,0.16557509750504734,0.08333333321767154,0.8611111099150972,1.0,VISA_otc,1786033380,1m,UP,0
0.08908642857142876,0.06263745080041203,-0.03645218586324626,-0.8660254037844385,-0.5000000000000004,50.0,0.1,0.4915721497620108,0.45494077510508135,0.8943936569506915,0.06328399999999945,1113.0999999999958,6562.3000000000075,7.0,0.8734751947869545,0.6337903779303868,-0.10097501461927601,0.8943936569506915,0.0,NZDJPY_otc,1786033620,1m,DOWN,1
0.09490214285714263,0.07764251738365688,0.02982911797051384,-0.8660254037844385,-0.5000000000000004,50.0,0.1,0.13293678593063704,0.16280555777185235,0.5122390147318736,0.026403999999996586,2779.4000000000096,4114.999999999966,4.0,0.46164302865147255,0.547536808552267,-0.14266858480120612,0.5122390147318736,0.0,EURGBP_otc,1786034040,1m,DOWN,1
0.31714285714284074,0.2985459264861535,-0.05152633847886535,-0.8660254037844385,-0.5000000000000004,50.0,0.1,0.057553982685071566,0.005997988746279839,0.48275861902498374,0.14599999999999227,895.999999999998,112.99999999999955,12.0,0.7790697665359716,0.1943063714410462,-0.17241379250897876,0.48275861902498374,0.0,AMZN_otc,1786035420,1m,DOWN,1
0.11321499999999927,0.13662499268148412,0.02498464253309817,-0.9659258262890683,-0.25881904510252063,50.0,0.1,0.20804895098610168,0.23308557380589762,0.22672208639360114,0.06212200000000081,9682.299999999983,3433.500000000009,0.0,0.7999700084971092,1.1597487703382179,0.6486094761995006,0.22672208639360114,1.0,EURCHF_otc,1786035900,1m,UP,0
0.11207071428571373,0.1564193452896475,-0.045934511823247384,-0.9659258262890683,-0.25881904510252063,50.0,0.1,-0.2030027332459713,-0.2488439967547143,0.27609520907570584,0.04664000000000072,4340.899999999976,5423.600000000021,3.0,0.5041298197253598,0.5338923872856124,0.31388348324643656,0.27609520907570584,1.0,CADJPY_otc,1786036380,1m,UP,1
0.44285714285714206,0.3544598119551669,0.08029861626175953,-0.9659258262890683,-0.25881904510252063,50.0,0.1,0.11407301532894547,0.19446323064354218,0.7346938760515433,0.13799999999999954,8.000000000004093,251.99999999999818,3.0,0.4333333328518203,0.2571502042908262,-0.061224489671029614,0.7346938760515433,0.0,NIKE_otc,1786036380,1m,DOWN,1
0.5035714285714334,0.4286248135609732,0.007447215800152482,-0.9659258262890683,-0.25881904510252063,50.0,0.1,0.05409092850873423,0.06154217257706106,0.5744680838840384,0.23999999999998636,193.99999999999977,241.0000000000025,1.0,0.18181818168044858,0.2822744477465455,-0.1489361698958573,0.5744680838840384,0.0,PAYPAL_otc,1786036560,1m,DOWN,1
0.529285714285714,0.4322290804913492,0.9472885012628494,-0.9659258262890683,-0.25881904510252063,50.0,0.1,2.955231605742207,3.9305146761919376,0.6021505369869357,0.25799999999999984,4599.999999999991,22100.000000000007,1.0,0.5840707959432999,8.593155892882654,-0.19354838688865741,0.6021505369869357,0.0,FORD_otc,1786037160,1m,DOWN,1
0.4721428571428561,0.3855757789424963,-0.06704344233311327,-0.9659258262890683,-0.25881904510252063,50.0,0.1,-1.0870896825433665,-1.1534043025320546,0.1636363633388371,0.16999999999999887,14299.999999999996,25400.000000000062,11.0,0.7297297292366659,3.640836408274528,0.09090909074380987,0.1636363633388371,1.0,GOLD_otc,1786037160,1m,UP,0
0.5742857142857198,0.553369796637412,0.020557688782497172,-0.9659258262890683,-0.25881904510252063,50.0,0.1,-0.08009501986480028,-0.059553796767217185,0.6481481469478544,0.34400000000000547,149.0000000000009,298.0000000000018,4.0,0.6990291255349296,0.20609067989874919,0.1481481478738855,0.6481481469478544,1.0,LINK_otc,1786037940,1m,UP,0
0.5171428571428537,0.4868653941677532,-0.004007999170712803,-0.9659258262890683,-0.25881904510252063,50.0,0.1,-0.13783470526489286,-0.14183718002176168,0.07692307683854127,0.3799999999999841,460.9999999999957,153.00000000000296,17.0,0.4166666663194484,0.24325967970759296,0.05494505488469018,0.07692307683854127,1.0,META_otc,1786038120,1m,UP,0
0.0895535714285727,0.07218202172602226,0.03195760932283587,-1.0,-1.8369701987210297e-16,50.0,0.1,0.12419101582665977,0.15618831362914756,0.848729242720315,0.06709800000000143,1303.3000000000072,3862.000000000023,1.0,0.14343228222966978,0.4535405205197669,-0.08834286703231313,0.848729242720315,0.0,GBPNZD_otc,1786039860,1m,DOWN,0
0.44428571428571423,0.34103349711210057,-0.34319941128120657,-1.0,-1.8369701987210297e-16,50.0,0.1,1.433389196291848,1.0852704017275994,0.7922077911789543,0.31599999999999967,51899.99999999998,16400.000000000004,12.0,0.948148147445816,2.8230865745959237,-0.038961038910441885,0.7922077911789543,0.0,NVIDIA_otc,1786039920,1m,DOWN,1
0.48714285714285704,0.3927194563930549,-1.1190874684036025,-1.0,-1.8369701987210297e-16,50.0,0.1,-4.794156638263291,-5.85959330051245,0.3962264143467447,0.2799999999999997,23499.999999999996,3800.0000000000077,13.0,0.46376811526990086,6.764705881689748,0.0943396224635116,0.3962264143467447,1.0,ETHEREUM_otc,1786041780,1m,UP,0
0.10120999999999977,0.08779280149946377,-0.051474997287407405,-1.0,-1.8369701987210297e-16,50.0,0.1,-0.3555070126860951,-0.4067990127483658,0.8311024151669107,0.06944400000000002,4604.299999999952,2311.7000000000585,10.0,0.996858285438308,0.77405808486403,0.03978041780885609,0.8311024151669107,1.0,AUDUSD_otc,1786041900,1m,UP,0
0.09387714285714262,0.07255441542887422,-0.009105788421167382,-1.0,-1.8369701987210297e-16,50.0,0.1,-0.20210432047136603,-0.21119170570072124,0.3436984647385882,0.05691799999999887,3355.800000000002,2793.5999999999694,0.0,0.14469787243857773,0.6853847159475864,0.09941107067832038,0.3436984647385882,1.0,EURJPY_otc,1786041900,1m,UP,1
0.5864285714285619,0.5008635399151146,-0.12418617893012951,-1.0,-1.8369701987210297e-16,50.0,0.1,0.10417946691425102,-0.02013608851506906,0.09230769216568721,0.21000000000000227,775.9999999999991,154.00000000000205,7.0,0.7228915658295904,0.34216927072526415,-0.24615384577510757,0.09230769216568721,0.0,META_otc,1786042020,1m,DOWN,1
0.6849999999999987,0.532780906679601,-0.5235337521114777,-0.9659258262890684,0.2588190451025203,50.0,0.1,1.546290218164763,1.0146611148555946,0.2166666663055619,0.6379999999999996,25599.99999999995,19100.000000000036,10.0,0.9191919182634438,2.334355104873029,-0.5166666658055524,0.2166666663055619,0.0,SHIBA_otc,1786044000,1m,DOWN,1
0.10761642857142865,0.0819250404773288,0.15785972400269777,-0.9659258262890684,0.2588190451025203,50.0,0.1,-0.044588314038849323,0.11320102297436925,0.30470767607004723,0.06778400000000033,2021.9000000000165,7576.400000000021,1.0,0.47319828125130137,0.45413144185181925,0.318560693128923,0.30470767607004723,1.0,CADJPY_otc,1786044660,1m,UP,1
0.40571428571429025,0.29981037947734424,0.033917658390383874,-0.9659258262890684,0.2588190451025203,50.0,0.1,-0.0906742013475353,-0.05678729752301269,0.4857142843265445,0.21599999999998545,107.99999999999841,306.9999999999993,10.0,0.9669421479611888,0.2499586845144474,0.45714285583677644,0.4857142843265445,1.0,META_otc,1786044900,1m,UP,0
0.4557142857142935,0.4364341018996534,-0.07429257798288581,-0.9659258262890684,0.2588190451025203,50.0,0.1,0.021094822101862854,-0.053213427768183344,0.19047619002276595,0.11200000000001183,592.999999999995,81.00000000000023,0.0,0.3188405792480977,0.14875177855355284,-0.33333333253963743,0.19047619002276595,0.0,PAYPAL_otc,1786045200,1m,DOWN,1
0.5014285714285742,0.5056477730778931,-0.021357757574393555,-0.9659258262890684,0.2588190451025203,50.0,0.1,-0.16592587354107502,-0.18724819306964446,0.6607142845344443,0.38400000000001455,635.0000000000023,59.99999999999659,19.0,0.230769230572022,0.26634492806350224,0.19642857107782968,0.6607142845344443,1.0,COKE_otc,1786045740,1m,UP,0
0.1408849999999983,0.11015881624489357,0.1372881667768052,-0.8660254037844386,0.5000000000000001,50.0,0.1,0.35330649473717923,0.49107970952371244,0.6346520150859292,0.11416200000000032,2101.200000000034,6690.699999999978,0.0,0.5198439695276017,1.094568193131635,-0.24502724385315078,0.6346520150859292,0.0,EURCHF_otc,1786046400,1m,DOWN,0
0.5264285714285718,0.3124205398478559,-0.0668423243529808,-0.8660254037844386,0.5000000000000001,50.0,0.1,-0.055569453663707594,-0.12237463410222932,0.19444444390432536,0.23199999999998228,482.9999999999984,51.000000000004775,3.0,0.4818181813801305,0.22074612189155654,0.6388888871143247,0.19444444390432536,1.0,MASTERCARD_otc,1786046580,1m,UP,1
0.4914285714285715,0.5219663792797268,-2.1691630489016287,-0.8660254037844386,0.5000000000000001,50.0,0.1,-2.821320303663481,-4.929284315046882,0.6923076905325468,0.32800000000000046,26500.000000000004,9900.000000000002,3.0,0.771084336420381,6.139053253983798,0.025641025575278836,0.6923076905325468,1.0,ETHEREUM_otc,1786047480,1m,UP,0
0.4242857142857182,0.3764992014794541,-0.11689764265974824,-0.8660254037844386,0.5000000000000001,50.0,0.1,0.030480520727620544,-0.0864527529423287,0.2763157891101413,0.19400000000000545,543.9999999999998,84.00000000000318,3.0,0.4716981127625479,0.21335695020286397,-0.28947368382958283,0.2763157891101413,0.0,MASTERCARD_otc,1786047780,1m,DOWN,0
0.5742857142857238,0.4160733505198578,-0.010681374545446501,-0.8660254037844386,0.5000000000000001,50.0,0.1,-0.11623520991507655,-0.12690416894239834,0.6904761896541967,0.40399999999999636,316.9999999999959,62.000000000000455,3.0,0.8869047613768442,0.37529319780995285,0.16666666646831035,0.6904761896541967,1.0,MICROSOFT_otc,1786047780,1m,UP,1
0.5035714285714212,0.3472189352561532,-0.028155332846958973,-0.8660254037844386,0.5000000000000001,50.0,0.1,0.07114117718557458,0.04296581430338778,0.7164179093784668,0.38999999999999774,278.00000000000296,118.99999999999977,7.0,0.26732673240857174,0.20314165610691276,-0.07462686556027993,0.7164179093784668,0.0,LINK_otc,1786048020,1m,DOWN,0
0.4564285714285664,0.2539836459397033,-0.017603291033975652,-0.8660254037844386,0.5000000000000001,50.0,0.1,0.05966198356722652,0.04204819006064688,0.7999999980000284,0.2459999999999809,352.99999999999727,128.00000000000296,8.0,0.6595744673834378,0.2094660843207735,-0.07499999981243605,0.7999999980000284,0.0,STARBUCKS_otc,1786048080,1m,DOWN,0
0.08265214285714403,0.09013237524090921,0.016787286878933567,-0.8660254037844386,0.5000000000000001,50.0,0.1,-0.24483641746665344,-0.22809023197950412,0.30513350440401604,0.060701999999999146,3123.0999999999653,4412.00000000002,10.0,0.7311425814324447,0.7215362613674112,0.10743504353654765,0.30513350440401604,1.0,EURCHF_otc,1786048500,1m,UP,1
0.4828571428571341,0.25716544468156444,-0.028686007964467373,-0.8660254037844386,0.5000000000000001,50.0,0.1,-0.06111587429827779,-0.0897843505581764,0.67999999863995,0.1840000000000032,218.00000000000068,112.99999999999955,2.0,0.7758620676278257,0.12245070303567106,0.2599999994799909,0.67999999863995,1.0,IBM_otc,1786049220,1m,UP,0
0.47142857142857303,0.349342396001538,-0.07819199084331796,-0.8660254037844386,0.5000000000000001,50.0,0.1,0.032328585792178476,-0.04588868341598188,0.4411764701557618,0.3380000000000109,237.99999999999955,90.00000000000341,2.0,0.7840909081998475,0.21827562258107686,-0.421568627037692,0.4411764701557618,0.0,AVAX_otc,1786049820,1m,DOWN,0
0.5378571428571409,0.3432968790470849,-0.006769770924665,-0.7071067811865477,0.7071067811865474,50.0,0.1,-0.10118139222516839,-0.10794431340136136,0.6249999994419833,0.36400000000001,166.0000000000025,191.9999999999959,10.0,0.46405228727841197,0.3325436327667857,0.04464285710300968,0.6249999994419833,1.0,SPOTIFY_otc,1786050300,1m,UP,1
0.4800000000000019,0.2387605356623744,-0.01910124035916051,-0.7071067811865477,0.7071067811865474,50.0,0.1,0.06868758111101754,0.04957322057189212,0.6555555548271493,0.1799999999999841,83.00000000000409,182.9999999999984,4.0,0.5862068958779096,0.17471633698127473,-0.1888888886790348,0.6555555548271493,0.0,LINK_otc,1786050840,1m,DOWN,1
0.5114285714285772,0.4084572958441988,-0.026957715102837242,-0.7071067811865477,0.7071067811865474,50.0,0.1,0.05653600828250037,0.02956305236361981,0.462686566473549,0.17599999999998772,189.00000000000432,141.9999999999959,6.0,0.9844961232678467,0.2674351107051468,-0.11940298489648184,0.462686566473549,0.0,META_otc,1786050960,1m,DOWN,1
0.46499999999999836,0.36818011000660467,-0.4859097176399362,-0.7071067811865477,0.7071067811865474,50.0,0.1,0.3148896354247772,-0.17255016155352892,0.7142857130102077,0.2660000000000025,16899.999999999978,6099.999999999994,3.0,0.2816901404483274,1.3221601489511718,-0.17857142825255512,0.7142857130102077,0.0,NVIDIA_otc,1786051680,1m,DOWN,0
0.5957142857142858,0.5420575371923511,5.8508981864826515,-0.5000000000000004,0.8660254037844384,50.0,0.1,8.819475892516454,15.186392634051623,0.2857142852040821,0.28800000000000026,3599.999999999994,32099.999999999996,2.0,0.5597826083914221,22.493887527812483,-0.1607142854272958,0.2857142852040821,0.0,SPACEX_otc,1786054320,1m,DOWN,1
0.09269357142857107,0.1050769200976206,-0.17766748356385215,-0.5000000000000004,0.8660254037844384,50.0,0.1,-1.0359096719580476,-1.2117366808757373,0.7022313717663516,0.07779800000000066,9681.60000000001,429.5999999999722,11.0,0.984975957592243,1.422634826771816,0.032818400049284456,0.7022313717663516,1.0,NZDJPY_otc,1786054860,1m,UP,0
0.09767357142857135,0.06647794973189262,0.25192482575977604,-0.5000000000000004,0.8660254037844384,50.0,0.1,-0.10520114072789186,0.14645865724140814,0.8348336114612201,0.07543200000000069,2316.7000000000826,15457.899999999965,8.0,0.48526633696035065,0.32303420278201733,0.1490846551118001,0.8348336114612201,1.0,AUDJPY_otc,1786055580,1m,UP,1
0.5271428571428568,0.347617479438262,0.08073341113345071,-0.5000000000000004,0.8660254037844384,50.0,0.1,-0.08218328626986589,-0.001516224506802411,0.6582278472680734,0.23799999999999955,119.99999999999886,375.0,4.0,0.4999999996031746,0.2715166142303314,0.07594936699247554,0.6582278472680734,1.0,SPOTIFY_otc,1786055640,1m,UP,1
0.09826071428571456,0.10597315262813818,-0.06609263592568203,-0.5000000000000004,0.8660254037844384,50.0,0.1,0.8554023145886636,0.7887443207255006,0.7886879675589425,0.0667519999999989,2048.299999999976,3219.5000000000105,6.0,0.8331821709673778,1.799066117196194,-0.04639753261564648,0.7886879675589425,0.0,NZDJPY_otc,1786056960,1m,DOWN,1
0.10507142857142934,0.09978451781850964,-0.043808734770567986,-0.25881904510252157,0.9659258262890681,50.0,0.1,-0.31870370691918215,-0.36237282162808193,0.22624328477423566,0.06435800000000143,3871.500000000054,3811.399999999949,18.0,0.9854891236081466,0.6171050260398736,0.4717487687163611,0.22624328477423566,1.0,EURJPY_otc,1786057980,1m,UP,0
0.5085714285714248,0.5117197893183311,0.0395307058101695,-0.25881904510252157,0.9659258262890681,50.0,0.1,-0.045385332260987094,-0.005872567592994653,0.378787878213976,0.2639999999999759,83.9999999999975,125.0,1.0,0.9361702117700291,0.20238992356507135,0.15151515128562487,0.378787878213976,1.0,SPOTIFY_otc,1786058460,1m,UP,1
0.4814285714285721,0.3146112201346792,0.09352462400418869,-0.25881904510252157,0.9659258262890681,50.0,0.1,-0.061697494796357444,0.03176942685780295,0.9545454530991305,0.2560000000000059,89.99999999999773,280.00000000000114,1.0,0.8292682916716393,0.18216554849561725,0.045454545385718,0.9545454530991305,1.0,MICROSOFT_otc,1786058760,1m,UP,1
0.30000000000001137,0.306128788469711,-0.011662218840440565,-0.25881904510252157,0.9659258262890681,50.0,0.1,-0.06181845185269693,-0.07347346128999867,0.2916666654513494,0.1839999999999918,126.99999999999818,18.000000000000682,7.0,0.6249999992897889,0.19430337822875965,0.41666666493063453,0.2916666654513494,1.0,AMZN_otc,1786059420,1m,UP,0
0.1237400000000005,0.2690573689929739,-0.0678246645410996,-0.25881904510252157,0.9659258262890681,50.0,0.1,-1.0315258028219225,-1.0986508384476033,0.6033879803651914,0.17116000000000184,8638.799999999947,16661.0,17.0,0.9999999977067902,1.2467168151027896,0.05222762136235719,0.6033879803651914,1.0,GBPCAD_otc,1786059420,1m,UP,1
0.1131600000000006,0.07860363444758232,-0.0001518504854218625,-0.25881904510252157,0.9659258262890681,50.0,0.1,-0.10416671314515064,-0.10431840545291295,0.5483785499884444,0.056878000000003225,4472.200000000015,2281.099999999938,1.0,0.25513196362179297,0.6236443145798882,0.29808073728549866,0.5483785499884444,1.0,EURCHF_otc,1786060560,1m,UP,0
0.08821428571428568,0.10746902356211459,-0.12174391293968677,0.0,1.0,50.0,0.1,0.10047915173984152,-0.021387088450861923,0.2051860177228085,0.0542199999999994,3087.9000000000187,2522.499999999965,0.0,0.1675018974057178,0.540806010364399,-0.20931980196271183,0.2051860177228085,0.0,EURJPY_otc,1786060800,1m,DOWN,0
0.5714285714285795,0.2575838712036128,-0.050069419110730935,0.0,1.0,50.0,0.1,-0.10481601522908356,-0.15483295356985427,0.7789473676011269,0.21999999999999317,557.9999999999984,28.999999999996362,0.0,0.6410256404777471,0.245958502385494,0.010526315778383904,0.7789473676011269,1.0,LINK_otc,1786060800,1m,UP,0
0.5307142857142858,0.3751395344806531,5.617578002648769,0.0,1.0,50.0,0.1,-4.97979107329812,0.3580432814391872,0.5363636358760326,0.21400000000000005,18799.999999999996,31100.0,5.0,0.6893939388716717,20.88607594606232,0.19090909073553705,0.5363636358760326,1.0,SPACEX_otc,1786060800,1m,UP,0
0.562857142857143,0.5295965704885569,-1.9609411659235603,0.0,1.0,50.0,0.1,-6.333927194426411,-8.170663774574836,0.6904761888321997,0.30999999999999994,19499.999999999993,22700.000000000004,0.0,0.3999999995294124,15.070921983143466,0.11904761876417404,0.6904761888321997,1.0,SPACEX_otc,1786061400,1m,UP,1
0.0892778571428577,0.08044180552043183,-0.08938052314665987,0.0,1.0,50.0,0.1,-0.25514451226151147,-0.344296985908332,0.589295161915783,0.06248199999999855,4103.399999999979,792.900000000003,14.0,0.908944334322681,0.7157517591360503,0.4040805404324708,0.589295161915783,1.0,EURJPY_otc,1786062240,1m,UP,1
0.5107142857142861,0.34095293092142065,0.12195927126258412,0.0,1.0,50.0,0.1,-0.3159949539139989,-0.19442106779443483,0.831578946493064,0.49599999999999794,20000.0,10500.000000000113,1.0,0.36249999954687767,0.9416195856763127,0.05263157889197857,0.831578946493064,1.0,INTEL_otc,1786062360,1m,UP,1
0.7057142857142856,2.182142938076717,-18.791402969617764,0.0,1.0,50.0,0.1,-22.119537991793546,-36.75436944235569,0.49999999900000003,0.19799999999999995,53699.99999999999,8500.0,0.0,0.4399999994133332,21.551724131738023,0.15999999968000014,0.49999999900000003,1.0,SOLANA_otc,1786062900,1m,UP,1
0.5221428571428532,0.4895164698666052,-0.0380276112337272,0.25881904510252074,0.9659258262890683,50.0,0.1,0.023844004977840925,-0.014192673561401798,0.7105263148545313,0.22399999999997816,282.000000000005,120.99999999999795,0.0,0.8289473673303364,0.15710919088734027,-0.11842105247580507,0.7105263148545313,0.0,MASTERCARD_otc,1786065000,1m,DOWN,0
0.1597671428571427,0.2498141995693442,-0.17766176584197896,0.25881904510252074,0.9659258262890683,50.0,0.1,-0.3075720809217322,-0.4846874087735087,0.8642474492923142,0.056445999999999684,8465.300000000014,118.30000000003338,1.0,0.24654554144726284,0.5236723177795491,0.10635041964856402,0.8642474492923142,1.0,EURGBP_otc,1786065060,1m,UP,1
0.44357142857144743,0.34666464078615283,-0.04928216305387106,0.25881904510252074,0.9659258262890683,50.0,0.1,0.11619078238949468,0.06685135800479287,0.9189189176771345,0.2300000000000182,286.00000000000136,179.99999999999545,5.0,0.9880952369189455,0.2152245765963462,-0.02702702699055592,0.9189189176771345,0.0,AVAX_otc,1786066500,1m,DOWN,1
0.45500000000000007,0.4175017273117733,-1.946837518811989,0.49999999999999994,0.8660254037844387,50.0,0.1,-4.939554097120209,-6.790226523507446,0.23809523771730942,0.23599999999999993,45800.0,16700.0,10.0,0.5844155836566035,7.873210633141812,0.09523809508692434,0.23809523771730942,1.0,SPACEX_otc,1786068000,1m,UP,0
0.10222071428571512,0.06460003218376575,0.04296716320932032,0.49999999999999994,0.8660254037844387,50.0,0.1,0.12521846889418667,0.16823943492740495,0.550640011782618,0.05843199999999911,12026.000000000038,9576.399999999978,6.0,0.6649314135476085,0.5167833969878964,-0.05232427518164309,0.550640011782618,0.0,EURGBP_otc,1786068060,1m,DOWN,0
0.6142857142857149,0.5913892193703649,-0.4195301897808046,0.49999999999999994,0.8660254037844387,50.0,0.1,0.35055754028446046,-0.07044334421039042,0.4725274720082093,0.44200000000000017,14299.999999999996,13700.000000000045,1.0,0.2946428568797823,1.7685141322948246,-0.09890109879241192,0.4725274720082093,0.0,NVIDIA_otc,1786068960,1m,DOWN,1
0.5364285714285667,0.3810028700426822,0.00015955811186901692,0.49999999999999994,0.8660254037844387,50.0,0.1,0.05446757008232252,0.05462721510161795,0.3064516124089431,0.25,112.99999999999955,280.00000000000114,1.0,0.6701030920926743,0.21198015690855365,-0.17741935455247845,0.3064516124089431,0.0,STARBUCKS_otc,1786068960,1m,DOWN,0
0.44071428571428584,0.4189626120965877,0.16803414005672238,0.49999999999999994,0.8660254037844387,50.0,0.1,-0.12958032234525294,0.03823607853113387,0.33333333282828287,0.16400000000000148,7899.99999999992,11900.000000000118,1.0,0.5233644854921812,1.260603204509191,0.4545454538567689,0.33333333282828287,1.0,INTEL_otc,1786069260,1m,UP,1
0.47714285714285865,0.2845943710784559,0.14311854258565598,0.49999999999999994,0.8660254037844387,50.0,0.1,0.37533043718069975,0.5189861472179291,0.7499999988281084,0.2139999999999958,3000.0000000001137,21400.000000000004,1.0,0.6105263151468108,1.101193926033373,-0.21874999965820383,0.7499999988281084,0.0,INTEL_otc,1786070160,1m,DOWN,1
0.4707142857142856,0.3366447241972268,2.4399962620168156,0.49999999999999994,0.8660254037844387,50.0,0.1,-2.3532348615902663,0.029342557767270225,0.3103448265160527,0.2700000000000003,9100.000000000002,28199.999999999993,5.0,0.9528301877803498,11.950394587153287,0.5172413775267566,0.3103448265160527,1.0,SOLANA_otc,1786070400,1m,UP,1
0.47500000000000014,0.3172832824446228,2.0928086819783616,0.49999999999999994,0.8660254037844387,50.0,0.1,4.634163170883792,6.823956022039453,0.47826086852551647,0.2840000000000007,1800.0000000000148,35799.99999999999,6.0,0.8850574702470609,8.805668015303079,-0.21739130387523897,0.47826086852551647,0.0,SOLANA_otc,1786070760,1m,DOWN,0
0.6842857142857132,0.8894114612881256,-0.010959990889859795,0.49999999999999994,0.8660254037844387,50.0,0.1,0.19006965808740692,0.17908883558033636,0.868421051488963,0.5759999999999991,352.99999999999727,268.0000000000007,8.0,0.9117647053460335,0.3618099008207489,-0.07894736831717845,0.868421051488963,0.0,LINK_otc,1786070880,1m,DOWN,1
0.11923857142857182,0.12829540730339764,-0.4185671025436004,0.49999999999999994,0.8660254037844387,50.0,0.1,-0.7427553236975585,-1.1582134968037698,0.869988687103306,0.07621800000000008,5165.100000000002,180.90000000000828,1.0,0.21057130570390578,1.6258213506532448,0.1120967030864016,0.869988687103306,1.0,NZDJPY_otc,1786071060,1m,UP,1
0.13753357142857275,0.07384196631920795,0.21628979399145026,0.7071067811865476,0.7071067811865476,50.0,0.1,0.3334769547101899,0.5504880253199917,0.918257344281842,0.06098199999999991,425.2999999999929,7091.599999999971,1.0,0.7914189879918657,0.7299408125826026,-0.061980686481290445,0.918257344281842,0.0,GBPCAD_otc,1786071660,1m,DOWN,1
0.4950000000000005,0.44119779513245544,-0.03541863437576752,0.7071067811865476,0.7071067811865476,50.0,0.1,0.05619979389991684,0.020761254324627974,0.3720930223905336,0.232000000000005,121.99999999999704,198.00000000000182,4.0,0.6190476183106544,0.20774595637282922,-0.27906976679273493,0.3720930223905336,0.0,NETFLIX_otc,1786071840,1m,DOWN,0
0.43642857142857644,0.3766604264341432,0.004134307816436148,0.7071067811865476,0.7071067811865476,50.0,0.1,-0.0484406900346574,-0.04430838490545569,0.7692307672584386,0.27600000000001046,372.99999999999613,60.000000000002274,1.0,0.277777777391949,0.18965335581027573,0.07692307672591674,0.7692307672584386,1.0,SUI_otc,1786072260,1m,UP,1
0.4971428571428638,0.42581337813713654,0.05244346270998002,0.7071067811865476,0.7071067811865476,50.0,0.1,-0.06416211086709965,-0.011752296989806153,0.5487804871356242,0.3039999999999964,98.00000000000182,191.0000000000025,2.0,0.8703703695644825,0.22972369344600152,0.14634146323617572,0.5487804871356242,1.0,PAYPAL_otc,1786072320,1m,UP,1
0.4764285714285563,0.6067898779884995,0.10357546116062037,0.7071067811865476,0.7071067811865476,50.0,0.1,-0.0036841645113713157,0.09988748075886648,0.7301587289997209,0.1779999999999859,57.99999999999841,288.99999999999864,0.0,0.8095238082388425,0.1297604580747457,0.07936507923912167,0.7301587289997209,1.0,IBM_otc,1786072500,1m,UP,0
0.4478571428571428,0.23093812500987776,0.415600530695569,0.7071067811865476,0.7071067811865476,50.0,0.1,2.3923789819302397,2.8179222523709604,0.49999999886363833,0.3179999999999998,21400.000000000004,13600.000000000002,0.0,0.4038461534578405,12.967581045764632,-0.45454545351239556,0.49999999886363833,0.0,SPACEX_otc,1786072500,1m,DOWN,0
0.0933099999999989,0.07737178191123219,-0.1783978495152216,0.7071067811865476,0.7071067811865476,50.0,0.1,0.15635845825904254,-0.022318331383248374,0.9818709144842975,0.09111199999999826,14593.300000000012,2899.399999999943,1.0,0.19078359937235448,0.47380565084297704,-0.008438262189748831,0.9818709144842975,0.0,AUDJPY_otc,1786072560,1m,DOWN,1
0.4785714285714283,0.3059375789249585,-1.572636448139695,0.7071067811865476,0.7071067811865476,50.0,0.1,-5.9374554309054295,-7.416717290846657,0.4029850740253962,0.18599999999999994,26799.999999999996,4699.999999999997,17.0,0.6806722683355702,17.19653178942246,0.014925373112051365,0.4029850740253962,1.0,SPACEX_otc,1786072920,1m,UP,1
0.491428571428563,0.3334864119237435,0.04122015912053778,0.7071067811865476,0.7071067811865476,50.0,0.1,0.10638721512547719,0.1476512272253736,0.7746478862328666,0.27799999999999725,50.99999999999909,298.0000000000018,6.0,0.8059701486522642,0.2881658458951621,-0.04225352106720797,0.7746478862328666,0.0,MICROSOFT_otc,1786073760,1m,DOWN,0
0.10888214285714273,0.07854149922503116,0.051668648589749185,0.7071067811865476,0.7071067811865476,50.0,0.1,0.06725010199922478,0.1189534978078522,0.291720660246798,0.07301800000000043,9841.899999999981,4727.499999999977,0.0,0.46338200266272406,0.42383905973853303,-0.5810655105755085,0.291720660246798,0.0,AUDJPY_otc,1786074300,1m,DOWN,1
0.4450000000000013,0.3496851015525395,-0.036715662276706265,0.7071067811865476,0.7071067811865476,50.0,0.1,0.056248614581083115,0.019512300253011927,0.5952380938209196,0.15,171.00000000000364,100.99999999999909,0.0,0.4556962019548204,0.20820156019342675,-0.26190476128123713,0.5952380938209196,0.0,SUI_otc,1786074900,1m,DOWN,0
0.08881500000000031,0.061867953275473404,-0.001674213267302443,0.7071067811865476,0.7071067811865476,50.0,0.1,-0.2191233650521218,-0.22079390972697477,0.5478552590042096,0.0389220000000023,5673.300000000054,2595.8999999999573,12.0,0.9999999949241155,0.5499907874086389,0.30595272386994526,0.5478552590042096,1.0,EURJPY_otc,1786075020,1m,UP,1
0.5085714285714283,0.48585259827763033,3.206322204849071,0.8660254037844386,0.5000000000000001,50.0,0.1,-1.0625361032253067,2.1097177706115136,0.4558823522707622,0.28800000000000026,7900.000000000009,29099.999999999993,1.0,0.9010989001086828,8.47299813701369,0.17647058797577747,0.4558823522707622,1.0,FORD_otc,1786075260,1m,UP,1
0.5728571428571334,0.522445643651848,-0.019365103962439404,0.8660254037844386,0.5000000000000001,50.0,0.1,-0.08558897893581566,-0.10493750850350375,0.2882882880286106,0.2560000000000059,173.00000000000182,193.99999999999977,7.0,0.7761194025989502,0.44438548782815923,0.25225225202497026,0.2882882880286106,1.0,APPLE_otc,1786075320,1m,UP,0
0.42857142857142855,0.2828388271443442,0.006749620286865873,0.8660254037844386,0.5000000000000001,50.0,0.1,0.1031263532142655,0.10988293413838901,0.7916666655670902,0.30200000000000954,64.00000000000432,397.99999999999613,13.0,0.7941176458910084,0.13638460458464594,-0.1805555553047708,0.7916666655670902,0.0,DISNEY_otc,1786075980,1m,DOWN,1
0.5135714285714273,0.37454441187122456,-0.20659430434539022,0.8660254037844386,0.5000000000000001,50.0,0.1,-1.3292120692029474,-1.5330602971206928,0.8260869553245148,0.26600000000000107,27399.99999999995,6200.0000000000455,16.0,0.9868421039646841,2.2706901702339146,0.1304347824196651,0.8260869553245148,1.0,GOLD_otc,1786077060,1m,UP,1
0.11153571428571343,0.07543470777378106,-0.03217192769978913,0.8660254037844386,0.5000000000000001,50.0,0.1,-0.3674625721525163,-0.39951628005926876,0.8293953436936782,0.09960800000000063,4027.2999999999824,856.3999999999794,9.0,0.7786579327606845,0.6911513933817605,0.15572092926683187,0.8293953436936782,1.0,GBPNZD_otc,1786078440,1m,UP,0
0.09702714285714288,0.04743281992486627,-0.07736293617023096,0.8660254037844386,0.5000000000000001,50.0,0.1,0.02207634404329638,-0.05530367103488552,0.31300021405291933,0.05018400000000014,2845.8999999999965,2875.899999999998,6.0,0.3267522186441449,1.3507539460138778,-0.6764006007902544,0.31300021405291933,0.0,CHFJPY_otc,1786078560,1m,DOWN,1
0.2992857142857182,0.24717413877790614,-0.018133345599891385,0.9659258262890683,0.25881904510252074,50.0,0.1,-0.07751907261072592,-0.09563836140927498,0.9107142840879903,0.19400000000000545,231.99999999999932,14.999999999997726,5.0,0.723404254549579,0.20932148662745328,0.01785714282523879,0.9107142840879903,1.0,AMZN_otc,1786078800,1m,UP,0
0.4921428571428573,0.44598144641872434,-3.2034108786579036,0.9659258262890683,0.25881904510252074,50.0,0.1,-5.05523286372381,-8.096703862883695,0.4791666656684032,0.21999999999999975,45000.00000000001,5999.999999999996,18.0,0.5272727267933887,14.492753621278947,0.27083333276909677,0.4791666656684032,1.0,FORD_otc,1786079880,1m,UP,1
0.5342857142857115,0.36932742580077577,0.03357533586771817,0.9659258262890683,0.25881904510252074,50.0,0.1,0.08149664387412142,0.11509934251374124,0.7368421039704892,0.26800000000000634,16.0000000000025,486.00000000000136,5.0,0.5522388055580244,0.28398253719264016,-0.17543859618348306,0.7368421039704892,0.0,LINK_otc,1786080000,1m,DOWN,1
0.42714285714285843,0.4499822950713638,0.0380068120959076,0.9659258262890683,0.25881904510252074,50.0,0.1,-0.05655075545482686,-0.018565436498283794,0.9811320736205238,0.24800000000001318,82.000000000005,135.99999999999568,1.0,0.7831325291769513,0.16672358033834317,0.01886792449268382,0.9811320736205238,1.0,DISNEY_otc,1786080060,1m,UP,0
0.08847857142857204,0.058075788306593885,0.0427571577915807,0.9659258262890683,0.25881904510252074,50.0,0.1,-0.10921619341239786,-0.06650573336096845,0.6034493119251836,0.04520800000000236,2122.2000000000207,3498.0999999999794,1.0,0.5655707654274439,0.29088645927917606,0.10824338112377539,0.6034493119251836,1.0,EURNZD_otc,1786080360,1m,UP,1
0.45,0.3181721491327825,-0.2655670922081705,0.9659258262890683,0.25881904510252074,50.0,0.1,5.581627145335098,5.3012370882191595,0.4814814805898479,0.20800000000000002,25800.0,15099.999999999996,10.0,0.5527950307125497,19.467956466811607,-0.1851851848422487,0.4814814805898479,0.0,FORD_otc,1786081200,1m,DOWN,1
0.35142857142858475,0.20530331333891938,0.015481020783170754,1.0,6.123233995736766e-17,50.0,0.1,0.036551445716137394,0.052038125036216014,0.43749999908853426,0.17399999999998955,145.99999999999795,114.99999999999773,2.0,0.9275362305397858,0.15414860819410578,-0.49999999895839253,0.43749999908853426,0.0,AMZN_otc,1786082820,1m,DOWN,1
0.5642857142857143,0.596418339058273,1.6360483879550252,1.0,6.123233995736766e-17,50.0,0.1,-6.653893354112135,-5.126705881113308,0.6231884048939299,0.5079999999999997,17600.000000000007,8099.999999999995,2.0,0.9371428566073462,23.648648645452884,0.2028985504305815,0.6231884048939299,1.0,SOLANA_otc,1786082820,1m,UP,1
0.3928571428571469,0.23147401530723102,0.055231073339332123,1.0,6.123233995736766e-17,50.0,0.1,-0.02570232047585751,0.029514557196002673,0.18181818099180602,0.22799999999999726,74.00000000000091,432.9999999999984,4.0,0.10588235281658383,0.17405549298622408,0.49999999772701437,0.18181818099180602,1.0,IBM_otc,1786083240,1m,UP,0
0.5114285714285772,0.40714227867698183,0.007898297493733625,1.0,6.123233995736766e-17,50.0,0.1,-0.10582785366178317,-0.09793791476676299,0.4285714276967433,0.22799999999999726,151.99999999999818,166.0000000000025,14.0,0.581632652467704,0.21219929411209673,0.08163265289466748,0.4285714276967433,1.0,SPOTIFY_otc,1786083240,1m,UP,1
0.11431500000000026,0.10334730493536483,-0.09199214206104421,1.0,6.123233995736766e-17,50.0,0.1,-0.19448439417002944,-0.2862976258709022,0.12887989029847793,0.049044000000002086,3902.599999999978,2505.200000000016,0.0,0.1723154589672387,0.5184398670461775,0.36855600042433784,0.12887989029847793,1.0,AUDUSD_otc,1786084200,1m,UP,1
0.5021428571428471,0.2997810558995128,-0.04012341070289132,1.0,6.123233995736766e-17,50.0,0.1,-0.050314641756336896,-0.09041786450887263,0.42857142801475795,0.13599999999999,287.00000000000045,56.00000000000591,7.0,0.10791366898709716,0.2553644914751309,0.49350649286558174,0.42857142801475795,1.0,BITCOIN_otc,1786085220,1m,UP,0
0.11628642857142779,0.10183068892661404,-0.002132586761380681,1.0,6.123233995736766e-17,50.0,0.1,-0.39688659541774524,-0.39901071822813433,0.5243879846803771,0.0800879999999978,3630.200000000059,3525.2999999999442,18.0,0.8897379472555982,0.6534172697633136,0.06147869481727014,0.5243879846803771,1.0,GBPNZD_otc,1786085580,1m,UP,1
0.5407142857142812,0.4013603237787835,0.09347227322558756,1.0,6.123233995736766e-17,50.0,0.1,-0.11762639225800207,-0.024264067095171322,0.5955056173083991,0.38999999999999774,118.00000000000068,323.0000000000018,7.0,0.40277777749806054,0.3663656023397364,0.3595505613937613,0.5955056173083991,1.0,AVAX_otc,1786085820,1m,UP,1
0.09498999999999976,0.07242529056718158,-0.046742479990302746,1.0,6.123233995736766e-17,50.0,0.1,-0.14458481353644698,-0.19125971099921343,0.48665182183950306,0.0419399999999996,3041.8000000000234,3063.100000000034,7.0,0.9749412963527454,0.44827294598825207,0.20828697974744484,0.48665182183950306,1.0,EURCAD_otc,1786085820,1m,UP,1
0.5264285714285718,0.38928788135113523,0.08009391613947946,0.9659258262890683,-0.25881904510252063,50.0,0.1,0.09388209895401453,0.1740512089431002,0.07407407393693495,0.22399999999998954,45.999999999997954,472.00000000000273,1.0,0.4999999995535714,0.28350124031720997,-0.37037036968446424,0.07407407393693495,0.0,AVAX_otc,1786086660,1m,DOWN,1
0.35785714285714426,0.28501012124437475,-0.039338033841019325,0.9659258262890683,-0.25881904510252063,50.0,0.1,-0.4671522179591628,-0.5063064833025922,0.7073170714455719,0.1519999999999996,15700.000000000002,17800.00000000001,1.0,0.5576923066198175,1.513387660025813,0.24390243842951173,0.7073170714455719,1.0,GOLD_otc,1786086660,1m,UP,1
0.10622357142857045,0.1124623731719133,-0.018262879247479685,0.9659258262890683,-0.25881904510252063,50.0,0.1,0.2849092981182273,0.2665943862296674,0.8083321220286089,0.09820200000000057,1526.8999999999976,5796.000000000063,1.0,0.8270993217232825,1.0197814111273467,-0.08259800316357854,0.8083321220286089,0.0,EURCHF_otc,1786087260,1m,DOWN,1
0.5107142857142922,0.40682096383183713,0.0021757126080049287,0.9659258262890683,-0.25881904510252063,50.0,0.1,-0.20294786758694733,-0.20077657054128517,0.7228915653941478,0.3580000000000041,406.0000000000002,73.99999999999523,15.0,0.7031249994506495,0.34489262522474085,0.09638554205253022,0.7228915653941478,1.0,SUI_otc,1786087500,1m,UP,0
0.4221428571428549,0.45526287543105465,0.015382391109284143,0.9659258262890683,-0.25881904510252063,50.0,0.1,-0.042300949754194225,-0.026925065542444213,0.3703703696845032,0.1560000000000059,118.99999999999977,212.99999999999955,1.0,0.6823529403737111,0.18592239380508915,0.24074074029493236,0.3703703696845032,1.0,APPLE_otc,1786087560,1m,UP,1
0.4321428571428458,0.6552275002948543,-0.10258649387791927,0.9659258262890683,-0.25881904510252063,50.0,0.1,-0.015888900838986746,-0.11845909485061956,0.4594594582178681,0.1440000000000282,319.9999999999932,56.00000000000591,2.0,0.47368420990307075,0.14158764461474654,-0.5405405390794291,0.4594594582178681,0.0,VISA_otc,1786087620,1m,DOWN,0
0.09277857142856963,0.12889341968511597,-0.17558135446247375,0.9659258262890683,-0.25881904510252063,50.0,0.1,0.12717841593102883,-0.04862624011672053,0.9805277614330061,0.07058799999999935,3841.499999999982,3557.599999999965,0.0,0.4378762206645947,0.5863918699186721,-0.0102149392400968,0.9805277614330061,0.0,EURJPY_otc,1786088400,1m,DOWN,0
0.41928571428571054,0.2633647450423721,0.05143357204170108,0.9659258262890683,-0.25881904510252063,50.0,0.1,-0.11026267382425979,-0.058885813814335226,0.8214285684948761,0.22200000000000272,107.99999999999841,425.9999999999991,10.0,0.3820224714808514,0.23566170629604136,0.07142857117339688,0.8214285684948761,1.0,PRATA_otc,1786088700,1m,UP,0
0.12001285714285562,0.07887472184648786,-0.002683928385839352,0.9659258262890683,-0.25881904510252063,50.0,0.1,0.11066217456901324,0.10797527608965823,0.22997140645862207,0.06888200000000069,1425.1000000000147,3883.5999999999867,7.0,0.5183937402478609,0.5354462560016285,-0.4707630180480869,0.22997140645862207,0.0,EURGBP_otc,1786088820,1m,DOWN,1
0.0821550000000002,0.04808045208005306,0.05344063039046936,0.9659258262890683,-0.25881904510252063,50.0,0.1,0.2091349505081936,0.2626873439345814,0.8535228075205457,0.0420400000000015,541.9000000000551,4957.199999999986,3.0,0.29716594896067633,0.5692458715094042,-0.12310589741372063,0.8535228075205457,0.0,EURCHF_otc,1786088880,1m,DOWN,0
0.09241642857142704,0.06912188671684553,-0.04008764069106332,0.9659258262890683,-0.25881904510252063,50.0,0.1,0.24561859053229937,0.20543248714319298,0.4909040460848453,0.06775599999999997,3324.1999999999903,3016.499999999951,15.0,0.4909607655812207,0.5901372669789441,-0.3028286172888153,0.4909040460848453,0.0,EURJPY_otc,1786089000,1m,DOWN,0
0.4649999999999953,0.2452773714001624,-0.03292462419168775,0.9659258262890683,-0.25881904510252063,50.0,0.1,-0.13519877043156872,-0.1680788809361801,0.9420289841419571,0.29600000000000365,256.9999999999993,14.00000000000432,7.0,0.4861111104359294,0.21936506002004047,0.014492753602171282,0.9420289841419571,1.0,NIKE_otc,1786089420,1m,UP,1
0.08444999999999984,0.0705407103772556,0.15712747480578168,0.8660254037844387,-0.4999999999999998,50.0,0.1,0.34332884277939263,0.5009957815261135,0.729019926835144,0.07292599999999964,227.00000000000387,8455.799999999981,12.0,0.7927599789699019,0.6516967994037254,-0.01360869029951973,0.729019926835144,0.0,GBPCAD_otc,1786090020,1m,DOWN,1
0.5042857142857129,0.3879255904594333,-0.21209202890473663,0.8660254037844387,-0.4999999999999998,50.0,0.1,0.7836308677538449,0.5698768202425655,0.5319148930511557,0.35799999999999843,12000.000000000027,13399.999999999962,5.0,0.765957445993663,1.5237477710889291,-0.03191489358307055,0.5319148930511557,0.0,NVIDIA_otc,1786092000,1m,DOWN,1
0.4842857142857164,0.5493412637420934,0.027373125157456053,0.8660254037844387,-0.4999999999999998,50.0,0.1,-0.08700640253432133,-0.059657093748326,0.3749999984373816,0.41999999999999316,125.99999999999909,133.0000000000041,3.0,0.38461538431952325,0.27168234064729246,0.16666666597230118,0.3749999984373816,1.0,META_otc,1786092780,1m,UP,1
0.10459928571428634,0.07704529592660365,0.17712436149276184,0.7071067811865476,-0.7071067811865475,50.0,0.1,-0.06552488732528969,0.1114834136291784,0.8836060076467608,0.07666799999999938,1910.4000000000099,8933.999999999996,1.0,0.7911540529404042,0.3566507268935682,0.10684089044862712,0.8836060076467608,1.0,EURCAD_otc,1786093260,1m,UP,0
0.12036071428571406,0.11828697026866249,-0.0713574776598283,0.7071067811865476,-0.7071067811865475,50.0,0.1,-0.3063296191877768,-0.37746850775802776,0.8930481146975374,0.06660599999999732,4255.899999999997,161.50000000003217,6.0,0.977843390268201,0.8967086007493876,0.06921313874391988,0.8930481146975374,1.0,EURGBP_otc,1786093260,1m,UP,0
0.4692857142857153,0.3896074383799934,0.13784845863413542,0.7071067811865476,-0.7071067811865475,50.0,0.1,0.5826218272007612,0.7212734210433589,0.14583333302951326,0.1980000000000004,10799.999999999982,14500.000000000027,12.0,0.8993288584568225,2.4156939039815906,-0.08333333315971975,0.14583333302951326,0.0,NVIDIA_otc,1786093320,1m,DOWN,0
0.47928571428571437,0.32811482846158635,-0.13049476475695806,0.7071067811865476,-0.7071067811865475,50.0,0.1,-0.8913357406860266,-1.0206673589649817,0.6199999987600046,0.28200000000000075,18200.000000000004,3200.0000000000027,8.0,0.6138613855308289,1.6696974706287009,0.03999999991999204,0.6199999987600046,1.0,NVIDIA_otc,1786093680,1m,UP,1
0.4592857142857229,0.26624887051788365,-0.07277026144079,0.7071067811865476,-0.7071067811865475,50.0,0.1,-0.06156746295637584,-0.13429292159341003,0.31372548958098506,0.1,231.00000000000023,23.00000000000182,0.0,0.3478260864524403,0.1743613069512683,0.1568627447904368,0.31372548958098506,1.0,PETROLEO_otc,1786093800,1m,UP,0
0.42571428571428427,0.33148682731511026,0.045900086732727295,0.7071067811865476,-0.7071067811865475,50.0,0.1,-0.04604920285117381,-0.0001702527424949313,0.8571428553936026,0.21800000000000636,86.00000000000136,123.00000000000182,0.0,0.4999999994318182,0.18696751439397577,0.04081632644727574,0.8571428553936026,1.0,LINK_otc,1786095000,1m,UP,1
0.10272214285714146,0.13073400885762254,-0.1094387627145139,0.7071067811865476,-0.7071067811865475,50.0,0.1,0.019342454027813146,-0.09011747682906741,0.570244387736463,0.06488399999999928,4055.600000000012,5160.400000000038,2.0,0.5630246991422131,0.26328121508704505,-0.40669810677577056,0.570244387736463,0.0,AUDJPY_otc,1786095120,1m,DOWN,1
0.11402714285714285,0.1084845616605788,0.1456458006649615,0.7071067811865476,-0.7071067811865475,50.0,0.1,0.37379666539748846,0.519986885208627,0.2934535622447086,0.06229800000000054,1092.3000000000015,5748.499999999978,2.0,0.3076082053263564,1.5863178174542782,-0.4363817066431288,0.2934535622447086,0.0,NZDJPY_otc,1786095120,1m,DOWN,1
0.10893999999999947,0.09040999214557467,-0.08774120791457804,0.7071067811865476,-0.7071067811865475,50.0,0.1,0.1914032609110331,0.10349411346334385,0.697915449528866,0.061253999999999566,3857.5999999999763,3027.500000000032,4.0,0.6568601130976641,0.7101772384118024,-0.19063700832281308,0.697915449528866,0.0,EURNZD_otc,1786095240,1m,DOWN,0
0.45285714285713297,0.4788636956930808,-0.11818250315309546,0.7071067811865476,-0.7071067811865475,50.0,0.1,0.02754787004241108,-0.09066718987306586,0.8983050832232036,0.24799999999999045,409.0000000000032,97.99999999999613,0.0,0.5544554449955958,0.25630614627148857,-0.05084745754098877,0.8983050832232036,0.0,PETROLEO_otc,1786095300,1m,DOWN,1
0.5449999999999956,0.4353046173860917,-0.00021797021407486385,0.7071067811865476,-0.7071067811865475,50.0,0.1,0.06874256399726839,0.06852444394487962,0.6162790690509037,0.3339999999999918,83.9999999999975,166.0000000000025,1.0,0.9139784936408399,0.20085525463219697,-0.10465116266898646,0.6162790690509037,0.0,PAYPAL_otc,1786095360,1m,DOWN,1
0.39357142857143607,0.20292503874117934,0.0642177290430965,0.7071067811865476,-0.7071067811865475,50.0,0.1,0.05209307605405669,0.11634425808758381,0.523809522562268,0.18199999999998226,37.000000000000455,426.9999999999982,2.0,0.31764705844981833,0.22570965771733423,-0.1904761900226306,0.523809522562268,0.0,PRATA_otc,1786096020,1m,DOWN,1
0.4807142857142789,0.24687163541242704,0.02014176932505288,0.7071067811865476,-0.7071067811865475,50.0,0.1,0.07737354013268369,0.09753089385770873,0.7121212110423163,0.24800000000000183,68.99999999999977,143.00000000000068,8.0,0.5772357718884472,0.24836442936708153,-0.015151515128545262,0.7121212110423163,0.0,IBM_otc,1786096680,1m,DOWN,1
0.09841857142857131,0.09839187524923972,0.10405106350086112,0.7071067811865476,-0.7071067811865475,50.0,0.1,-0.4350196036117799,-0.33142118263491405,0.9748447129282385,0.11982000000000141,4359.900000000039,2361.700000000013,9.0,0.6545568534508475,0.6640976378817809,0.022437888024556495,0.9748447129282385,1.0,EURJPY_otc,1786096740,1m,UP,1
0.4650000000000034,0.38403940400753894,-0.016647006475239753,0.49999999999999994,-0.8660254037844387,50.0,0.1,-0.09964199115211698,-0.1162724102186376,0.810810808619451,0.25199999999999817,352.00000000000387,68.99999999999977,9.0,0.8554216857163512,0.18155172036620262,0.10810810781582438,0.810810808619451,1.0,MICROSOFT_otc,1786097040,1m,UP,1
0.09378785714285749,0.07878793858344826,0.12414857228181175,0.49999999999999994,-0.8660254037844387,50.0,0.1,-0.05685847812560456,0.0672195051673931,0.003636363570239479,0.06054399999999873,2143.7999999999847,6854.50000000003,1.0,0.32530724719793336,0.4205391592518098,0.451636355424751,0.003636363570239479,1.0,EURCAD_otc,1786097160,1m,UP,1
0.3821428571428588,0.30578668242756263,0.016701597452890425,0.49999999999999994,-0.8660254037844387,50.0,0.1,0.06423421875458309,0.0809465443481169,0.6530612231571078,0.18400000000002592,73.99999999999523,133.0000000000041,16.0,0.870748298727386,0.30353086929526985,-0.28571428513116215,0.6530612231571078,0.0,MASTERCARD_otc,1786097160,1m,DOWN,1
0.11528071428571453,0.09419368511992834,0.038209077777164445,0.49999999999999994,-0.8660254037844387,50.0,0.1,0.3349120188896546,0.37324906346060166,0.8841482831243732,0.0917519999999982,770.300000000006,3713.300000000004,8.0,0.7682009603844739,0.8218556233858506,-0.027005432829933507,0.8841482831243732,0.0,GBPNZD_otc,1786097580,1m,DOWN,1
0.5049999999999955,0.4094998297077216,0.01163125392986574,0.49999999999999994,-0.8660254037844387,50.0,0.1,-0.13153485906986143,-0.11991890429346039,0.9753086407712465,0.33000000000000684,162.00000000000045,44.99999999999886,1.0,0.7999999993846241,0.2690007656170094,0.012345678997092838,0.9753086407712465,1.0,MASTERCARD_otc,1786098060,1m,UP,1
0.4971428571428435,0.34960338625602533,-0.008702769851847397,0.49999999999999994,-0.8660254037844387,50.0,0.1,-0.09327353603274031,-0.10196818850341409,0.6857142847347867,0.2340000000000373,387.99999999999955,72.00000000000273,1.0,0.7391304342470785,0.2596816077673777,0.0571428570613405,0.6857142847347867,1.0,VISA_otc,1786098060,1m,UP,1
0.519999999999998,0.24368056949311157,-0.036755318910172335,0.49999999999999994,-0.8660254037844387,50.0,0.1,-0.03552350960999804,-0.07226577174092513,0.5135135128195639,0.23599999999999,347.00000000000273,43.00000000000637,4.0,0.3608247418960703,0.1788677853583328,0.2567567564098588,0.5135135128195639,1.0,BITCOIN_otc,1786098240,1m,UP,0
0.4571428571428474,0.3606191256434425,0.0033507293824772684,0.49999999999999994,-0.8660254037844387,50.0,0.1,-0.09455605266139155,-0.09120849159635373,0.5555555546737615,0.32600000000001045,135.00000000000227,99.00000000000091,6.0,0.2727272725019039,0.24424707307177917,0.06349206339131538,0.5555555546737615,1.0,DISNEY_otc,1786098360,1m,UP,0
0.10054714285714184,0.08411787161592438,0.09063992753181346,0.49999999999999994,-0.8660254037844387,50.0,0.1,-0.11177146446474584,-0.021232846507324453,0.2580031102612572,0.07543999999999898,2488.99999999999,3319.699999999983,0.0,0.17300487674769763,0.6940688196023436,0.5890292336212125,0.2580031102612572,1.0,CADJPY_otc,1786098600,1m,UP,1
0.0908621428571418,0.0882341624555685,-0.022812766275086688,0.49999999999999994,-0.8660254037844387,50.0,0.1,-0.303087269226822,-0.3258308929115704,0.15531751996026136,0.06785799999999967,3383.000000000038,2479.8999999999437,17.0,0.994462473770951,0.5133748761346252,0.40613479581179934,0.15531751996026136,1.0,AUDUSD_otc,1786099020,1m,UP,1
0.10166714285714207,0.06469090147196377,-0.0167045112559236,0.49999999999999994,-0.8660254037844387,50.0,0.1,-0.2516801571718889,-0.2683426264876288,0.9405002467123603,0.08278999999999996,3132.299999999972,990.8000000000072,14.0,0.918926933830328,0.4941910770340431,0.0464249618088531,0.9405002467123603,1.0,EURCHF_otc,1786099140,1m,UP,0
0.09353214285714273,0.06018791516685237,0.008847879376843967,0.49999999999999994,-0.8660254037844387,50.0,0.1,-0.12162391134370511,-0.11278679310383023,0.6534506450392654,0.07523200000000259,3655.1000000000045,5784.499999999965,6.0,0.8618868601651599,0.4423735755200044,0.30849146285920087,0.6534506450392654,1.0,EURNZD_otc,1786099560,1m,UP,1
0.4771428571428698,0.44265743478677205,-0.05109015656954742,0.49999999999999994,-0.8660254037844387,50.0,0.1,-0.05994469031175518,-0.1110042210451672,0.5599999977604001,0.11600000000005366,466.0000000000082,38.999999999998636,4.0,0.4308943085928327,0.22749551482378222,0.039999999839963614,0.5599999977604001,1.0,BITCOIN_otc,1786099740,1m,UP,1
0.4371428571428534,0.3483280314601176,-0.0226763476940513,0.49999999999999994,-0.8660254037844387,50.0,0.1,0.037178804706281446,0.014494026217206461,0.3888888883487128,0.17199999999998,212.99999999999955,100.0,3.0,0.9253731329471828,0.17910128578635304,-0.2916666662615346,0.3888888883487128,0.0,PRATA_otc,1786099980,1m,DOWN,0
0.5121428571428623,0.4343449027317472,-0.063450655192103,0.258819045102521,-0.9659258262890682,50.0,0.1,0.060404375537490104,-0.0030846066266561225,0.5777777764938216,0.34199999999998454,233.9999999999975,109.00000000000318,1.0,0.6578947362649796,0.2507312996233611,-0.11111111086422559,0.5777777764938216,0.0,APPLE_otc,1786100460,1m,DOWN,1
0.45357142857142846,0.2555160690429252,-2.751704804729559,0.258819045102521,-0.9659258262890682,50.0,0.1,2.4555904197022773,-0.36368498459070825,0.19117647030709337,0.20800000000000002,18899.999999999996,8500.000000000005,8.0,0.9878048768441396,10.875331563544389,-0.4999999992647059,0.19117647030709337,0.0,SPACEX_otc,1786101780,1m,DOWN,1
0.07151928571428659,0.05320100786793813,-0.09530724517252624,0.258819045102521,-0.9659258262890682,50.0,0.1,0.09551285883288921,0.00011458298582381172,0.49318881880100984,0.022666000000002386,4561.899999999994,2091.8999999999955,7.0,0.681151977866275,0.3645699924411365,-0.4511285626814246,0.49318881880100984,0.0,EURGBP_otc,1786102020,1m,DOWN,0
0.5200000000000061,0.5992687853847501,0.01812078424538143,0.258819045102521,-0.9659258262890682,50.0,0.1,0.07319731145532454,0.0913313596275882,0.6410256402037423,0.4179999999999836,98.00000000000182,327.99999999999727,4.0,0.8760330571271739,0.22626549731618711,-0.2948717944937448,0.6410256402037423,0.0,VISA_otc,1786102440,1m,DOWN,0
0.11701428571428606,0.10602699611997739,0.008796219048285798,0.258819045102521,-0.9659258262890682,50.0,0.1,-0.17501100269469824,-0.16623017799756806,0.578629026702895,0.06643600000000163,2924.5999999999835,4789.699999999968,3.0,0.35310177863106823,0.7959704939144479,0.2783218099239479,0.578629026702895,1.0,EURJPY_otc,1786102980,1m,UP,1
0.09894142857142947,0.08292179213619397,-0.08362674067778678,0.258819045102521,-0.9659258262890682,50.0,0.1,0.2865158513248107,0.20264950677903582,0.5821929638997804,0.054171999999998374,4160.5000000000555,2813.2999999999697,6.0,0.5254114433778997,0.9733859840362556,-0.28766094874036346,0.5821929638997804,0.0,EURCHF_otc,1786103460,1m,DOWN,1
0.3964285714285682,0.3655471586574301,0.03545827893670032,0.258819045102521,-0.9659258262890682,50.0,0.1,0.05313368794324294,0.08861080717122352,0.027777777700590967,0.23999999999998636,54.000000000002046,163.99999999999864,14.0,0.7787610612577326,0.2280570748143686,-0.44444444320992915,0.027777777700590967,0.0,DISNEY_otc,1786103640,1m,DOWN,1
0.07895000000000049,0.1009774499502744,0.1400413762884778,1.2246467991473532e-16,-1.0,50.0,0.1,0.038828616298090965,0.17892436871522635,0.5634315812049028,0.007766000000000872,1109.300000000033,5372.699999999994,0.0,0.42364413835300074,0.08700138469435811,0.02649883979792521,0.5634315812049028,1.0,EURGBP_otc,1786106100,1m,UP,1
0.4814285714285721,0.4111468814883198,-0.010083949025501634,1.2246467991473532e-16,-1.0,50.0,0.1,0.013003050043626318,0.002917789797186523,0.15999999978667273,0.26800000000000634,230.00000000000114,131.99999999999932,1.0,0.42528735583300603,0.23385839470933448,0.5599999992533545,0.15999999978667273,1.0,PRATA_otc,1786106160,1m,UP,1
0.11164785714285662,0.09854117911124172,0.1848225647488151,1.2246467991473532e-16,-1.0,50.0,0.1,-0.33520419538780166,-0.15100116363004795,0.8501665883989477,0.06851600000000033,2822.5000000000123,3825.3999999999874,4.0,0.2328974721287927,1.4489400925625657,0.015410245570460048,0.8501665883989477,1.0,NZDJPY_otc,1786106340,1m,UP,0
0.26785714285715095,0.2684346154447394,-0.0347598014932564,1.2246467991473532e-16,-1.0,50.0,0.1,0.05513492425522114,0.02035595797174017,0.7499999968747632,0.14999999999998864,98.00000000000182,72.99999999999613,5.0,0.857142855612274,0.12546208132603287,-0.04166666649325293,0.7499999968747632,0.0,AMZN_otc,1786106400,1m,DOWN,0
0.462142857142855,0.46602127075874256,0.04693775449193003,1.2246467991473532e-16,-1.0,50.0,0.1,0.15151018136554673,0.1985190513344364,0.694444443479912,0.3059999999999832,25.0,487.00000000000045,7.0,0.9532710271464647,0.22039588868932197,-0.06944444434800699,0.694444443479912,0.0,MASTERCARD_otc,1786107420,1m,DOWN,0
0.10482571428571319,0.08362321105244144,0.030182690920070854,-0.2588190451025208,-0.9659258262890683,50.0,0.1,-0.17887888801580826,-0.14875018755762848,0.0039062499609049243,0.05355000000000132,7108.80000000003,2236.8999999999774,7.0,0.6735298106248456,0.5523610775141645,0.07281650568090746,0.0039062499609049243,1.0,GBPNZD_otc,1786108020,1m,UP,0
0.09103785714285653,0.07791908974822004,-0.179170580935312,-0.2588190451025208,-0.9659258262890683,50.0,0.1,0.13951749708011804,-0.039903058165218795,0.656529503944934,0.05450000000000017,6958.40000000004,2704.599999999999,5.0,0.4267209328376555,0.7004962602424691,-0.24031007274282387,0.656529503944934,0.0,AUDUSD_otc,1786108800,1m,DOWN,1
0.4385714285714154,0.27606735918645525,-0.03481109603164961,-0.2588190451025208,-0.9659258262890683,50.0,0.1,-0.10156352860659805,-0.13633926926077128,0.8285714273877458,0.22000000000000455,622.9999999999961,162.00000000000045,4.0,0.8505747116660024,0.1965391045041301,0.08571428559184138,0.8285714273877458,1.0,APPLE_otc,1786109040,1m,UP,0
0.08390999999999973,0.08891202675802204,0.6104650731343297,-0.2588190451025208,-0.9659258262890683,50.0,0.1,0.809293138220005,1.4246986633024408,0.3177300365865491,0.04372399999999956,314.3000000000029,6074.6999999999925,0.0,0.19306375204592638,2.0266957176499063,-0.31676818985622435,0.3177300365865491,0.0,CHFJPY_otc,1786109100,1m,DOWN,0
0.42714285714285677,0.2904070655753518,-0.11091813981996299,-0.2588190451025208,-0.9659258262890683,50.0,0.1,-2.623638272134283,-2.73164632118719,0.7543859635887957,0.15,11899.999999999995,14800.000000000004,0.0,0.5862068958779234,6.65137614628047,0.1403508769467529,0.7543859635887957,1.0,ETHEREUM_otc,1786109100,1m,UP,0
0.10135142857142806,0.06569559166295239,0.04545590928052796,-0.2588190451025208,-0.9659258262890683,50.0,0.1,-0.03462537017628713,0.010814799827385448,0.19145480090781225,0.042535999999999775,1694.9999999999932,6494.600000000048,0.0,0.7345271034283571,0.22627049847478456,-0.5385593182305096,0.19145480090781225,0.0,AUDJPY_otc,1786109400,1m,DOWN,0
0.45857142857142563,0.2461628610645939,-0.037196959682312625,-0.2588190451025208,-0.9659258262890683,50.0,0.1,-0.034165751053392784,-0.07135000211506091,0.02985074622416288,0.2220000000000141,303.00000000000296,42.999999999995,5.0,0.8255813943888766,0.1808698578274897,0.5373134320338289,0.02985074622416288,1.0,STARBUCKS_otc,1786109400,1m,UP,0
0.4492857142857239,0.23439541097492383,-0.0002704451494695569,-0.2588190451025208,-0.9659258262890683,50.0,0.1,0.07625072201571305,0.07598007064986435,0.7749999990312447,0.32999999999999546,175.9999999999991,125.0,7.0,0.9499999988124752,0.16479555051979883,-0.02499999996872691,0.7749999990312447,0.0,META_otc,1786110120,1m,DOWN,0
0.6578571428571455,0.79419632471841,-0.013533205437210314,-0.4999999999999997,-0.8660254037844388,50.0,0.1,-0.10723968354137442,-0.12075837601190087,0.5365853645448089,0.4899999999999977,231.99999999999932,334.0000000000032,0.0,0.1363636362861306,0.3969238402372571,0.048780487685853906,0.5365853645448089,1.0,APPLE_otc,1786112700,1m,UP,0
0.480714285714286,0.41809878426908403,-0.9705079909068379,-0.4999999999999997,-0.8660254037844388,50.0,0.1,-4.612537494590935,-5.538280440529193,0.8039215670511348,0.2919999999999998,20000.0,5700.000000000003,7.0,0.9343065686610902,15.021929822914274,0.1372549016916577,0.8039215670511348,1.0,SPACEX_otc,1786113120,1m,UP,0
0.48285714285712594,0.29058202357028895,-0.004630669702750026,-0.4999999999999997,-0.8660254037844388,50.0,0.1,0.05517261121019168,0.050539386646050136,0.6829268276026039,0.22399999999997816,92.00000000000159,251.99999999999818,2.0,0.4485981304218376,0.22398526302521474,-0.04878048768586067,0.6829268276026039,0.0,STARBUCKS_otc,1786113420,1m,DOWN,1
0.5357142857142857,0.33777959545021785,0.08939398846366627,-0.4999999999999997,-0.8660254037844388,50.0,0.1,0.06252750170994532,0.1519773860012768,0.7249999981877344,0.2440000000000282,26.99999999999818,605.0000000000068,4.0,0.8265306114015444,0.1802862504135942,-0.024999999937478683,0.7249999981877344,0.0,BITCOIN_otc,1786113840,1m,DOWN,1
0.08442999999999959,0.10804985429501164,-0.046457261130857914,-0.4999999999999997,-0.8660254037844388,50.0,0.1,-0.3169548332317,-0.36326484582801655,0.864531477336789,0.06407799999999923,3837.599999999952,3272.6000000000254,19.0,0.810644680150963,0.563008411424182,0.09132222363858765,0.864531477336789,1.0,EURGBP_otc,1786114140,1m,UP,0
0.519285714285716,0.3923926324841436,0.27330514676270845,-0.4999999999999997,-0.8660254037844388,50.0,0.1,-0.37535188653476564,-0.10307259579642762,0.4680851058850226,0.40000000000000285,10400.000000000062,34299.99999999993,6.0,0.9999999989999999,1.1486331265661769,0.2765957443865871,0.4680851058850226,1.0,INTEL_otc,1786114260,1m,UP,1
0.4985714285714285,0.36439095657106857,-0.21874806562109417,-0.7071067811865471,-0.7071067811865479,50.0,0.1,-3.739001357484037,-3.949570429962088,0.8636363623278239,0.3060000000000002,25800.0,10199.999999999995,13.0,0.9212598417942838,10.225442833315178,0.0909090907713506,0.8636363623278239,1.0,ETHEREUM_otc,1786114980,1m,UP,1
0.5528571428571395,0.5101863484147783,0.053184452115001536,-0.7071067811865471,-0.7071067811865479,50.0,0.1,0.11057923922289725,0.16382250230043244,0.8124999983073287,0.23799999999999955,226.00000000000477,229.99999999999545,4.0,0.8210526307146626,0.20244640497761673,-0.10416666644968485,0.8124999983073287,0.0,LINK_otc,1786115640,1m,DOWN,1
0.5164285714285646,0.2654873187307894,0.061910630156835095,-0.7071067811865471,-0.7071067811865479,50.0,0.1,-0.06171069355598032,0.00016173112160010686,0.7627118631140608,0.18599999999999,106.99999999999932,179.00000000000205,3.0,0.5632183901572277,0.2303415409048719,0.1864406776501316,0.7627118631140608,1.0,SUI_otc,1786115880,1m,UP,1
0.6271428571428562,0.461883387590129,1.0596158833042946,-0.7071067811865471,-0.7071067811865479,50.0,0.1,-0.7116302554721708,0.34044508061474166,0.7681159409157782,0.5319999999999965,16200.000000000045,55200.00000000003,2.0,0.9704142006092158,2.581729300296662,0.10144927521530195,0.7681159409157782,1.0,NVIDIA_otc,1786116120,1m,UP,1
0.4350000000000104,0.7360934155719276,-0.08252086934448473,-0.7071067811865471,-0.7071067811865479,50.0,0.1,0.005322869072790501,-0.07720239274952717,0.2972972964938243,0.12200000000000273,372.99999999999613,82.000000000005,0.0,0.1931818179622479,0.1754630829657729,-0.16216216172373657,0.2972972964938243,0.0,DISNEY_otc,1786116300,1m,DOWN,0
0.07307214285714293,0.05289009675835764,0.22649895029608608,-0.7071067811865471,-0.7071067811865479,50.0,0.1,0.20017061455905594,0.42712294919591953,0.1552048762198087,0.016928000000000054,2894.1999999999975,2258.899999999997,0.0,0.8020547345145109,1.392247916280363,0.7617681273041547,0.1552048762198087,1.0,CHFJPY_otc,1786116900,1m,UP,0
0.1194971428571431,0.21358723969217977,-0.36776086815054276,-0.7071067811865471,-0.7071067811865479,50.0,0.1,0.16004573594817384,-0.20830371779032983,0.822647973589928,0.08458199999999891,8176.300000000011,3046.0000000000064,1.0,0.7909169056628743,0.8038837526385385,-0.0700014904577471,0.822647973589928,0.0,GBPNZD_otc,1786117260,1m,DOWN,1
0.35214285714285715,0.26845508352117253,-1.4657482628014196,-0.7071067811865471,-0.7071067811865479,50.0,0.1,4.228528241875371,2.700800399826596,0.6101694904912365,0.2459999999999999,13499.999999999996,30800.0,7.0,0.9999999984615385,7.878787877832878,-0.25423728770468285,0.6101694904912365,0.0,SOLANA_otc,1786117620,1m,DOWN,1
0.4249999999999997,0.33563782157597505,0.9083828617978413,-0.8660254037844385,-0.5000000000000004,50.0,0.1,1.364742124963139,2.285522070331881,0.6976744169821463,0.3319999999999993,2199.9999999999886,33900.00000000001,3.0,0.9999999990099009,2.60309278343806,-0.02325581389940047,0.6976744169821463,0.0,SHIBA_otc,1786118880,1m,DOWN,1
0.11559642857142803,0.12034882362153913,-0.23757431380663535,-0.8660254037844385,-0.5000000000000004,50.0,0.1,0.2760374570038852,0.03780734910292356,0.727189679058631,0.10016600000000012,5356.099999999983,3189.899999999994,5.0,0.9594827006450996,0.7874633941195358,-0.19940891886399167,0.727189679058631,0.0,AUDUSD_otc,1786119000,1m,DOWN,1
0.5907142857142885,0.4870228011915689,0.04871591837831193,-0.8660254037844385,-0.5000000000000004,50.0,0.1,0.11820479303604216,0.16697829596484878,0.942857141510174,0.25399999999999634,71.00000000000364,232.9999999999984,4.0,0.9532710271464672,0.2343099899263581,-0.014285714265374568,0.942857141510174,0.0,MICROSOFT_otc,1786119540,1m,DOWN,0
0.4485714285714297,0.24785231335916286,0.07947665079817041,-0.8660254037844385,-0.5000000000000004,50.0,0.1,-0.3278252841959069,-0.24860917795408496,0.4999999983332859,0.25400000000000206,10199.99999999996,27199.99999999999,0.0,0.22077922049249382,0.850171138336655,0.06666666644447602,0.4999999983332859,1.0,INTEL_otc,1786119900,1m,UP,1
0.08757428571428554,0.08501034426205613,0.23475855462594414,-0.8660254037844385,-0.5000000000000004,50.0,0.1,-0.12193180061793807,0.11254050867524601,0.8134917646063082,0.06681200000000018,1501.8999999999494,7745.300000000057,2.0,0.8235376181520301,0.41083955690322743,0.03173665929783796,0.8134917646063082,1.0,GBPCAD_otc,1786120020,1m,UP,1
0.4707142857142758,0.29837379756939997,-0.07681231098250398,-0.8660254037844385,-0.5000000000000004,50.0,0.1,-0.07144155742641721,-0.14819899249766008,0.2799999988799727,0.18799999999998818,411.00000000000136,45.999999999997954,4.0,0.9285714274659816,0.1982721994047095,0.15999999935985446,0.2799999988799727,1.0,NETFLIX_otc,1786120140,1m,UP,0
0.43785714285714256,0.25608635262716883,0.006434840080575403,-0.8660254037844385,-0.5000000000000004,50.0,0.1,-0.06286940926057394,-0.05643861472594406,0.3333333320988356,0.23399999999999183,161.00000000000136,103.99999999999636,3.0,0.43809523767798025,0.22445489525390483,0.3703703689984489,0.3333333320988356,1.0,LINK_otc,1786120380,1m,UP,1
0.5757142857142858,0.5106798959153822,0.07452251856013203,-0.8660254037844385,-0.5000000000000004,50.0,0.1,-0.03441016200272263,0.040086713238044344,0.446808509687626,0.14399999999999408,168.00000000000068,298.0000000000018,0.0,0.4647887317397252,0.16366612111254764,0.2553191483929637,0.446808509687626,1.0,COKE_otc,1786120500,1m,UP,1
0.4185714285714255,0.2663314055639472,0.29120064062474155,-0.9659258262890683,-0.25881904510252063,50.0,0.1,0.036237271533920846,0.3275434353255141,0.23611111078318175,0.12999999999999828,4699.999999999988,28200.000000000073,0.0,0.6904761896542019,0.9044901475082849,0.5694444436535455,0.23611111078318175,1.0,INTEL_otc,1786122900,1m,UP,0
0.09087071428571443,0.11020512394706267,-0.08175323127230492,-0.9659258262890683,-0.25881904510252063,50.0,0.1,0.23491630151797221,0.15297101857839093,0.8359926961934023,0.07188600000000064,9825.20000000001,3605.400000000003,8.0,0.8111508589815951,0.4464887448034871,-0.05641668501919312,0.8359926961934023,0.0,EURCAD_otc,1786123080,1m,DOWN,1
0.40214285714285275,0.2600845186298495,-0.06611425126603139,-0.9659258262890683,-0.25881904510252063,50.0,0.1,-0.03806152662649321,-0.10415061379917508,0.3555555547653703,0.12799999999999728,284.9999999999966,265.0000000000034,0.0,0.4411764699393751,0.1426204408646533,0.3111111104197306,0.3555555547653703,1.0,MASTERCARD_otc,1786123200,1m,UP,0
0.5078571428571357,0.31719235368304743,0.03370114700575083,-0.9659258262890683,-0.25881904510252063,50.0,0.1,-0.02891866506682333,0.004772736017101234,0.199999999733303,0.1900000000000091,75.0,175.9999999999991,1.0,0.24999999973958334,0.17842539588102227,0.2799999996267152,0.199999999733303,1.0,VISA_otc,1786124460,1m,UP,1
0.459285714285716,0.2906803312472537,0.02824077008139055,-0.9659258262890683,-0.25881904510252063,50.0,0.1,-0.6813643333157678,-0.6533159857691655,0.8888888864197552,0.20400000000000063,74900.00000000001,9499.999999999956,0.0,0.43999999941333107,2.327746741082317,0.027777777700611798,0.8888888864197552,1.0,SHIBA_otc,1786124700,1m,UP,1
0.46071428571428574,0.39297121221109604,-4.061698772792897,-0.9659258262890683,-0.25881904510252063,50.0,0.1,-3.5462115570162656,-7.463873898517193,0.19672131115291597,0.15199999999999997,27400.0,26600.0,0.0,0.42105263102493007,11.728395059918453,0.32786885192152515,0.19672131115291597,1.0,SOLANA_otc,1786124700,1m,UP,1
0.5364285714285748,0.4169519169141757,-0.10326492958962856,-0.9659258262890683,-0.25881904510252063,50.0,0.1,0.09336352718701063,-0.009997814183230001,0.899999999100034,0.2740000000000009,563.9999999999986,91.0000000000025,0.0,0.989130433707477,0.2461670189702604,-0.009999999989990904,0.899999999100034,0.0,SUI_otc,1786124700,1m,DOWN,0
0.49428571428571544,0.5201653372049625,0.07784616139026543,-0.9659258262890683,-0.25881904510252063,50.0,0.1,0.48023754179159545,0.5584575496737006,0.924242422842041,0.3919999999999959,7800.000000000011,34899.99999999995,1.0,0.9642857134247393,1.1816838995444057,-0.045454545385675914,0.924242422842041,0.0,INTEL_otc,1786124760,1m,DOWN,0
0.4750000000000065,0.5173070591859364,0.11986098329589692,-0.9659258262890683,-0.25881904510252063,50.0,0.1,-0.011277437243028982,0.10857002880569784,0.34999999912498575,0.2599999999999909,144.99999999999886,316.0000000000025,4.0,0.3499999994166525,0.13225180744106935,0.4749999988125213,0.34999999912498575,1.0,MICROSOFT_otc,1786124940,1m,UP,0
0.09542857142857183,0.07327228030593133,-0.1349879918113136,-1.0,-1.8369701987210297e-16,50.0,0.1,0.5161485197315238,0.38046378939866077,0.8674298311120212,0.05546799999999905,5187.200000000018,2450.2999999999984,1.0,0.4772780860237529,1.2687870309561156,-0.06905465237035897,0.8674298311120212,0.0,NZDJPY_otc,1786125660,1m,DOWN,1
0.47142857142856087,0.5979378481951639,0.030642683579895618,-1.0,-1.8369701987210297e-16,50.0,0.1,0.09199996678511685,0.12267084162372804,0.5454545438016998,0.14399999999999408,182.9999999999984,231.00000000000023,19.0,0.9150326791405029,0.3498422280140107,-0.33333333232311746,0.5454545438016998,0.0,APPLE_otc,1786126740,1m,DOWN,0
0.06850214285714173,0.07103188166980215,-0.02681681356492007,-1.0,-1.8369701987210297e-16,50.0,0.1,-0.21758559097830496,-0.24434405502094825,0.9002655011571697,0.07505999999999916,2992.699999999999,1706.000000000003,15.0,0.9100851557943784,0.5004079753670172,0.08645867762274524,0.9002655011571697,1.0,EURNZD_otc,1786127100,1m,UP,1
0.5007142857142861,0.4257636965292382,-0.10261994108951109,-1.0,-1.8369701987210297e-16,50.0,0.1,0.2366395591174033,0.13377677865173146,0.6249999990234458,0.28600000000000136,12199.999999999987,7999.999999999971,1.0,0.5874999992656257,0.8476372112645908,-0.10937499982909081,0.6249999990234458,0.0,INTEL_otc,1786127460,1m,DOWN,1
0.442142857142857,0.21451837205098587,0.01629934450926043,-1.0,-1.8369701987210297e-16,50.0,0.1,-0.0020098346193399316,0.014289182300051825,0.055555555452727536,0.11399999999998726,72.00000000000273,119.99999999999886,1.0,0.8611111099150862,0.158621753210633,0.6481481469477861,0.055555555452727536,1.0,MICROSOFT_otc,1786128360,1m,UP,1
0.08911214285714106,0.05718661759720165,0.05016812226131328,-0.9659258262890684,0.2588190451025203,50.0,0.1,-0.11087426633481447,-0.060761767610992355,0.7594720378963971,0.06128000000000213,1910.999999999987,5353.799999999964,6.0,0.6807019330216562,0.3163236884199871,0.02344720460479723,0.7594720378963971,1.0,AUDJPY_otc,1786129860,1m,UP,1
0.47999999999998977,0.471192082733107,-0.009460239395835762,-0.9659258262890684,0.2588190451025203,50.0,0.1,0.03716949135033592,0.027705735631636197,0.7374999990780833,0.18199999999999364,117.00000000000159,240.99999999999682,0.0,0.6999999993636414,0.23096627892278512,-0.22499999971875534,0.7374999990780833,0.0,MASTERCARD_otc,1786131000,1m,DOWN,0
0.3764285714285716,0.41222859869567546,-4.194518319846317,-0.9659258262890684,0.2588190451025203,50.0,0.1,1.325807262228363,-2.924322286117975,0.830188677678891,0.13800000000000007,29099.999999999993,6900.000000000004,0.0,0.7999999987692308,8.104738153602895,-0.15094339594161488,0.830188677678891,0.0,FORD_otc,1786131300,1m,DOWN,0
0.4778571428571427,0.384311143375766,0.05035432082415748,-0.9659258262890684,0.2588190451025203,50.0,0.1,-0.08956299618313286,-0.03925377419741316,0.2608695648393302,0.3280000000000086,125.0,200.0,4.0,0.8552631567694458,0.18159227754902396,0.36231884005461157,0.2608695648393302,1.0,NETFLIX_otc,1786131540,1m,UP,1
0.4435714285714281,0.24235112114673976,0.3276732024830491,-0.9659258262890684,0.2588190451025203,50.0,0.1,0.6560018873948592,0.9858246322706843,0.35714285663265527,0.16599999999999682,4399.999999999977,47800.00000000001,7.0,0.5350877188288696,2.45954692551328,-0.35714285663265527,0.35714285663265527,0.0,GOLD_otc,1786132320,1m,DOWN,1
0.5078571428571398,0.31050472892693554,-0.0019450747888450923,-0.9659258262890684,0.2588190451025203,50.0,0.1,-0.08876977424692137,-0.09071312239726748,0.7424242412994069,0.2560000000000059,112.00000000000045,93.00000000000068,7.0,0.3636363632690646,0.2202349172445735,0.1818181815427154,0.7424242412994069,1.0,SPOTIFY_otc,1786132320,1m,UP,0
0.4607142857142857,0.44244823376437237,3.982139165070833,-0.8660254037844386,0.5000000000000001,50.0,0.1,-4.911008360816084,-1.1244323830812113,0.6666666650793679,0.26200000000000045,10800.0,33099.99999999999,5.0,0.964285713424744,11.978609624387325,0.23809523752834386,0.6666666650793679,1.0,SPACEX_otc,1786134300,1m,UP,0
0.4478571428571537,0.6309298910852639,0.0011431273226454911,-0.8660254037844386,0.5000000000000001,50.0,0.1,-0.026827619784860476,-0.025684799136066763,0.021276595699390912,0.05,143.99999999999977,206.99999999999932,2.0,0.26086956493384283,0.20841828643875035,-0.7659574451787985,0.021276595699390912,0.0,APPLE_otc,1786134420,1m,DOWN,0
0.5307142857142851,0.43054016672289247,0.31252909370820403,-0.8660254037844386,0.5000000000000001,50.0,0.1,0.9178520936329858,1.2332497421710027,0.7317073152885178,0.35799999999999843,1000.0000000000142,22199.99999999999,2.0,0.843283581460235,2.1364795918026656,-0.09756097537180122,0.7317073152885178,0.0,NVIDIA_otc,1786134420,1m,DOWN,1
0.4992857142857109,0.47383402318507295,0.04805981276631354,-0.8660254037844386,0.5000000000000001,50.0,0.1,-0.09297935974948769,-0.04496423268938108,0.8059701480508022,0.3480000000000132,126.99999999999818,398.0000000000018,1.0,0.7388059695979265,0.2856472895476794,0.10447761178434911,0.8059701480508022,1.0,LINK_otc,1786134660,1m,UP,0
0.49857142857142583,0.49886024027710285,-0.0537537474472614,-0.8660254037844386,0.5000000000000001,50.0,0.1,0.06592568938771892,0.012136504411881183,0.43548387026540775,0.20799999999998137,306.9999999999993,138.99999999999864,6.0,0.934523808967569,0.3543182537164203,-0.4677419347293864,0.43548387026540775,0.0,MASTERCARD_otc,1786134660,1m,DOWN,0
0.5485714285714413,1.0234946062482966,-0.10089145725900175,-0.8660254037844386,0.5000000000000001,50.0,0.1,0.03954000300343042,-0.06139134674080176,0.7012987003880408,0.4040000000000191,238.99999999999864,132.000000000005,1.0,0.882758620080888,0.26841413524321306,-0.16883116861190567,0.7012987003880408,0.0,VISA_otc,1786134660,1m,DOWN,0
0.5835714285714256,0.5716488587075731,-0.06408674717430601,-0.8660254037844386,0.5000000000000001,50.0,0.1,0.05281254215384701,-0.011308050860825468,0.726190475325934,0.3339999999999918,415.0000000000034,114.99999999999773,3.0,0.7014925367899423,0.30583133629965004,-0.22619047592120586,0.726190475325934,0.0,COKE_otc,1786134780,1m,DOWN,1
0.10581928571428582,0.12936197554601161,-0.21926240919164494,-0.8660254037844386,0.5000000000000001,50.0,0.1,0.022358226798014767,-0.19695320558036003,0.37691179288418375,0.034813999999997236,5063.600000000008,2110.6000000000336,0.0,0.4247473252352756,0.785524578111758,-0.4331308021989263,0.37691179288418375,0.0,GBPCAD_otc,1786134900,1m,DOWN,1
0.422857142857144,0.35503366193335884,-0.027616372200649896,-0.8660254037844386,0.5000000000000001,50.0,0.1,0.16964460487846944,0.141981382992318,0.3095238087868698,0.04600000000000648,24899.99999999995,14300.000000000067,2.0,0.3690476186082672,0.9274594236399631,-0.5476190463151661,0.3095238087868698,0.0,INTEL_otc,1786135320,1m,DOWN,0
0.4421428571428529,0.5104173039232736,-0.018027186258935714,-0.8660254037844386,0.5000000000000001,50.0,0.1,0.064130034241946,0.04609128714228956,0.2352941173009889,0.32599999999999907,101.00000000000477,114.99999999999773,4.0,0.7372262768341322,0.27246872576068093,-0.32352941128896423,0.2352941173009889,0.0,DISNEY_otc,1786136040,1m,DOWN,0
0.0908371428571435,0.15351078452859948,0.35217560708087237,-0.7071067811865477,0.7071067811865474,50.0,0.1,0.026455434960461648,0.37872421163001196,0.6219835151413841,0.049154000000001474,1193.6000000000035,7971.399999999988,1.0,0.612289581139391,0.35526172169556647,0.3547675076900458,0.6219835151413841,1.0,AUDUSD_otc,1786136460,1m,UP,0
0.43499999999999417,0.21812890612021205,0.03325276316810759,-0.7071067811865477,0.7071067811865474,50.0,0.1,0.031245516892857213,0.06450867005869783,0.2584269660017919,0.10399999999999636,63.999999999998636,287.00000000000045,1.0,0.5514018686435536,0.21854575163355078,-0.3483146063502162,0.2584269660017919,0.0,META_otc,1786136460,1m,DOWN,1
0.4542857142857031,0.29968573282535715,0.04285224975779834,-0.7071067811865477,0.7071067811865474,50.0,0.1,0.04942529905155407,0.09229872866194552,0.05405405390791219,0.11399999999999863,49.00000000000091,219.99999999999886,1.0,0.7790697665359569,0.19417475728110525,-0.5405405390795828,0.05405405390791219,0.0,APPLE_otc,1786137060,1m,DOWN,1
0.10226285714285563,0.06753508703948595,0.09451626549027638,-0.7071067811865477,0.7071067811865474,50.0,0.1,0.226508510389649,0.3212388632649633,0.7888023251913486,0.07895400000000023,493.3999999999372,6634.90000000003,10.0,0.3199186978865067,0.6601568757979072,-0.04122078571515145,0.7888023251913486,0.0,EURJPY_otc,1786137300,1m,DOWN,1
0.47928571428570876,0.4807983288405235,-0.026578857781883476,-0.7071067811865477,0.7071067811865474,50.0,0.1,0.1300882439695698,0.1034748102183307,0.6153846144379439,0.29600000000001503,206.00000000000023,142.0000000000016,6.0,0.7777777769921181,0.20713897141857507,-0.215384615053241,0.6153846144379439,0.0,PAYPAL_otc,1786138860,1m,DOWN,0
0.47928571428571687,0.45508844718108327,-0.04197502976110881,-0.7071067811865477,0.7071067811865474,50.0,0.1,0.009700502994272494,-0.03227859855585514,0.1578947365651547,0.10800000000001546,365.9999999999968,85.00000000000227,5.0,0.9844961232678467,0.27550562757560715,-0.771929823207146,0.1578947365651547,0.0,STARBUCKS_otc,1786139100,1m,DOWN,0
0.11887714285714322,0.0755721087795,0.08752270614912573,-0.7071067811865477,0.7071067811865474,50.0,0.1,0.20841674386188289,0.29612186198530444,0.585464113743736,0.07406400000000132,771.700000000024,5489.800000000002,2.0,0.2515162445793448,0.7410484953173241,-0.08154275847903965,0.585464113743736,0.0,EURJPY_otc,1786139220,1m,DOWN,1
0.5514285714285653,0.6540343942953276,0.12342684343875647,-0.7071067811865477,0.7071067811865474,50.0,0.1,0.004637704709796345,0.12807027232108412,0.08571428546931814,0.16800000000000637,94.99999999999886,385.0000000000023,1.0,0.21874999977211876,0.19527674375989643,0.028571428489772715,0.08571428546931814,1.0,META_otc,1786139460,1m,UP,0
0.06891214285714195,0.06554376384134437,-0.008646323118160586,-0.7071067811865477,0.7071067811865474,50.0,0.1,0.014272332214526902,0.005624775064406551,0.18932950194043965,0.04626599999999996,5019.899999999992,3290.999999999968,1.0,0.9999999927172093,0.22900312675360485,-0.3956699392944957,0.18932950194043965,0.0,AUDJPY_otc,1786139760,1m,DOWN,1
0.48714285714286476,0.330421808724292,-0.031774315520652435,-0.7071067811865477,0.7071067811865474,50.0,0.1,-0.10820103513174405,-0.1399409705140971,0.21568627408689622,0.2799999999999955,290.9999999999968,24.00000000000091,11.0,0.6981132068885795,0.2270001713203984,0.43137254817379245,0.21568627408689622,1.0,STARBUCKS_otc,1786139760,1m,UP,1
0.3071428571428539,0.33970979869520423,-0.08342969103359585,-0.5000000000000004,0.8660254037844384,50.0,0.1,0.002701800463780385,-0.08073014467359474,0.11999999952011822,0.10199999999999818,262.99999999999955,53.000000000002956,0.0,0.23076923041424155,0.1485374771477488,-0.47999999808001814,0.11999999952011822,0.0,COKE_otc,1786140900,1m,DOWN,1
0.5107142857142841,0.4755153363988817,-0.041017461968167176,-0.5000000000000004,0.8660254037844384,50.0,0.1,0.0749654338019428,0.03391722291547665,0.34210526225760984,0.2619999999999891,138.99999999999864,347.00000000000273,1.0,0.8679245274830495,0.2514291135931801,-0.07894736821322554,0.34210526225760984,0.0,NETFLIX_otc,1786140960,1m,DOWN,0
0.4628571428571401,0.35894840301856373,-0.02635174899397344,-0.5000000000000004,0.8660254037844384,50.0,0.1,-0.08051314833057867,-0.10684368070179691,0.45588235227076,0.19600000000000364,200.9999999999991,183.9999999999975,1.0,0.5470085465410258,0.27812774859086165,0.397058822945471,0.45588235227076,1.0,NETFLIX_otc,1786141260,1m,UP,1
0.11254571428571326,0.07953328582075596,0.04989588271543176,-0.5000000000000004,0.8660254037844384,50.0,0.1,-0.24529417281392435,-0.1955206817912676,0.012487992075165079,0.043262000000001424,2652.1999999999935,4387.399999999957,8.0,0.9241367662990165,0.8818795367441798,0.6076849066727852,0.012487992075165079,1.0,EURCHF_otc,1786141680,1m,UP,0
0.48928571428572404,0.45417295903997457,-0.010646634267101765,-0.5000000000000004,0.8660254037844384,50.0,0.1,0.13071779201142458,0.12005724069908531,0.14473684191483963,0.3039999999999964,206.99999999999932,164.99999999999773,9.0,0.9925925918573453,0.33378662380927876,-0.3289473679882311,0.14473684191483963,0.0,AVAX_otc,1786142040,1m,DOWN,0
0.4114285714285667,0.20508909933438027,0.0022408590374517453,-0.5000000000000004,0.8660254037844384,50.0,0.1,-0.030496576705726912,-0.028256401053570388,0.15624999951172985,0.117999999999995,121.99999999999704,111.00000000000136,5.0,0.5862068958779749,0.18526799974406438,0.84374999736327,0.15624999951172985,1.0,LINK_otc,1786143000,1m,UP,1
0.5507142857142858,0.33268554271232986,-0.8753096406832642,-0.25881904510252157,0.9659258262890681,50.0,0.1,1.1757376868733225,0.29013670086770954,0.09523809501133584,0.13400000000000017,29299.999999999996,8699.99999999999,3.0,0.6623376614774852,9.005847952163064,-0.6666666650793679,0.09523809501133584,0.0,FORD_otc,1786144080,1m,DOWN,1
0.5128571428571475,0.44581386277092894,0.04822906663902526,-0.25881904510252157,0.9659258262890681,50.0,0.1,-0.12803392172296915,-0.07986660464937223,0.4454545450496088,0.37000000000000455,322.00000000000273,124.00000000000091,8.0,0.5714285709750566,0.2708803611732428,0.3909090905537373,0.4454545450496088,1.0,STARBUCKS_otc,1786144080,1m,UP,0
0.06594428571428576,0.05114891073235623,-0.07190050921586029,-0.25881904510252157,0.9659258262890681,50.0,0.1,-0.15823437756426076,-0.23002111545689782,0.5794744981857689,0.036226000000000626,5203.89999999999,649.4,18.0,0.9590228064988227,0.5245157804989034,0.2610561880716569,0.5794744981857689,1.0,GBPNZD_otc,1786144680,1m,UP,1
0.08341928571428678,0.10860211213012996,-0.09942438254785843,-0.25881904510252157,0.9659258262890681,50.0,0.1,-0.3477242155989321,-0.44680287549246184,0.896801956988922,0.07423200000000066,4245.5000000000355,2677.4999999999945,19.0,0.9303815238246932,0.9193606675507285,0.058302582308679914,0.896801956988922,1.0,GBPCAD_otc,1786144740,1m,UP,1
0.08492000000000084,0.06198813970162478,-0.04059353584601942,-0.25881904510252157,0.9659258262890681,50.0,0.1,0.13248365552925306,0.09183633988303624,0.2689447182122899,0.048132000000002506,2189.599999999956,2264.899999999983,1.0,0.11242318306454373,0.7304379664406795,-0.45185928739988235,0.2689447182122899,0.0,EURCHF_otc,1786146360,1m,DOWN,0
0.509999999999999,0.4075934464167719,0.030553048476734405,-0.25881904510252157,0.9659258262890681,50.0,0.1,-0.09303464535315985,-0.06251002179672036,0.46428571262748575,0.36599999999999683,154.00000000000205,212.00000000000045,8.0,0.9448275855553018,0.3461694559162812,0.07142857117339688,0.46428571262748575,1.0,NETFLIX_otc,1786146480,1m,UP,1
0.10153214285714261,0.0753852707445639,0.8535016790396246,-0.25881904510252157,0.9659258262890681,50.0,0.1,-0.9818084634629122,-0.1366865361438966,0.6472022717301013,0.08738799999999998,2859.4000000000005,12673.799999999992,9.0,0.8184054366545778,1.8142599623887194,0.20627286135840167,0.6472022717301013,1.0,CHFJPY_otc,1786146540,1m,UP,1
0.3907142857142877,0.44303895583521863,-0.05675843599489098,-0.25881904510252157,0.9659258262890681,50.0,0.1,-0.08508812595844724,-0.14179826726382683,0.6315789440443529,0.1740000000000009,366.0000000000025,29.999999999995453,8.0,0.8031496056668085,0.26030991227297257,0.10526315734062575,0.6315789440443529,1.0,META_otc,1786146780,1m,UP,0
0.452142857142856,0.30353322349727796,0.03795447115112803,0.0,1.0,50.0,0.1,0.07423635794137855,0.11221900510956509,0.4199999991599591,0.2019999999999868,16.0000000000025,286.00000000000136,11.0,0.11764705868514472,0.1798446988126493,-0.11999999976000456,0.4199999991599591,0.0,LINK_otc,1786147260,1m,DOWN,1
0.39714285714285325,0.4497942144063711,-0.00806825460421592,0.0,1.0,50.0,0.1,0.01942825806837492,0.011358435942832881,0.5294117631489266,0.2619999999999891,96.00000000000364,262.00000000000045,3.0,0.7321428558354737,0.10264682161428972,-0.23529411695478125,0.5294117631489266,0.0,BITCOIN_otc,1786147380,1m,DOWN,0
0.3571428571428612,0.3259415777965951,0.012954311548886424,0.0,1.0,50.0,0.1,0.053970877850728016,0.0669321809552769,0.11764705859285547,0.1419999999999959,142.0000000000016,119.99999999999886,18.0,0.9206349199042393,0.2630095810627593,-0.2745098033832923,0.11764705859285547,0.0,PAYPAL_otc,1786147980,1m,DOWN,0
0.09661285714285636,0.06833459106424193,0.14254274295451067,0.0,1.0,50.0,0.1,0.14579381574902334,0.2885443772075607,0.43644871080748704,0.028387999999998213,451.89999999998065,4523.200000000003,0.0,0.40192319925978903,0.3779329027197047,-0.34589603710764977,0.43644871080748704,0.0,CADJPY_otc,1786149300,1m,DOWN,1
0.43357142857143216,0.33813401982354585,0.036651499960986586,0.0,1.0,50.0,0.1,0.08618855310108875,0.12287164245958154,0.4666666658889205,0.25399999999999634,27.99999999999727,293.9999999999998,2.0,0.9139784936409011,0.19048009175776298,-0.23333333294441289,0.4666666658889205,0.0,IBM_otc,1786149420,1m,DOWN,1
0.4464285714285836,0.16937506330104724,-0.018355882575173028,0.0,1.0,50.0,0.1,0.03477435312624119,0.016412087411642032,0.3220338977592744,0.17400000000001228,137.99999999999955,177.00000000000387,12.0,0.32954545417099607,0.20946894860819804,-0.3389830502729052,0.3220338977592744,0.0,NETFLIX_otc,1786150020,1m,DOWN,0
0.0866492857142868,0.08922149722803786,0.06310991499078676,0.25881904510252074,0.9659258262890683,50.0,0.1,-0.28080378234120573,-0.2178710823787454,0.2981279603763017,0.08498999999999768,3158.499999999975,7482.200000000034,15.0,0.8752557319587815,0.45808851074353363,0.0684548737509892,0.2981279603763017,1.0,EURJPY_otc,1786150800,1m,UP,0
0.5114285714285717,0.5518062249567262,0.9611305507068622,0.25881904510252074,0.9659258262890683,50.0,0.1,-0.7286264025708769,0.2255010971803601,0.8301886776788944,0.2760000000000005,11400.000000000005,23500.000000000015,3.0,0.6198347102315411,2.7215474583283523,0.13207547144891624,0.8301886776788944,1.0,SHIBA_otc,1786151580,1m,UP,1
0.4764285714285726,0.4115582826020445,-0.16346498987394997,0.25881904510252074,0.9659258262890683,50.0,0.1,-0.12713901015078366,-0.29039617225466485,0.7037037010974326,0.32200000000000273,506.9999999999993,6.999999999999318,9.0,0.7964601762863015,0.24049205099231502,0.25925925829903196,0.7037037010974326,1.0,LINK_otc,1786152240,1m,UP,1
0.11405714285714248,0.1265377500729666,-0.0016802830005306123,0.25881904510252074,0.9659258262890683,50.0,0.1,-0.38679172789783417,-0.38846551170271343,0.8388366407300111,0.08024200000000263,4458.500000000001,2225.8999999999673,5.0,0.9895172677039806,0.9389971742248737,0.12705007514706784,0.8388366407300111,1.0,CADJPY_otc,1786152300,1m,UP,1
0.5892857142857021,0.5063058406805997,0.03972922792385119,0.25881904510252074,0.9659258262890683,50.0,0.1,0.11473624175917958,0.15451105350603053,0.10204081611831718,0.41000000000001363,181.99999999999932,193.99999999999977,19.0,0.7378048775989021,0.4391837609114807,-0.5714285702625066,0.10204081611831718,0.0,PRATA_otc,1786152540,1m,DOWN,0
0.0872235714285721,0.07695393314525392,0.01742561795063158,0.25881904510252074,0.9659258262890683,50.0,0.1,-0.1828081352416173,-0.16541437273821558,0.33941889859266744,0.056983999999999924,2227.399999999946,2503.3000000000525,5.0,0.7754484440154426,0.8138831346899988,0.5737504110681152,0.33941889859266744,1.0,EURCHF_otc,1786152900,1m,UP,1
0.5764285714285714,0.6386304887015309,2.6790289644342757,0.25881904510252074,0.9659258262890683,50.0,0.1,-4.668413400765746,-2.1144525835175156,0.7820512810486524,0.44999999999999984,18200.000000000004,11699.999999999998,0.0,0.36649214640497796,27.641099851282043,0.11538461523668618,0.7820512810486524,1.0,SOLANA_otc,1786152900,1m,UP,0
0.5464285714285617,0.5108175949391449,0.09365675403092236,0.25881904510252074,0.9659258262890683,50.0,0.1,-0.09386257365170174,-0.00029372826051144823,0.6499999991875391,0.46200000000001185,146.00000000000364,213.99999999999864,4.0,0.6543209868465519,0.21707670043357227,0.24999999968748224,0.6499999991875391,1.0,PRATA_otc,1786153140,1m,UP,0
0.09635642857142811,0.13229273449301537,-0.17095138805165672,0.25881904510252074,0.9659258262890683,50.0,0.1,0.06640208328079958,-0.10466282005392089,0.6246482229534556,0.08723799999999926,4547.899999999956,2136.5000000000123,1.0,0.7803521293395097,0.5086585624968256,-0.04376516211771894,0.6246482229534556,0.0,CADJPY_otc,1786153260,1m,DOWN,1
0.5149999999999945,0.5186054840237363,0.1474639608621493,0.25881904510252074,0.9659258262890683,50.0,0.1,-0.033489846959934615,0.11392472844740091,0.5471698102883185,0.2159999999999968,233.9999999999975,358.0000000000041,3.0,0.5531914887731826,0.23596154328830937,0.3207547163759811,0.5471698102883185,1.0,AVAX_otc,1786153680,1m,UP,1
0.5028571428571483,0.3433904961509858,-0.0013507125584339742,0.25881904510252074,0.9659258262890683,50.0,0.1,-0.09214226366087029,-0.09349173164217738,0.608695650850753,0.26600000000001955,126.99999999999818,232.9999999999984,18.0,0.5324675317760613,0.1688818704211723,0.15217391271265734,0.608695650850753,1.0,SPOTIFY_otc,1786153680,1m,UP,1
0.289285714285707,0.18360402901302667,0.008165593979824762,0.25881904510252074,0.9659258262890683,50.0,0.1,0.044780300887430895,0.05294955144480906,0.6744186030827413,0.12199999999997999,173.00000000000182,125.99999999999909,1.0,0.6190476180649866,0.14132848778486265,-0.30232558069229065,0.6744186030827413,0.0,AMZN_otc,1786153860,1m,DOWN,1
0.08082071428571373,0.041500752020484505,0.09276663510608836,0.25881904510252074,0.9659258262890683,50.0,0.1,0.09486932810963991,0.18772397029916335,0.06395950691410346,0.041302000000000304,813.6999999999972,7705.800000000025,8.0,0.4045881093720459,0.2644404487137984,-0.0844357519333174,0.06395950691410346,0.0,EURNZD_otc,1786154280,1m,DOWN,1
0.5178571428571753,0.461795944914017,0.01782491533847011,0.25881904510252074,0.9659258262890683,50.0,0.1,0.06748398714461958,0.08532093144666525,0.5156249991942332,0.24999999999997727,45.00000000000455,226.99999999999818,4.0,0.5584415580789148,0.2838918998630753,-0.2656249995850803,0.5156249991942332,0.0,VISA_otc,1786154340,1m,DOWN,0
0.4314285714285709,0.29264988645255374,-0.19035303697563744,0.49999999999999994,0.8660254037844387,50.0,0.1,-0.7675309623514353,-0.9564229808305083,0.9615384596893565,0.3,21799.999999999996,599.9999999999517,6.0,0.6767676760840783,1.5686895895805864,0.019230769193783304,0.9615384596893565,1.0,NVIDIA_otc,1786155060,1m,UP,1
0.0871928571428567,0.06459272794353338,0.2529281239667237,0.49999999999999994,0.8660254037844387,50.0,0.1,-0.06099622745110203,0.19177761990183914,0.6478580713904388,0.05838799999999651,1594.000000000051,7467.100000000001,4.0,0.8848820048674595,0.414738326560474,0.24795300671678894,0.6478580713904388,1.0,GBPCAD_otc,1786155240,1m,UP,0
0.5078571428571438,0.18712398265850497,0.0222815174039863,0.49999999999999994,0.8660254037844387,50.0,0.1,0.06074683110837327,0.08304188382810535,0.5208333327907789,0.23800000000001093,46.00000000000364,293.9999999999998,10.0,0.36458333295356893,0.2041033273090242,-0.20833333311635893,0.5208333327907789,0.0,STARBUCKS_otc,1786155300,1m,DOWN,1
0.10167999999999974,0.06301251910740442,0.06359508883447394,0.49999999999999994,0.8660254037844387,50.0,0.1,-0.18477544873532467,-0.12129786801161825,0.5676410913209399,0.05514599999999916,2620.099999999965,2450.500000000062,6.0,0.999999994171815,0.5065537868569197,0.32349013046699804,0.5676410913209399,1.0,EURCHF_otc,1786155360,1m,UP,0
0.46071428571429707,0.4467593938825273,-0.022809399849509495,0.49999999999999994,0.8660254037844387,50.0,0.1,0.06093766221924214,0.03811436285469812,0.19999999920004546,0.2839999999999918,181.99999999999932,150.0,1.0,0.1901840489630792,0.3346060680700927,-0.5199999979199817,0.19999999920004546,0.0,IBM_otc,1786155660,1m,DOWN,0
0.3771428571428567,0.2192858038007318,0.22943766431897766,0.49999999999999994,0.8660254037844387,50.0,0.1,0.5760494239687457,0.8068087626314002,0.38235294005189385,0.15399999999999778,15500.000000000042,14699.999999999987,3.0,0.35526315742729037,1.7217942908536024,-0.17647058771627158,0.38235294005189385,0.0,SHIBA_otc,1786156080,1m,DOWN,1
0.0952614285714287,0.06371612871895467,0.0022885736003424076,0.49999999999999994,0.8660254037844387,50.0,0.1,-0.19433790084248873,-0.19205377480804045,0.7779054563862278,0.03735200000000276,2352.6999999999985,2703.199999999981,0.0,0.7358919064941372,0.4222417196649779,0.19014785727304362,0.7779054563862278,1.0,CADJPY_otc,1786156200,1m,UP,0
0.5228571428571414,0.5997618575078253,-0.4902165468783853,0.49999999999999994,0.8660254037844387,50.0,0.1,-0.09006348623713262,-0.579838527003288,0.032258064464093246,0.32199999999999707,32199.999999999985,7000.000000000028,0.0,0.3333333330065266,1.1494252873433646,-0.5161290314255835,0.032258064464093246,0.0,INTEL_otc,1786156800,1m,DOWN,1
0.5000000000000081,0.39220215117094887,-0.02509022222673918,0.49999999999999994,0.8660254037844387,50.0,0.1,0.03493403026488554,0.00983504301232015,0.4680851053870195,0.12199999999999137,191.0000000000025,125.99999999999909,1.0,0.4597701144140288,0.1768903889551747,-0.5319148924853209,0.4680851053870195,0.0,META_otc,1786157160,1m,DOWN,1
0.5414285714285703,0.42101917120213794,-0.09957070286347584,0.49999999999999994,0.8660254037844387,50.0,0.1,0.03011836397346798,-0.06948232795670722,0.33333333282831157,0.2660000000000082,273.9999999999952,81.00000000000023,2.0,0.7203389824404057,0.2974389997975984,-0.5606060597566431,0.33333333282831157,0.0,AVAX_otc,1786157520,1m,DOWN,0
0.09975285714285675,0.07706359482105643,-0.07865487684675558,0.7071067811865476,0.7071067811865476,50.0,0.1,-0.12578964354736344,-0.20434558070490083,0.1434499100218967,0.05369400000000013,5909.700000000057,1156.000000000006,2.0,0.4016503188388023,0.6956956553529067,0.4078986336106471,0.1434499100218967,1.0,EURJPY_otc,1786158720,1m,UP,0
0.41214285714285886,0.2893418070865843,0.16319349398186722,0.7071067811865476,0.7071067811865476,50.0,0.1,-1.014106360519968,-0.8525678221405258,0.8676470575475729,0.21399999999999864,12500.0,19100.000000000036,10.0,0.477064219745814,2.4216840701528253,0.11764705865052702,0.8676470575475729,1.0,SHIBA_otc,1786159500,1m,UP,1
0.490000000000001,0.33116262047376277,-0.051631344518831335,0.7071067811865476,0.7071067811865476,50.0,0.1,0.07256864954662957,0.020899836858338156,0.4622641505073055,0.24400000000001681,229.00000000000205,97.99999999999613,6.0,0.5864661649726111,0.293080652269073,-0.330188678933805,0.4622641505073055,0.0,SPOTIFY_otc,1786160160,1m,DOWN,0
0.1239464285714276,0.09615111699830128,-0.054647588397691765,0.7071067811865476,0.7071067811865476,50.0,0.1,-0.21984876561422045,-0.27437621196338197,0.27548746134413515,0.10163599999999776,6818.099999999987,1113.200000000063,1.0,0.7201464724424501,0.8190058980212701,0.5986072340026584,0.27548746134413515,1.0,EURJPY_otc,1786160760,1m,UP,0
0.3685714285714288,0.20688824824764082,0.12683671849970257,0.7071067811865476,0.7071067811865476,50.0,0.1,0.553712608601663,0.6812516380040351,0.49999999900000003,0.16200000000000045,8500.000000000015,15600.000000000022,16.0,0.8119658112718253,2.5612959719229176,-0.3799999992399955,0.49999999900000003,0.0,SHIBA_otc,1786160760,1m,DOWN,1
0.0756642857142832,0.10478446414805732,0.059489818994834694,0.7071067811865476,0.7071067811865476,50.0,0.1,-0.04862828395455013,0.010832606162179707,0.36180048221658506,0.06834000000000202,4700.699999999997,2267.2999999999633,0.0,0.2617809122842044,0.3344714930045642,0.25656933994442255,0.36180048221658506,1.0,AUDJPY_otc,1786161000,1m,UP,0
0.08038071428571415,0.05083830892338321,0.05291370932419062,0.7071067811865476,0.7071067811865476,50.0,0.1,-0.06964211642622299,-0.01676525732908536,0.36145349189279075,0.04934400000000068,2058.800000000005,3127.6000000000436,1.0,0.2388036553633522,0.37282206310553445,0.1222987014199266,0.36145349189279075,1.0,EURCHF_otc,1786161360,1m,UP,1
0.47071428571427987,0.3510369256849403,-0.044673544918952535,0.7071067811865476,0.7071067811865476,50.0,0.1,0.08490550934659474,0.0401940341267856,0.622950818650879,0.36399999999999866,187.99999999999955,104.99999999999545,1.0,0.9259259250686007,0.23440552155177324,-0.04918032778827633,0.622950818650879,0.0,MICROSOFT_otc,1786161360,1m,DOWN,0
0.47357142857142825,0.3636445553504933,-0.010868625111368574,0.8660254037844386,0.5000000000000001,50.0,0.1,0.5640982551998918,0.5531683203639057,0.2921348311324304,0.2159999999999968,33200.0,16400.000000000004,0.0,0.35353535317824786,1.6937553464209827,-0.10112359539199973,0.2921348311324304,0.0,NVIDIA_otc,1786162200,1m,DOWN,1
0.4264285714285716,0.32217410486681874,2.8107485007666257,0.8660254037844386,0.5000000000000001,50.0,0.1,-8.99141145690825,-6.4333889188644315,0.7659574451788136,0.2540000000000003,12400.000000000002,19800.0,12.0,0.7685185178069273,20.729366598708378,0.08510638279764594,0.7659574451788136,1.0,SPACEX_otc,1786162320,1m,UP,0
0.46642857142856947,0.2929538832456801,0.02055099770220649,0.8660254037844386,0.5000000000000001,50.0,0.1,-0.06361820917325037,-0.04308028564774925,0.6037735837664184,0.217999999999995,124.00000000000091,195.99999999999795,1.0,0.5280898870470649,0.2160351481898745,0.16981132043426161,0.6037735837664184,1.0,PETROLEO_otc,1786162560,1m,UP,1
0.4271428571428544,0.36628818413663633,0.08564837489055871,0.8660254037844386,0.5000000000000001,50.0,0.1,0.04308509731116007,0.12877037388738583,0.28124999912102155,0.11599999999999681,24.00000000000091,269.99999999999886,0.0,0.38333333269446024,0.1266544234054749,-0.4374999986329568,0.28124999912102155,0.0,MASTERCARD_otc,1786163700,1m,DOWN,1
0.4800000000000001,0.5032886354270105,-2.0884318887177367,0.8660254037844386,0.5000000000000001,50.0,0.1,8.56848687615994,6.301107975139884,0.5849056592737619,0.3739999999999998,12900.0,18599.999999999996,7.0,0.7066666657244448,12.842465751225603,-0.2452830184051261,0.5849056592737619,0.0,SPACEX_otc,1786164720,1m,DOWN,0
0.10531428571428592,0.10055004435176965,0.07503607877573384,0.8660254037844386,0.5000000000000001,50.0,0.1,-0.13893552544881416,-0.06400369844340356,0.28114176183998063,0.0369000000000014,3015.4999999999886,3207.2000000000144,3.0,0.4476062346591935,0.609968413839968,0.14702018216862284,0.28114176183998063,1.0,EURGBP_otc,1786164780,1m,UP,1
0.09914428571428578,0.05327424629370624,-0.011871324927015701,0.8660254037844386,0.5000000000000001,50.0,0.1,0.3920357088324179,0.3801178440725767,0.34857342903914346,0.04561600000000006,2913.0999999999926,2476.400000000005,8.0,0.24171270589825614,1.859263326973223,-0.4616463931051517,0.34857342903914346,0.0,CHFJPY_otc,1786165080,1m,DOWN,1
0.44071428571428595,0.2826299176138056,1.1246040860078286,0.9659258262890683,0.25881904510252074,50.0,0.1,2.5477632919227133,3.7010196280133125,0.5555555534979445,0.16400000000000006,899.9999999999985,20300.00000000001,11.0,0.22105263134625958,7.539682539084147,-0.11111111069958628,0.5555555534979445,0.0,ETHEREUM_otc,1786165260,1m,DOWN,1
0.4871428571428851,0.3357695772812309,-0.03312661508146358,0.9659258262890683,0.25881904510252074,50.0,0.1,0.07999214369775808,0.04683902992675632,0.888888887791464,0.31399999999996453,181.99999999999363,131.0000000000059,7.0,0.3157894734467343,0.2449941975054048,-0.02469135799418394,0.888888887791464,0.0,VISA_otc,1786165620,1m,DOWN,1
0.5057142857142846,0.3804855197565897,-0.01779147577662791,0.9659258262890683,0.25881904510252074,50.0,0.1,-0.03217305516102755,-0.049958806876339884,0.7777777756173365,0.30000000000001137,145.00000000000455,168.99999999999977,0.0,0.3804347821951977,0.18703368639292234,0.19444444390429466,0.7777777756173365,1.0,IBM_otc,1786165800,1m,UP,1
0.1117114285714292,0.0626088838309793,0.022183883107860257,0.9659258262890683,0.25881904510252074,50.0,0.1,-0.09381256404937426,-0.0716494922110632,0.4056524970082726,0.0820580000000021,1648.400000000052,2825.9999999999504,4.0,0.9073412102977951,0.3251590302067155,0.07476594402546245,0.4056524970082726,1.0,EURCAD_otc,1786166040,1m,UP,1
0.5071428571428547,0.2859724107098627,-0.03268443090201175,0.9659258262890683,0.25881904510252074,50.0,0.1,-0.105775602195605,-0.13842546094400596,0.5950413218222845,0.27200000000000274,223.00000000000182,111.00000000000136,2.0,0.532608695073285,0.2482393891145616,0.11570247924320633,0.5950413218222845,1.0,PRATA_otc,1786166520,1m,UP,1
0.08910999999999955,0.08073938741562431,-0.13918211460915716,0.9659258262890683,0.25881904510252074,50.0,0.1,-0.13280046446601826,-0.2717977445805208,0.019705249050314226,0.03799999999999955,7808.599999999969,747.300000000024,4.0,0.5810130386350256,0.4302775492364329,0.1477065727131359,0.019705249050314226,1.0,EURJPY_otc,1786167540,1m,UP,1
0.5149999999999945,0.34865518675038437,-0.041399507230535995,0.9659258262890683,0.25881904510252074,50.0,0.1,0.11840381058095709,0.0769552847562984,0.6842105245152669,0.21000000000000227,239.99999999999773,162.00000000000045,9.0,0.369047618827949,0.4065630898785008,-0.15789473642657703,0.6842105245152669,0.0,PETROLEO_otc,1786167540,1m,DOWN,0
0.45928571428571324,0.42081357622998583,-0.4139320385102894,0.9659258262890683,0.25881904510252074,50.0,0.1,-0.8219522813643134,-1.2324819960407696,0.5818181807603341,0.35,21400.000000000004,17599.999999999978,0.0,0.3130434779886558,2.4276968544980555,0.07272727259504015,0.5818181807603341,1.0,SHIBA_otc,1786167600,1m,UP,0
0.09290785714285578,0.07293536270625145,0.009353151984609353,0.9659258262890683,0.25881904510252074,50.0,0.1,0.3309840217144511,0.3403681311376562,0.9183782129720107,0.06343399999999803,3124.4000000000224,2852.399999999946,19.0,0.30441347152761855,0.7727360299984057,-0.038176975210560286,0.9183782129720107,0.0,GBPCAD_otc,1786168140,1m,DOWN,0
0.452142857142856,0.1925608221621651,-0.08693184919990204,0.9659258262890683,0.25881904510252074,50.0,0.1,0.03945675777399993,-0.04750939191506937,0.3214285708545012,0.19399999999998271,330.00000000000114,66.99999999999591,1.0,0.5555555547839419,0.1947893839780382,-0.1785714282525909,0.3214285708545012,0.0,PRATA_otc,1786168260,1m,DOWN,1
0.495,0.4830699674040994,0.40297451960763914,0.9659258262890683,0.25881904510252074,50.0,0.1,-2.5083714374550836,-2.115505015597504,0.5199999993066674,0.3460000000000001,29500.00000000001,6999.999999999993,2.0,0.6370967736797598,11.460258778977797,0.3733333328355547,0.5199999993066674,1.0,ETHEREUM_otc,1786168620,1m,UP,1
0.45071428571427774,0.43873444359089947,0.0018011481959143785,0.9659258262890683,0.25881904510252074,50.0,0.1,0.14525350755102523,0.14705727197787036,0.55357142758291,0.3099999999999909,273.0000000000018,187.99999999999955,19.0,0.8294573636980765,0.2636473257163204,-0.39285714215565937,0.55357142758291,0.0,META_otc,1786168740,1m,DOWN,1
0.5328571428571429,0.2612059942451107,0.6694283988406478,1.0,6.123233995736766e-17,50.0,0.1,2.2742662400703972,2.9589192229873214,0.5287356315761663,0.15400000000000028,22300.000000000004,14199.999999999998,0.0,0.7638888878279324,6.045340049870253,-0.10344827574316262,0.5287356315761663,0.0,ETHEREUM_otc,1786169100,1m,DOWN,1
0.442142857142857,0.327747054625655,-0.015500200636252797,1.0,6.123233995736766e-17,50.0,0.1,-0.13637724720807665,-0.15185630909739,0.9285714272449618,0.18999999999999773,239.00000000000432,32.99999999999841,5.0,0.9607843127835797,0.3032916059578808,0.042857142795880085,0.9285714272449618,1.0,NIKE_otc,1786170300,1m,UP,0
0.09052571428571302,0.08651574271101964,0.0007546244685128382,1.0,6.123233995736766e-17,50.0,0.1,-0.3060927007183226,-0.30534038610022574,0.5847675453064192,0.09919400000000138,3475.699999999975,3360.1000000000167,7.0,0.7910255709822142,0.5036561919801809,0.15311572397395615,0.5847675453064192,1.0,EURJPY_otc,1786170420,1m,UP,1
0.5392857142857191,0.4268103009559956,0.0031703360922600895,1.0,6.123233995736766e-17,50.0,0.1,-0.06481387828886266,-0.061645597014378745,0.42424242381387567,0.3480000000000018,158.9999999999975,75.99999999999909,5.0,0.9333333320888738,0.1665038628892494,0.4848484843587807,0.42424242381387567,1.0,APPLE_otc,1786171500,1m,UP,0
0.49571428571429366,0.33650759666402896,-0.00596780560210004,1.0,6.123233995736766e-17,50.0,0.1,-0.09038304826219073,-0.09634545997967323,0.4626865664735946,0.17399999999997817,143.99999999999977,181.99999999999932,5.0,0.8288288280821315,0.22470545366162792,0.4626865664735946,0.4626865664735946,1.0,IBM_otc,1786171500,1m,UP,1
0.0963128571428563,0.0733676004197913,0.05677875262284894,0.9659258262890683,-0.25881904510252063,50.0,0.1,0.3550355295318974,0.4120158668997825,0.7219647075212022,0.07313000000000044,1497.9999999999905,5862.100000000012,0.0,0.5335354278407782,1.223893517954465,-0.22540370644883062,0.7219647075212022,0.0,NZDJPY_otc,1786172400,1m,DOWN,1
0.4514285714285669,0.2066384534835846,0.0425744580692874,0.9659258262890683,-0.25881904510252063,50.0,0.1,0.0446049241805767,0.08719837255460619,0.17073170690065098,0.07399999999998955,52.000000000003865,289.9999999999977,9.0,0.33093525156046677,0.37356553521896607,-0.34146341380130196,0.17073170690065098,0.0,PRATA_otc,1786172640,1m,DOWN,1
0.4150000000000083,0.2683987934395721,-0.007839369786701744,0.9659258262890683,-0.25881904510252063,50.0,0.1,-0.055410014499202985,-0.06324504048996926,0.6511627891832685,0.22000000000000455,164.99999999999773,72.00000000000273,0.0,0.33999999965997496,0.21505376344039773,0.13953488339643358,0.6511627891832685,1.0,STARBUCKS_otc,1786172700,1m,UP,1
0.4471428571428575,0.405603606646313,-0.3544464849229076,0.9659258262890683,-0.25881904510252063,50.0,0.1,-0.6776910077699814,-1.0297354407372097,0.24999999960936947,0.15400000000000064,20199.99999999996,6900.000000000048,17.0,0.5999999995714265,3.157419936780389,0.34374999946288853,0.24999999960936947,1.0,SHIBA_otc,1786172820,1m,UP,0
0.508571428571433,0.3511394324450389,-0.024932971499315143,0.9659258262890683,-0.25881904510252063,50.0,0.1,-0.16906392619595437,-0.19395474503473545,0.8409090889978194,0.44400000000000545,216.9999999999959,11.000000000001364,15.0,0.4831460668728847,0.23992451812847748,0.04545454535132775,0.8409090889978194,1.0,SUI_otc,1786173000,1m,UP,1
0.10528357142857102,0.09269962570333667,-0.28248119025741425,0.9659258262890683,-0.25881904510252063,50.0,0.1,-1.468788197697491,-1.7471203375716888,0.9064032173867752,0.06310400000000023,4952.300000000011,195.9999999999873,12.0,0.9956329635797924,1.983052180094921,0.05422555445304707,0.9064032173867752,1.0,CHFJPY_otc,1786173120,1m,UP,1
0.4600000000000039,0.2381153103399437,0.015006864083380362,0.9659258262890683,-0.25881904510252063,50.0,0.1,-0.06494895820959974,-0.04995184092810147,0.35294117543250625,0.18999999999999773,105.00000000000114,171.99999999999704,3.0,0.23584905638127396,0.2845102933669263,0.029411764619347656,0.35294117543250625,1.0,SUI_otc,1786175280,1m,UP,1
0.46357142857142514,0.5367960508350056,-0.049722362684613226,0.9659258262890683,-0.25881904510252063,50.0,0.1,-0.07613619104154014,-0.12582069701310944,0.26315789404423473,0.14400000000001684,182.9999999999984,79.00000000000205,2.0,0.6249999991319839,0.15289870460787816,0.0263157894045581,0.26315789404423473,1.0,LINK_otc,1786175520,1m,UP,1
0.4514285714285831,0.2569099988147163,0.02348977326395279,0.9659258262890683,-0.25881904510252063,50.0,0.1,-0.036879540868505686,-0.013398430525083698,0.2285714279181446,0.15799999999999273,68.99999999999409,125.99999999999909,4.0,0.7848101255888899,0.14613662849821532,0.3714285703673098,0.2285714279181446,1.0,VISA_otc,1786175940,1m,UP,1
0.10118999999999952,0.08179737817901449,0.12508983355406053,0.8660254037844387,-0.4999999999999998,50.0,0.1,-0.18712860158781866,-0.06227284689001637,0.6658336494564124,0.05703199999999953,1887.8999999999735,3394.8999999999783,2.0,0.9063658070724608,0.5604381707752243,0.15622196490951756,0.6658336494564124,1.0,GBPNZD_otc,1786176420,1m,UP,1
0.4964285714285706,0.35737827389113325,0.0727584864718454,0.8660254037844387,-0.4999999999999998,50.0,0.1,0.06148046842357541,0.1342836871537216,0.2999999994999053,0.14199999999998453,40.00000000000341,369.99999999999886,2.0,0.6727272721157316,0.23997033094037093,-0.599999999,0.2999999994999053,0.0,SPOTIFY_otc,1786176420,1m,DOWN,0
0.40214285714286085,0.3088057477356004,-0.02558382731233142,0.8660254037844387,-0.4999999999999998,50.0,0.1,0.027413981171205304,0.0018231403132716044,0.48333333252774463,0.11200000000000046,205.00000000000114,125.99999999999909,0.0,0.3896103891043973,0.16194502281919346,-0.01666666663896942,0.48333333252774463,0.0,MASTERCARD_otc,1786176900,1m,DOWN,0
0.09807857142857149,0.0893833147003321,-0.0805046913717369,0.8660254037844387,-0.4999999999999998,50.0,0.1,0.36465721324298994,0.283858955707167,0.8419197320867554,0.062452000000000396,4994.700000000023,2933.999999999983,6.0,0.7396627447355465,0.9271278026050578,-0.1460592900753748,0.8419197320867554,0.0,GBPCAD_otc,1786177860,1m,DOWN,1
0.423571428571425,0.326176652706,-0.06013183938386153,0.8660254037844387,-0.4999999999999998,50.0,0.1,0.010046776843870876,-0.050091103851705676,0.29292929263338213,0.25199999999997547,241.0000000000025,74.00000000000091,2.0,0.9009900981178081,0.24045901483169926,-0.4545454540863282,0.29292929263338213,0.0,NETFLIX_otc,1786177920,1m,DOWN,0
0.09462499999999961,0.07224463064883907,0.20053178111499861,0.8660254037844387,-0.4999999999999998,50.0,0.1,-0.26926632421216534,-0.06927450765305228,0.5352112578158139,0.050546000000000646,2112.2000000000085,4866.199999999984,1.0,0.3676464225143708,1.179327637100628,0.37442838166401887,0.5352112578158139,1.0,NZDJPY_otc,1786178160,1m,UP,1
0.5042857142857267,0.2777302038549619,0.045805989748490775,0.8660254037844387,-0.4999999999999998,50.0,0.1,-0.08748488042755462,-0.04171896399442397,0.44642857063133046,0.2540000000000191,115.0000000000091,304.99999999999545,10.0,0.4485981304218669,0.19855260716237977,0.2499999995535207,0.44642857063133046,1.0,BITCOIN_otc,1786178400,1m,UP,1
0.4585714285714297,0.2369738243717058,-0.01694667904523446,0.8660254037844387,-0.4999999999999998,50.0,0.1,-0.05152958340111409,-0.06846752989323622,0.18867924492707291,0.21999999999999317,159.00000000000318,37.999999999999545,7.0,0.10344827574313362,0.1936129965501432,0.2075471694196515,0.18867924492707291,1.0,APPLE_otc,1786179120,1m,UP,1
0.4414285714285638,0.37177034159101147,-0.055791322443127504,0.8660254037844387,-0.4999999999999998,50.0,0.1,0.06968929894040145,0.013859095915793752,0.6923076916420076,0.34999999999998865,166.0000000000025,97.99999999999613,3.0,0.33613445349907595,0.27216796651585573,-0.20192307672896215,0.6923076916420076,0.0,COKE_otc,1786179180,1m,DOWN,1
0.11556714285714367,0.11170343029115393,0.14133569634385654,0.8660254037844387,-0.4999999999999998,50.0,0.1,0.29576697307199024,0.4375206937267932,0.6026718543631375,0.07040999999999968,898.1999999999601,8084.89999999999,2.0,0.8814422528283744,0.6076094641689667,-0.06007254684563889,0.6026718543631375,0.0,EURGBP_otc,1786179420,1m,DOWN,0
0.10601642857142833,0.07117236107852858,0.011511601306005002,0.8660254037844387,-0.4999999999999998,50.0,0.1,0.1434918339120573,0.15501995342588895,0.39173850777311486,0.05597399999999908,2706.2000000000094,3350.699999999946,8.0,0.5331217961861521,0.3267433542208474,-0.5440054546672325,0.39173850777311486,0.0,EURCAD_otc,1786179480,1m,DOWN,1
0.10616785714285625,0.08285478474790801,-0.0376802620228923,0.8660254037844387,-0.4999999999999998,50.0,0.1,-0.25410623818429917,-0.29169075231082714,0.3539408845200615,0.05223399999999856,4316.000000000031,1264.2999999999915,3.0,0.5209730168076478,0.9024899813204753,0.28910098344151514,0.3539408845200615,1.0,EURCHF_otc,1786179480,1m,UP,0
0.42785714285714754,0.18729567534506109,0.003402331415143031,0.7071067811865476,-0.7071067811865475,50.0,0.1,0.07371289589733031,0.07711773526948747,0.3030303025711375,0.2599999999999909,112.00000000000045,112.99999999999955,9.0,0.619047618458055,0.25495337995274986,-0.4242424235995753,0.3030303025711375,0.0,PETROLEO_otc,1786180740,1m,DOWN,0
0.4707142857142858,0.3967595391026906,1.1506563155759395,0.7071067811865476,-0.7071067811865475,50.0,0.1,2.2187088943631963,3.394894923956371,0.6923076905325423,0.20399999999999957,9900.000000000002,13900.000000000005,0.0,0.37179487131821093,6.320907616991818,-0.05128205115055767,0.6923076905325423,0.0,ETHEREUM_otc,1786180800,1m,DOWN,1
0.5071428571428588,0.39121956396540497,0.017926274583265706,0.7071067811865476,-0.7071067811865475,50.0,0.1,0.03144060385335334,0.04937251456559642,0.3499999982499858,0.2,68.00000000000068,318.0000000000007,0.0,0.16814159277155477,0.22724530426692738,-0.5999999970000569,0.3499999982499858,0.0,IBM_otc,1786181100,1m,DOWN,1
0.09885785714285841,0.10325518110698043,0.1086635387306882,0.7071067811865476,-0.7071067811865475,50.0,0.1,-0.00244646554082559,0.10621441477383213,0.3077539783085691,0.03229599999999806,3415.6000000000117,2935.5000000000327,1.0,0.5897679506413026,0.5833421338202605,0.38563738182546337,0.3077539783085691,1.0,EURCHF_otc,1786181160,1m,UP,0
0.4535714285714261,0.3286276825299877,-0.03201839817736642,0.7071067811865476,-0.7071067811865475,50.0,0.1,0.04739345886535608,0.015359886061620124,0.11999999976000456,0.20199999999999818,302.00000000000387,127.99999999999727,4.0,0.5098039212354135,0.3357840447704631,-0.49999999900000003,0.11999999976000456,0.0,SPOTIFY_otc,1786181640,1m,DOWN,1
0.4485714285714276,0.35391142494989714,-0.40363574377004974,0.7071067811865476,-0.7071067811865475,50.0,0.1,-0.11687747938829839,-0.5200414638751195,0.3278688519215315,0.21000000000000227,29099.999999999964,3900.0000000000055,0.0,0.7361111100887373,0.9322802019819707,0.5409836056705164,0.3278688519215315,1.0,INTEL_otc,1786182300,1m,UP,0
0.09684214285714228,0.08412890340074218,0.09683345960048459,0.7071067811865476,-0.7071067811865475,50.0,0.1,0.17546778758306433,0.27247115871275,0.40682130522094273,0.05680200000000042,516.1999999999978,7510.399999999961,0.0,0.22212065706668968,0.4418596197481556,-0.04698250396128662,0.40682130522094273,0.0,EURNZD_otc,1786182600,1m,DOWN,1
0.0864064285714287,0.05400743676931119,-0.06127724471283074,0.7071067811865476,-0.7071067811865475,50.0,0.1,-0.10633413100109737,-0.1675462170882613,0.6743134297458514,0.06440800000000024,8617.100000000022,1907.9999999999586,1.0,0.18814172836286597,0.311322654727092,0.0376582795785139,0.6743134297458514,1.0,EURCAD_otc,1786182660,1m,UP,1
0.08717928571428603,0.055565850093329094,0.0869501656226962,0.7071067811865476,-0.7071067811865475,50.0,0.1,0.21826165631499317,0.3054016008093461,0.5137214252997833,0.06576400000000149,968.2000000000102,8165.699999999986,3.0,0.2562343168813628,0.5773504436313226,-0.15644648157077498,0.5137214252997833,0.0,GBPCAD_otc,1786183080,1m,DOWN,0
0.4978571428571429,0.4127953488113401,-1.167955349555707,0.49999999999999994,-0.8660254037844387,50.0,0.1,5.93388901056691,4.696628486875588,0.7941176458910052,0.2759999999999998,17899.99999999999,19100.0,12.0,0.49999999948979595,9.040590405070061,-0.14705882331314835,0.7941176458910052,0.0,FORD_otc,1786183320,1m,DOWN,0
0.11317357142857278,0.08380885244449396,-0.08716980074851592,0.49999999999999994,-0.8660254037844387,50.0,0.1,-0.2612848925157621,-0.34822693174408603,0.9306993384696365,0.09179800000000142,5382.099999999994,684.400000000025,3.0,0.5341122447982024,0.49303030227204825,0.04366504652676049,0.9306993384696365,1.0,EURGBP_otc,1786183680,1m,UP,1
0.5328571428571414,0.3298917569990347,-0.014387290815927642,0.49999999999999994,-0.8660254037844387,50.0,0.1,0.0886242773214901,0.07422423587305071,0.611764705162592,0.2660000000000082,184.00000000000318,99.00000000000091,0.0,0.7113402054522042,0.26080176377205905,-0.19999999976471927,0.611764705162592,0.0,PRATA_otc,1786183800,1m,DOWN,0
0.5535714285714286,0.40891977772660393,-2.187484389070694,0.49999999999999994,-0.8660254037844387,50.0,0.1,-10.69005460723396,-12.64369572058828,0.6701030920926768,0.41,30399.99999999999,2999.999999999998,19.0,0.7809523802086171,20.507812495994564,0.12371134007864824,0.6701030920926768,1.0,SPACEX_otc,1786184040,1m,UP,1
0.4421428571428448,0.3158670262199233,-0.02373793192429638,0.49999999999999994,-0.8660254037844387,50.0,0.1,-0.061878922237849715,-0.08560216538570979,0.1515151510562548,0.22400000000002365,270.00000000000455,21.000000000003638,3.0,0.5220588231455265,0.25304679505021294,0.2121212114782744,0.1515151510562548,1.0,VISA_otc,1786184280,1m,UP,0
0.08103428571428546,0.06356644358484773,-0.016484277662917286,0.49999999999999994,-0.8660254037844387,50.0,0.1,-0.21881475906472686,-0.23526296669519248,0.9508824087399569,0.05391200000000111,3967.700000000036,622.3999999999563,1.0,0.9178829051171269,0.4722726753576716,0.0013466581518867657,0.9508824087399569,1.0,EURJPY_otc,1786184760,1m,UP,1
0.40285714285714186,0.25579975896276375,-0.029751989698800274,0.49999999999999994,-0.8660254037844387,50.0,0.1,0.06235090299986183,0.03258036266682394,0.15517241352541272,0.15,222.00000000000273,100.99999999999909,10.0,0.7946428564333391,0.2073958854133901,-0.39655172345422457,0.15517241352541272,0.0,BITCOIN_otc,1786185300,1m,DOWN,1
0.4964285714285706,0.3837359725822509,-0.062275268440281625,0.49999999999999994,-0.8660254037844387,50.0,0.1,-0.15385868947898781,-0.21603814200737767,0.7399999985200092,0.32599999999999907,439.9999999999977,34.00000000000318,1.0,0.6458333328848437,0.4272236397067957,0.2199999995600273,0.7399999985200092,1.0,NIKE_otc,1786185360,1m,UP,1
0.09750214285714318,0.08370818511826604,-0.060385929283514266,0.49999999999999994,-0.8660254037844387,50.0,0.1,-0.11308274370542162,-0.17340038692329007,0.5717554481819294,0.04848199999999849,4373.39999999999,1500.1000000000174,0.0,0.6489368334132117,0.32808496171289775,0.16803718149422947,0.5717554481819294,1.0,EURGBP_otc,1786185600,1m,UP,1
0.49285714285714294,0.3081895021433041,-0.5756252537399664,0.49999999999999994,-0.8660254037844387,50.0,0.1,8.989384826516911,8.362014403559643,0.3698630131919681,0.2859999999999999,11800.000000000005,14499.999999999993,12.0,0.41666666623263926,14.678899080324326,-0.20547945177331645,0.3698630131919681,0.0,SPACEX_otc,1786185720,1m,DOWN,0
0.11822071428571235,0.09351069039128,-0.013126085681151419,0.49999999999999994,-0.8660254037844387,50.0,0.1,0.33191851943579515,0.31874886584539097,0.7986056248447467,0.09184599999999961,797.6000000000028,3136.0000000000095,1.0,0.8752599945063391,0.9983907584435887,-0.18251775728413464,0.7986056248447467,0.0,EURCHF_otc,1786185960,1m,DOWN,0
0.5321428571428604,0.25853454273677184,-0.0014160818144368119,0.49999999999999994,-0.8660254037844387,50.0,0.1,0.08024033540123493,0.07882311731800067,0.803571427136456,0.17599999999998772,253.00000000000296,120.99999999999795,3.0,0.3543307083824129,0.2615051992170013,-0.10714285695153425,0.803571427136456,0.0,META_otc,1786186680,1m,DOWN,1
0.49642857142857155,0.33785766559074537,0.3662522849354983,0.49999999999999994,-0.8660254037844387,50.0,0.1,-8.10105804049879,-7.76447606574057,0.5799999988400001,0.2580000000000002,17300.000000000004,8999.999999999995,4.0,0.6864406773843721,20.70175438233302,0.27999999943999937,0.5799999988400001,1.0,SPACEX_otc,1786186740,1m,UP,1
0.11683357142857277,0.08266063183143359,0.015659133107983572,0.258819045102521,-0.9659258262890682,50.0,0.1,-0.19504399693982188,-0.17941540603093825,0.5377363661847869,0.08127199999999846,3250.2999999999815,3030.499999999989,19.0,0.5456004242738272,0.27551015708324333,0.2603781892034881,0.5377363661847869,1.0,EURCAD_otc,1786187040,1m,UP,1
0.0973157142857143,0.09257064780569922,0.18958598136199553,0.258819045102521,-0.9659258262890682,50.0,0.1,0.020461247168079726,0.21008602018631775,0.032807180270266356,0.05028799999999904,1659.3999999999908,7431.699999999992,2.0,0.2912199468355098,0.7271196064882346,0.41421644272045455,0.032807180270266356,1.0,GBPCAD_otc,1786189020,1m,UP,0
0.5335714285714286,0.4566167989672718,-0.4399122761306872,0.258819045102521,-0.9659258262890682,50.0,0.1,4.990326220397474,4.52846088660429,0.29729729649379016,0.29400000000000015,11899.999999999995,15400.0,7.0,0.9327731084598545,12.242798352649931,-0.6216216199415656,0.29729729649379016,0.0,FORD_otc,1786189920,1m,DOWN,1
0.3414285714285735,0.205228363496636,-0.012806616892284102,1.2246467991473532e-16,-1.0,50.0,0.1,-0.027769232913681146,-0.040572293506692066,0.3333333324785839,0.05000000000001137,117.00000000000159,41.0000000000025,3.0,0.3265306119117094,0.2230821761888756,0.5128205115055025,0.3333333324785839,1.0,AMZN_otc,1786190580,1m,UP,1
0.0892707142857146,0.08223924460493216,-0.0559642363261273,1.2246467991473532e-16,-1.0,50.0,0.1,0.19631399087520107,0.14023988892327913,0.5646051272195752,0.06933799999999905,4742.000000000033,2536.7999999999565,4.0,0.8042510527250796,0.4472030648178792,-0.21598477229333268,0.5646051272195752,0.0,AUDUSD_otc,1786190640,1m,DOWN,1
0.09301500000000017,0.06189460525558295,-0.10439810480309428,1.2246467991473532e-16,-1.0,50.0,0.1,0.05117917574256331,-0.05327235915006004,0.10706364010357036,0.0728439999999992,4971.69999999997,1759.8000000000268,1.0,0.8680217089899674,0.6302288090742962,-0.6518512143673635,0.10706364010357036,0.0,AUDUSD_otc,1786191660,1m,DOWN,0
0.6000000000000004,0.6362963750655859,0.09182617055487607,-0.2588190451025208,-0.9659258262890683,50.0,0.1,-0.7464849506841362,-0.6553442486732418,0.5714285702623907,0.4960000000000008,18999.999999999985,29900.00000000002,6.0,0.6715686271217826,3.438395415414824,0.28571428513119534,0.5714285702623907,1.0,NVIDIA_otc,1786194060,1m,UP,1
0.09472857142857169,0.0745684089350689,0.0792457601487915,-0.2588190451025208,-0.9659258262890683,50.0,0.1,-0.4095945008188568,-0.3306733269457668,0.49438393044263085,0.07501800000000074,3275.3000000000297,2785.1999999999675,1.0,0.6915104247250482,1.1806965686335773,0.11240639795431075,0.49438393044263085,1.0,NZDJPY_otc,1786194360,1m,UP,1
0.49642857142856656,0.2921848354435228,-0.041328896016115745,-0.2588190451025208,-0.9659258262890683,50.0,0.1,-0.12509746355447357,-0.16637465816995808,0.8749999986328347,0.3580000000000041,630.0000000000011,17.00000000000159,15.0,0.8399999995200156,0.37453183520519095,0.09374999985352118,0.8749999986328347,1.0,PAYPAL_otc,1786194900,1m,UP,0
0.44357142857143117,0.35380894450305644,0.025876402483643497,-0.2588190451025208,-0.9659258262890683,50.0,0.1,-0.052124677109378244,-0.026261762616976863,0.17647058797578347,0.22600000000002182,119.99999999999886,233.0000000000041,13.0,0.9072164939101145,0.23162519700026535,0.5735294109213381,0.17647058797578347,1.0,NETFLIX_otc,1786195380,1m,UP,1
0.4571428571428636,0.13502136574852908,0.005880938111462497,-0.2588190451025208,-0.9659258262890683,50.0,0.1,0.02685240179522011,0.03273491907981362,0.4262295074979997,0.23600000000000138,94.99999999999886,258.0000000000041,8.0,0.5242718441511972,0.2454016963684303,-0.4918032778823432,0.4262295074979997,0.0,NETFLIX_otc,1786195980,1m,DOWN,0
0.4892857142857118,0.38776692319768236,0.06257688787507067,-0.2588190451025208,-0.9659258262890683,50.0,0.1,0.011236711498525077,0.07382063095795102,0.3636363632690646,0.27799999999999725,102.99999999999727,220.99999999999795,0.0,0.9887640438328594,0.23819719516047652,-0.525252524721944,0.3636363632690646,0.0,PRATA_otc,1786196100,1m,DOWN,1
0.326428571428575,0.3682748615164434,-0.04753307027490272,-0.2588190451025208,-0.9659258262890683,50.0,0.1,0.03903232662398956,-0.008519296914157272,0.07692307677508066,0.10399999999999636,307.000000000005,88.99999999999864,5.0,0.6448598124814414,0.20931142409974574,-0.34615384548819095,0.07692307677508066,0.0,TESLA_otc,1786196100,1m,DOWN,1
0.4735714285714323,0.5141946655361346,-0.0022297705536960034,-0.2588190451025208,-0.9659258262890683,50.0,0.1,-0.07406325651050662,-0.07629137562351784,0.6037735843360484,0.2279999999999859,187.00000000000045,100.0,12.0,0.8199052128815648,0.45260516098489617,0.22641509412603159,0.6037735843360484,1.0,LINK_otc,1786196820,1m,UP,1
0.10873428571428485,0.06486911512363439,0.14151139876230598,-0.2588190451025208,-0.9659258262890683,50.0,0.1,0.18036431409187617,0.32213094891792154,0.7377801240711362,0.06210800000000063,1547.1000000000145,7521.899999999988,3.0,0.08070623837589543,0.6010074256649054,-0.13816834181955562,0.7377801240711362,0.0,GBPCAD_otc,1786196880,1m,DOWN,1
0.413571428571426,0.2718233101764261,-0.04472433858471009,-0.2588190451025208,-0.9659258262890683,50.0,0.1,0.039878532010947966,-0.004863641983441312,0.4473684198753935,0.12199999999999137,346.99999999999704,69.99999999999886,2.0,0.7752808980053117,0.1989449213157182,-0.49999999868421047,0.4473684198753935,0.0,SPOTIFY_otc,1786197120,1m,DOWN,0
0.29928571428571005,0.2913817025219824,0.0013638510429762104,-0.4999999999999997,-0.8660254037844388,50.0,0.1,0.07779530560497061,0.07916021766003371,0.39999999900008526,0.27800000000000863,341.9999999999959,134.00000000000318,18.0,0.77272727222549,0.3500556906772713,-0.49999999874999995,0.39999999900008526,0.0,AMZN_otc,1786197780,1m,DOWN,1
0.5385714285714259,0.39053921594702967,-0.01501637947075548,-0.4999999999999997,-0.8660254037844388,50.0,0.1,-0.03662767389961781,-0.05163855321986922,0.15789473601093862,0.3240000000000009,362.99999999999955,102.00000000000387,0.0,0.03389830505598899,0.2703879379476286,0.05263157867031287,0.15789473601093862,1.0,COKE_otc,1786199100,1m,UP,0
0.5571428571428539,0.6003538333741115,-0.03076125894379224,-0.4999999999999997,-0.8660254037844388,50.0,0.1,0.13344428421716842,0.10264197613156245,0.6341463399167433,0.46400000000001,150.0,216.9999999999959,10.0,0.8076923070710076,0.2622025010079446,-0.21951219458665028,0.6341463399167433,0.0,IBM_otc,1786199400,1m,DOWN,0
0.4371428571428534,0.20193024490967532,0.00012802270521306103,-0.4999999999999997,-0.8660254037844388,50.0,0.1,-0.03374839272645029,-0.03362041322684256,0.1379310340071952,0.09200000000000727,95.00000000000455,112.99999999999955,4.0,0.42045454497676354,0.223055865354802,0.8620689625445289,0.1379310340071952,1.0,AVAX_otc,1786199640,1m,UP,1
0.44642857142857145,0.38231509931620716,0.6700881211322424,-0.4999999999999997,-0.8660254037844388,50.0,0.1,4.036818629400825,4.733956992640335,0.7317073152885202,0.17800000000000046,11199.99999999999,25700.0,13.0,0.72538860066042,15.589660741874836,-0.1463414630577049,0.7317073152885202,0.0,FORD_otc,1786200780,1m,DOWN,1
0.10597071428571374,0.09945678014933507,-0.08785246676657801,-0.7071067811865471,-0.7071067811865479,50.0,0.1,0.28705750924134316,0.19895285537185797,0.8677028803975151,0.0870260000000016,4818.399999999982,2658.1999999999794,1.0,0.9211060342063394,0.7316731700552316,-0.07248764363235148,0.8677028803975151,0.0,EURJPY_otc,1786201260,1m,DOWN,1
0.5492857142857182,0.5924580941078563,-0.03994665054845915,-0.7071067811865471,-0.7071067811865479,50.0,0.1,0.05800450143637318,0.01803468003242286,0.7282608687735724,0.36599999999998545,142.0000000000016,203.99999999999636,0.0,0.5873015868354599,0.2817783343763373,-0.07608695643908897,0.7282608687735724,0.0,SPOTIFY_otc,1786201500,1m,DOWN,1
0.43357142857143216,0.5363475378802077,0.039913765513069945,-0.7071067811865471,-0.7071067811865479,50.0,0.1,0.22238422394305407,0.2623867513738067,0.6170212759393237,0.33199999999998225,71.00000000000364,245.99999999999795,15.0,0.9871244630956664,0.5319513253109894,-0.26595744652557785,0.6170212759393237,0.0,COKE_otc,1786201800,1m,DOWN,0
0.0976157142857136,0.09245622290823932,0.04180755687838767,-0.7071067811865471,-0.7071067811865479,50.0,0.1,0.025484095935108836,0.06730230709139952,0.27016498315571225,0.05609200000000101,3513.5999999999967,4845.299999999995,0.0,0.4228456886492556,0.3199517166339373,-0.4792621393302295,0.27016498315571225,0.0,EURGBP_otc,1786202100,1m,DOWN,0
0.46285714285714313,0.39227989557191223,-0.009012356840585966,-0.7071067811865471,-0.7071067811865479,50.0,0.1,-1.1463859045223475,-1.1552949449744476,0.8695652161310595,0.2299999999999983,18699.999999999975,9299.999999999996,9.0,0.7028985502152887,3.2990676547143485,0.07246376801092849,0.8695652161310595,1.0,GOLD_otc,1786202340,1m,UP,1
0.40857142857143863,0.371368127268398,0.05683703680585549,-0.7071067811865471,-0.7071067811865479,50.0,0.1,-0.06164816772853605,-0.0048461699144625656,0.2962962951986531,0.33599999999999,125.99999999999909,249.0000000000009,3.0,0.9609374992492169,0.2375120611589311,0.07407407380008432,0.2962962951986531,1.0,VISA_otc,1786202580,1m,UP,0
0.09538785714285579,0.048682301867990226,0.029422977507172182,-0.7071067811865471,-0.7071067811865479,50.0,0.1,-0.07588474824670069,-0.046484098291936504,0.25129362826895646,0.03962600000000123,6148.400000000009,3005.6000000000436,3.0,0.7708849768181824,0.4446398404360936,0.6804026655339285,0.25129362826895646,1.0,CADJPY_otc,1786204380,1m,UP,1
0.43,0.3134958856674174,-1.9048638073548902,-0.7071067811865471,-0.7071067811865479,50.0,0.1,-7.146018261539268,-8.914760153363126,0.5249999986874994,0.23399999999999999,14100.0,10000.0,18.0,0.5467625895347035,19.914040111760148,0.24999999937499887,0.5249999986874994,1.0,SPACEX_otc,1786204680,1m,UP,1
0.48857142857143493,0.24058194246187506,0.10610096123773685,-0.8660254037844385,-0.5000000000000004,50.0,0.1,-0.048315237507994976,0.0577344607983216,0.4655172405767282,0.19200000000000728,75.99999999999909,575.0,4.0,0.5294117640830529,0.17690274511398715,0.15517241352551073,0.4655172405767282,1.0,MASTERCARD_otc,1786205040,1m,UP,0
0.5064285714285616,0.2904269308561545,0.016606418178458784,-0.8660254037844385,-0.5000000000000004,50.0,0.1,0.06172134608566069,0.07833801396895584,0.6724137919442071,0.3580000000000041,175.9999999999991,166.0000000000025,4.0,0.7191011227875226,0.18022031427146126,-0.18965517208673216,0.6724137919442071,0.0,IBM_otc,1786205640,1m,DOWN,1
0.09823714285714301,0.06600685689137434,0.13051557160142205,-0.8660254037844385,-0.5000000000000004,50.0,0.1,0.14350782634458092,0.2742106980058494,0.5700371547684078,0.04214999999999804,759.4999999999885,8375.899999999987,0.0,0.9331857821917361,0.41905494311077573,-0.3082986132851248,0.5700371547684078,0.0,CADJPY_otc,1786207200,1m,DOWN,1
0.5207142857142871,0.5280656177882597,0.007241652741403771,-0.8660254037844385,-0.5000000000000004,50.0,0.1,-0.0894062815003842,-0.08217110325141568,0.5454545442148995,0.28199999999999364,227.00000000000387,81.00000000000023,4.0,0.5617283947149964,0.38502673796700043,0.18181818140492342,0.5454545442148995,1.0,NETFLIX_otc,1786207440,1m,UP,0
0.31642857142855974,0.21610945503976045,-0.006913892344057027,-0.8660254037844385,-0.5000000000000004,50.0,0.1,0.02588615826861685,0.01897047618344512,0.22641509391242032,0.12400000000000092,208.9999999999975,73.00000000000182,4.0,0.5138888881751817,0.16404647983557305,-0.2830188673904718,0.22641509391242032,0.0,AMZN_otc,1786207740,1m,DOWN,0
0.40000000000000974,0.30773900856878106,0.032265186600825745,-0.8660254037844385,-0.5000000000000004,50.0,0.1,-0.042592537272231536,-0.010341093233034705,0.5813953474851947,0.2600000000000023,97.00000000000273,124.00000000000091,3.0,0.7207207200714241,0.23059185242073824,0.3255813945916773,0.5813953474851947,1.0,MASTERCARD_otc,1786207980,1m,UP,1
0.09339857142857053,0.05038267339568566,-0.09255285300463635,-0.8660254037844385,-0.5000000000000004,50.0,0.1,0.07637520080941895,-0.016248339622554543,0.3416219246848053,0.024758000000002767,10390.49999999996,3074.800000000053,9.0,0.4516940586070713,0.19875950333128897,-0.42264763759078205,0.3416219246848053,0.0,AUDJPY_otc,1786208340,1m,DOWN,0
0.46714285714286674,0.308713210172739,-0.04215007360150912,-0.8660254037844385,-0.5000000000000004,50.0,0.1,-0.10028577814641512,-0.14239358121862367,0.8297872322770922,0.25199999999999817,305.00000000000114,12.999999999999545,4.0,0.9024390232897271,0.19530319630306298,0.08510638279756365,0.8297872322770922,1.0,NETFLIX_otc,1786208340,1m,UP,0
0.47214285714285403,0.5794393841779502,0.05937087721254861,-0.9659258262890683,-0.25881904510252063,50.0,0.1,0.1348509085115853,0.1943018478914463,0.14285714260201182,0.24400000000000546,27.000000000003865,294.99999999999886,14.0,0.9277108422557659,0.2474435798817964,-0.2857142852041252,0.14285714260201182,0.0,NIKE_otc,1786208640,1m,DOWN,0
0.35428571428570066,0.24273170647262685,0.030011621020501242,-0.9659258262890683,-0.25881904510252063,50.0,0.1,-0.04570526824005135,-0.015707364111440716,0.31999999935993634,0.20799999999999272,95.00000000000455,200.9999999999991,9.0,0.5294117639273062,0.1320926979931123,0.2199999995600273,0.31999999935993634,1.0,TESLA_otc,1786208640,1m,UP,0
0.10668928571428563,0.0983829135144619,0.28067495440207146,-0.9659258262890683,-0.25881904510252063,50.0,0.1,1.1502223719567217,1.4341257124768052,0.9366128185474092,0.08785200000000018,6294.299999999992,4457.200000000014,3.0,0.47466567229927803,2.6934892923421963,-0.0018967204974437257,0.9366128185474092,0.0,CHFJPY_otc,1786208880,1m,DOWN,0
0.5049999999999913,0.34345449323030275,0.06325636170511625,-0.9659258262890683,-0.25881904510252063,50.0,0.1,0.11288316439324253,0.17621093188113154,0.8082191769750507,0.2959999999999809,13.999999999998636,339.9999999999977,3.0,0.42424242381390875,0.2655080859273618,-0.08219178070933379,0.8082191769750507,0.0,PRATA_otc,1786208880,1m,DOWN,1
0.07829928571428521,0.05247817492013826,0.021881158710285727,-0.9659258262890683,-0.25881904510252063,50.0,0.1,-0.24587406452638133,-0.22404670591038206,0.8593220253308315,0.043866000000002715,3081.400000000016,1353.200000000001,9.0,0.9353133593297999,0.4172928115610535,0.022831505255868172,0.8593220253308315,1.0,EURJPY_otc,1786208940,1m,UP,1
0.4892857142857281,0.36722975408875286,-0.018510996874494885,-0.9659258262890683,-0.25881904510252063,50.0,0.1,-0.0804138417068009,-0.09890995317757077,0.8484848471993098,0.21000000000000227,262.00000000000045,62.000000000000455,0.0,0.7215189864284297,0.18817588490261034,0.015151515128545262,0.8484848471993098,1.0,NETFLIX_otc,1786209000,1m,UP,0
0.5385714285714259,0.4074957024242257,-0.014564111285047905,-0.9659258262890683,-0.25881904510252063,50.0,0.1,0.09336219154991508,0.07878448289139167,0.7399999985200092,0.30599999999999455,68.00000000000068,157.9999999999984,3.0,0.7007299264958293,0.29571749266037617,-0.15999999967996817,0.7399999985200092,0.0,LINK_otc,1786209180,1m,DOWN,0
0.45785714285713247,0.3869924892727951,0.03784354364214179,-0.9659258262890683,-0.25881904510252063,50.0,0.1,0.09288131563115697,0.13076000885451503,0.8076923061391121,0.2759999999999877,40.99999999999682,314.0000000000043,2.0,0.3947368417589975,0.33959903482278003,-0.0576923075813105,0.8076923061391121,0.0,NIKE_otc,1786209720,1m,DOWN,0
0.4507142857142859,0.3149646761996695,0.9356861328564066,-0.9659258262890683,-0.25881904510252063,50.0,0.1,6.994335924470272,7.995467088657342,0.9012345667885993,0.1740000000000002,9000.000000000004,16099.999999999993,5.0,0.7709923658236695,14.02569592997584,-0.086419752979729,0.9012345667885993,0.0,SPACEX_otc,1786210500,1m,DOWN,1
0.10155642857142919,0.048140672529069894,0.0636344499959354,-0.9659258262890683,-0.25881904510252063,50.0,0.1,0.12076414126519092,0.18447543885821274,0.6556626213561306,0.04575400000000087,1137.0000000000146,5475.300000000018,7.0,0.6646077177354606,0.40838662362603684,-0.1976910581271446,0.6556626213561306,0.0,EURGBP_otc,1786211520,1m,DOWN,1
0.0832735714285714,0.050501919366965645,-0.03106576480355304,-0.9659258262890683,-0.25881904510252063,50.0,0.1,-0.31461115293825404,-0.34557918138098953,0.7242479406990822,0.06131600000000006,3298.6999999999966,1186.2999999999956,3.0,0.13111726598656603,0.8005812424268741,0.12237921464930299,0.7242479406990822,1.0,NZDJPY_otc,1786211580,1m,UP,1
0.5185714285714198,0.4566240186249548,0.014541129093796186,-1.0,-1.8369701987210297e-16,50.0,0.1,0.0930486410385685,0.10760330045537812,0.1770833331488814,0.42399999999998955,75.0,239.99999999999773,8.0,0.981595091422316,0.3996665358954489,-0.5416666661023911,0.1770833331488814,0.0,AVAX_otc,1786212180,1m,DOWN,1
0.4914285714285712,0.4563062399471659,0.04656185051459681,-1.0,-1.8369701987210297e-16,50.0,0.1,-2.041257192965305,-1.9956457895735153,0.19565217348771274,0.2240000000000002,38600.00000000001,10400.00000000001,3.0,0.7476635507031182,7.399723374315361,0.21739130387523595,0.19565217348771274,1.0,ETHEREUM_otc,1786213080,1m,UP,1
0.09724785714285591,0.07779664565628815,-0.06543145498937218,-1.0,-1.8369701987210297e-16,50.0,0.1,-0.319363429147779,-0.38458591999875585,0.90755238507278,0.06661999999999893,6353.10000000004,281.20000000001255,5.0,0.7886994417577419,0.6636477098847942,0.08556741727503447,0.90755238507278,1.0,EURJPY_otc,1786213500,1m,UP,1
0.10076999999999993,0.10419797360797295,0.07147197808360574,-1.0,-1.8369701987210297e-16,50.0,0.1,-0.541638799830404,-0.4705539417111053,0.2555025357010503,0.0545579999999994,3683.5999999999913,3674.999999999997,11.0,0.9875632968887352,1.4013359025847378,0.5199322684326092,0.2555025357010503,1.0,NZDJPY_otc,1786213560,1m,UP,1
0.4728571428571513,0.3857353472951333,-0.08553269589214747,-1.0,-1.8369701987210297e-16,50.0,0.1,0.09025441223221152,0.004644519308120222,0.9770114931298929,0.43400000000001454,224.0000000000009,96.00000000000364,4.0,0.13265306108912242,0.26273458444970266,-0.02298850572068184,0.9770114931298929,0.0,PRATA_otc,1786213740,1m,DOWN,1
0.09594142857142833,0.08290534058628952,0.039723024664312996,-1.0,-1.8369701987210297e-16,50.0,0.1,0.17366922119905726,0.21346123253094149,0.7770263851128988,0.06124599999999987,393.1999999999647,4352.400000000002,9.0,0.5427649256628589,0.5263190326287401,-0.04179581063400613,0.7770263851128988,0.0,AUDJPY_otc,1786214340,1m,DOWN,1
0.3950000000000062,0.3902950419217571,-0.023053315497785838,-1.0,-1.8369701987210297e-16,50.0,0.1,0.07051530306462989,0.04744573145155434,0.6399999991466909,0.33600000000001273,176.99999999999818,420.99999999999795,1.0,0.6290322575572342,0.24727794839019654,-0.10666666652442322,0.6399999991466909,0.0,DISNEY_otc,1786214460,1m,DOWN,0
0.41428571428571914,0.41784112861224715,-0.005429522689467377,-1.0,-1.8369701987210297e-16,50.0,0.1,0.11386178854262281,0.10842608370151188,0.599999999,0.30000000000001137,140.99999999999682,293.9999999999998,12.0,0.333333332950148,0.17334475681887887,-0.24999999958328598,0.599999999,0.0,DISNEY_otc,1786214520,1m,DOWN,1
0.11511500000000195,0.10072779852247583,-0.05641531984888087,-1.0,-1.8369701987210297e-16,50.0,0.1,-0.2588515850637768,-0.31512087296301006,0.9369428237756948,0.06652400000000114,5048.400000000015,77.10000000002992,11.0,0.9449382829097935,0.6567078493978613,0.029933752924369686,0.9369428237756948,1.0,EURCAD_otc,1786215060,1m,UP,0
0.08370714285714291,0.0880878754187971,-0.13902645546760128,-0.9659258262890684,0.2588190451025203,50.0,0.1,-0.4905871340289699,-0.6289315435931506,0.23025969687456002,0.07404799999999981,3944.4999999999905,1481.9000000000315,16.0,0.3700453295737306,1.4387419420569953,0.06529281815487574,0.23025969687456002,1.0,NZDJPY_otc,1786215960,1m,UP,1
0.5821428571428555,0.401281600628763,0.0011448746417728676,-0.9659258262890684,0.2588190451025203,50.0,0.1,0.1327801922885842,0.13392658709710786,0.8924731173198978,0.4559999999999832,175.0,155.00000000000114,15.0,0.634920633912793,0.1737643424531823,-0.010752688160471122,0.8924731173198978,0.0,SUI_otc,1786217100,1m,DOWN,0
0.2592857142857302,0.2840561775112333,0.01114769272341359,-0.9659258262890684,0.2588190451025203,50.0,0.1,0.029851337710064253,0.041002358168879594,0.4444444427983071,0.15799999999999273,55.00000000000114,237.00000000000045,1.0,0.7647058812284229,0.15328779784010144,-0.5555555534979891,0.4444444427983071,0.0,AMZN_otc,1786217460,1m,DOWN,0
0.5242857142857166,0.42206452285822327,0.0602463620371547,-0.9659258262890684,0.2588190451025203,50.0,0.1,-0.08344613579366589,-0.023250047017587455,0.6046511613845014,0.27800000000000863,112.99999999999955,259.9999999999966,2.0,0.9339622632698534,0.21589034399842022,0.04651162779876712,0.6046511613845014,1.0,META_otc,1786217520,1m,UP,0
0.09195142857142967,0.07647092718475149,0.05669383697662531,-0.9659258262890684,0.2588190451025203,50.0,0.1,0.18758217329623914,0.24438235780439027,0.5392949176388973,0.05679400000000214,881.299999999996,3422.3999999999673,2.0,0.3138223785372406,0.5836571794583049,-0.0378331893752125,0.5392949176388973,0.0,EURJPY_otc,1786217820,1m,DOWN,1
0.0962614285714284,0.08549619648436793,-0.08086623403579317,-0.9659258262890684,0.2588190451025203,50.0,0.1,0.1626222089135682,0.08162446842172083,0.3585493425113177,0.07335599999999971,4979.200000000005,3078.300000000027,11.0,0.4286325268142905,0.43180962297235287,-0.4267912747499323,0.3585493425113177,0.0,AUDJPY_otc,1786218660,1m,DOWN,0
0.5549999999999999,0.5801880142405582,3.159640275410859,-0.9659258262890684,0.2588190451025203,50.0,0.1,-6.564346126437126,-3.612115575054547,0.7763157884522162,0.4079999999999998,19000.000000000004,36300.0,7.0,0.9449999995275002,20.345879957238466,0.13157894719529042,0.7763157884522162,1.0,FORD_otc,1786219020,1m,UP,1
0.0883492857142859,0.057026591475041216,-0.09638533011073674,-0.9659258262890684,0.2588190451025203,50.0,0.1,0.21304644347795934,0.11645576784938719,0.7308027334735553,0.048651999999999876,2758.8999999999683,2796.5000000000373,7.0,0.37443918011936833,0.43909475558556765,-0.202613564389442,0.7308027334735553,0.0,GBPCAD_otc,1786219020,1m,DOWN,0
0.461428571428572,0.2557997585643241,0.220769889227263,-0.8660254037844386,0.5000000000000001,50.0,0.1,1.1904503826797843,1.413848427898195,0.05797101440873632,0.1260000000000005,7500.0,35199.99999999999,12.0,0.49645390035712683,7.85953177213715,-0.40579710086116455,0.05797101440873632,0.0,ETHEREUM_otc,1786219320,1m,DOWN,1
0.4442857142857081,0.3251373343306941,0.04315020228965265,-0.8660254037844386,0.5000000000000001,50.0,0.1,0.09141429834325854,0.13460394608756795,0.6785714273596142,0.2999999999999773,20.000000000004547,260.0000000000023,6.0,0.7235772351841542,0.2386310724813037,-0.07142857130115092,0.6785714273596142,0.0,BITCOIN_otc,1786220760,1m,DOWN,0
0.10543428571428594,0.14215377551951508,0.045792914877290564,-0.8660254037844386,0.5000000000000001,50.0,0.1,-0.19605935269783073,-0.15035621911303004,0.7258847482876227,0.10599799999999959,3222.7000000000317,1857.4999999999875,3.0,0.6910082438103711,0.4156563524078927,0.03806374419147181,0.7258847482876227,1.0,EURCAD_otc,1786220880,1m,UP,0
0.4349999999999982,0.27134585204402306,0.0450069705623605,-0.8660254037844386,0.5000000000000001,50.0,0.1,0.05160515742158431,0.0966353539019542,0.7708333317274108,0.23400000000001456,32.99999999999841,221.99999999999704,0.0,0.5797101440874279,0.13759272553214918,-0.06249999986985087,0.7708333317274108,0.0,IBM_otc,1786221900,1m,DOWN,1
0.42714285714285033,0.2561163896714318,0.04788473663793203,-0.8660254037844386,0.5000000000000001,50.0,0.1,0.025056947455237018,0.07295368254646749,0.35294117577856643,0.14799999999999044,31.999999999999318,361.00000000000136,2.0,0.416666666087963,0.14889569029666191,-0.6078431360630681,0.35294117577856643,0.0,MASTERCARD_otc,1786222320,1m,DOWN,1
0.4642857142857143,0.35677431533973303,-1.1448554790801753,-0.8660254037844386,0.5000000000000001,50.0,0.1,-2.331534955663519,-3.4496977290571116,0.26923076871301227,0.19399999999999906,19399.999999999975,4100.000000000001,19.0,0.9352517978883081,8.496332517818077,0.11538461516272637,0.26923076871301227,1.0,ETHEREUM_otc,1786222440,1m,UP,1
0.07568142857142897,0.06384933874592098,0.0700088502684997,-0.8660254037844386,0.5000000000000001,50.0,0.1,-0.17324029786219344,-0.1033527311344288,0.4315315259777926,0.05164000000000044,2623.300000000057,4838.099999999983,13.0,0.287958113321973,0.3098104851292637,0.3554697508948402,0.4315315259777926,1.0,EURGBP_otc,1786222680,1m,UP,1
0.09370142857142875,0.06801052411383765,-0.2769118900099862,-0.7071067811865477,0.7071067811865474,50.0,0.1,-0.813300300921594,-1.0879600656968413,0.4180899869780634,0.06830400000000054,6253.900000000012,407.1999999999853,5.0,0.7214003408582419,1.778845633746087,0.28108356032062204,0.4180899869780634,1.0,CHFJPY_otc,1786222800,1m,UP,0
0.09081214285714369,0.14073600905445832,0.17330738567412118,-0.7071067811865477,0.7071067811865474,50.0,0.1,-0.07227667785808597,0.10090544699518725,0.6929272292822926,0.06141399999999777,2100.599999999986,4056.8999999999987,0.0,0.41619170804752903,0.6018485794553993,0.19940751528045644,0.6929272292822926,1.0,EURJPY_otc,1786222800,1m,UP,1
0.4728571428571432,0.28383170992448037,-0.07271801581376651,-0.7071067811865477,0.7071067811865474,50.0,0.1,-0.7718581026089033,-0.8440148385255548,0.6226415082591624,0.23800000000000238,14699.999999999987,22400.00000000002,17.0,0.8675496682996385,2.4580823701374204,0.07547169797080636,0.6226415082591624,1.0,NVIDIA_otc,1786222920,1m,UP,1
0.11084928571428522,0.1689653506348715,-0.4600761361673371,-0.7071067811865477,0.7071067811865474,50.0,0.1,0.4492548496486915,-0.012888200872453693,0.7286829959950524,0.1095559999999999,5183.9000000000015,3515.7999999999843,0.0,0.4288593618456522,1.9661089062816661,-0.13635390961617339,0.7286829959950524,0.0,NZDJPY_otc,1786224000,1m,DOWN,1
0.4721428571428571,0.3063978954505256,-0.04768897023683971,-0.7071067811865477,0.7071067811865474,50.0,0.1,0.7110604091331708,0.6630323415094537,0.8124999987304619,0.19200000000000159,7800.000000000011,19599.999999999938,6.0,0.8214285706951512,1.5281757401892793,-0.07812499987794738,0.8124999987304619,0.0,INTEL_otc,1786224360,1m,DOWN,0
0.45214285714286007,0.2756211765646518,0.0704079494794629,-0.7071067811865477,0.7071067811865474,50.0,0.1,-0.016170822830775564,0.054225741103918236,0.39024390148716265,0.15000000000001137,83.9999999999975,378.00000000000296,3.0,0.2336448595947259,0.2126391096975093,0.5609756083879522,0.39024390148716265,1.0,IBM_otc,1786226280,1m,UP,1
0.10110999999999899,0.08782225122200013,-0.08139473161352076,-0.5000000000000004,0.8660254037844384,50.0,0.1,0.2696478564129164,0.18803364565036673,0.57921735890023,0.06401599999999945,7006.300000000038,2831.1000000000063,6.0,0.5745621416172313,0.7699142865108604,-0.08694508328220525,0.57921735890023,0.0,AUDUSD_otc,1786226460,1m,DOWN,0
0.557857142857143,0.4430048495242138,-0.33427888536108447,-0.5000000000000004,0.8660254037844384,50.0,0.1,-2.3964089761746905,-2.722677172321525,0.23076922988165888,0.25200000000000033,23300.00000000002,10699.999999999985,1.0,0.4551724134791924,9.241555130067466,0.03846153831360868,0.23076922988165888,1.0,ETHEREUM_otc,1786226760,1m,UP,1
0.4350000000000063,0.36718187256341545,0.05558519303135056,-0.5000000000000004,0.8660254037844384,50.0,0.1,-0.06056699185607021,-0.005015465104056124,0.2749999993123685,0.21399999999996452,82.99999999999841,284.0000000000032,1.0,0.749999999107109,0.17586098607731043,0.02499999993761724,0.2749999993123685,1.0,PAYPAL_otc,1786226760,1m,UP,0
0.4150000000000083,0.23829522755329152,-0.001462989569377384,-0.5000000000000004,0.8660254037844384,50.0,0.1,-0.019214101203601123,-0.020676809672682046,0.16901408426891193,0.13999999999998636,130.99999999999454,132.000000000005,4.0,0.44827586155368787,0.1974580118016409,0.5211267598293786,0.16901408426891193,1.0,COKE_otc,1786227240,1m,UP,0
0.09510499999999997,0.08829945841055137,-0.2780263477302213,-0.5000000000000004,0.8660254037844384,50.0,0.1,0.7324932454854833,0.45243037353746823,0.8580708447913727,0.06751600000000017,8424.700000000004,2378.800000000005,0.0,0.6282394538192619,1.9632341826572592,-0.13437570712005562,0.8580708447913727,0.0,CHFJPY_otc,1786227600,1m,DOWN,1
0.4735714285714242,0.5104296832509078,0.01063544142258551,-0.5000000000000004,0.8660254037844384,50.0,0.1,0.09537786052052727,0.10602344579959855,0.3333333320988356,0.22600000000002182,475.9999999999991,191.0000000000025,14.0,0.9247311822985395,0.4217304552865491,-0.4444444427983071,0.3333333320988356,0.0,APPLE_otc,1786227840,1m,DOWN,0
0.0792342857142866,0.06682035040265469,0.06218666420423581,-0.5000000000000004,0.8660254037844384,50.0,0.1,-0.20587116567194558,-0.14381252587819954,0.4529186446584873,0.06185999999999936,3629.3000000000216,2379.899999999999,3.0,0.8024435833866082,0.7891816750806153,0.42465662688419153,0.4529186446584873,1.0,EURCHF_otc,1786228380,1m,UP,1
0.45357142857144644,0.3474016588108133,0.01148939395828523,-0.5000000000000004,0.8660254037844384,50.0,0.1,-0.045839241963655804,-0.03435511465646727,0.14705882309707266,0.27400000000002367,116.00000000000819,277.99999999999727,0.0,0.16161616145299418,0.1923039567992242,0.3235294108131586,0.14705882309707266,1.0,BITCOIN_otc,1786228800,1m,UP,1
0.44142857142857245,0.5105292448964102,-0.44138958827553093,-0.5000000000000004,0.8660254037844384,50.0,0.1,-0.9254735826353188,-1.3627782268748567,0.7209302308815633,0.2440000000000026,26100.000000000065,26699.999999999945,14.0,0.9576271178325217,2.423495584259119,0.09302325559761841,0.7209302308815633,1.0,SHIBA_otc,1786229940,1m,UP,0
0.46928571428570975,0.46488152819739165,-0.1417665739342446,-0.25881904510252157,0.9659258262890681,50.0,0.1,-0.1017339474011052,-0.2433562966035912,0.7746478862329287,0.2660000000000082,587.9999999999995,17.00000000000159,1.0,0.8333333321759128,0.15809235228210472,0.11267605617931033,0.7746478862329287,1.0,MICROSOFT_otc,1786230060,1m,UP,0
0.4628571428571523,0.46910717187085277,-0.04462546308154381,-0.25881904510252157,0.9659258262890681,50.0,0.1,-0.1293449203228009,-0.1739126626346782,0.839999998879994,0.3799999999999727,324.0000000000009,15.000000000009095,3.0,0.8366013066427535,0.28383266858310885,0.03999999994678187,0.839999998879994,1.0,VISA_otc,1786230180,1m,UP,0
0.6242857142857312,0.948745846773019,0.022657254302329677,-0.25881904510252157,0.9659258262890681,50.0,0.1,0.13488376738538557,0.15757158264590432,0.5833333321182135,0.2660000000000082,50.99999999999909,334.0000000000032,3.0,0.38554216851987577,0.4819883471081065,-0.04166666657982163,0.5833333321182135,0.0,BITCOIN_otc,1786230480,1m,DOWN,1
0.08030571428571369,0.07159643105530981,-0.04466146994219977,-0.25881904510252157,0.9659258262890681,50.0,0.1,-0.3401040370051564,-0.3846136114850969,0.5272340369443278,0.05627999999999957,3627.600000000015,2328.3999999999946,13.0,0.8887495734030716,0.924071450641122,0.06414893548776923,0.5272340369443278,1.0,EURCHF_otc,1786231080,1m,UP,0
0.3999999999999976,0.350290303821264,-0.05938583759406081,-0.25881904510252157,0.9659258262890681,50.0,0.1,-0.09374734973978119,-0.1530775146849768,0.6463414626264543,0.18799999999998818,340.0000000000034,40.99999999999682,5.0,0.9999999988372094,0.1866886640902379,0.21951219485419426,0.6463414626264543,1.0,LINK_otc,1786231800,1m,UP,1
0.5007142857142891,0.693394263396455,-0.024158105368409892,-0.25881904510252157,0.9659258262890681,50.0,0.1,-0.21460337077453917,-0.2387096320345132,0.7666666641111426,0.5100000000000022,234.9999999999966,609.0000000000032,18.0,0.9746835436869319,0.35232467387589717,0.13333333288895205,0.7666666641111426,1.0,COKE_otc,1786232580,1m,UP,0
0.4278571428571435,0.3882002714798088,0.0011200408732340902,-0.25881904510252157,0.9659258262890681,50.0,0.1,0.08605024600601713,0.087171250677178,0.30769230690337546,0.22200000000002545,236.00000000000136,144.00000000000546,17.0,0.9999999990196078,0.18947837717309418,-0.17948717902709047,0.30769230690337546,0.0,VISA_otc,1786233120,1m,DOWN,0
0.4764285714285726,0.5436653180801122,-0.0030623295223871955,0.0,1.0,50.0,0.1,0.1012548042903382,0.09818937401218639,0.7941176458910256,0.3979999999999905,71.99999999999704,166.0000000000025,2.0,0.5034482755148797,0.305064063452681,-0.2058823526383862,0.7941176458910256,0.0,PAYPAL_otc,1786233720,1m,DOWN,0
0.09070857142857136,0.058704054860259466,0.03300097717969421,0.0,1.0,50.0,0.1,0.17657575756536445,0.2096350064705177,0.30564971175800937,0.05323400000000191,1146.9000000000306,3966.700000000003,9.0,0.6215026811395273,0.6950276058824165,-0.1278719373282539,0.30564971175800937,0.0,CADJPY_otc,1786233840,1m,DOWN,0
0.09524928571428605,0.08109173132217905,-0.02759298236541103,0.0,1.0,50.0,0.1,0.387140108178075,0.3594403023108849,0.8281118411286578,0.08697999999999836,4637.299999999982,4152.600000000035,14.0,0.9999069571085191,1.1572671461204016,-0.14074628129857075,0.8281118411286578,0.0,GBPNZD_otc,1786233840,1m,DOWN,0
0.08636071428571412,0.10677345994246436,-0.026894117193513506,0.0,1.0,50.0,0.1,-0.13241116420380028,-0.15926967058363553,0.41205186251631576,0.02915400000000119,4432.399999999959,2171.200000000013,11.0,0.9996525209366247,0.47874310097772543,0.1604881745158075,0.41205186251631576,1.0,AUDJPY_otc,1786234560,1m,UP,0
0.06365785714285734,0.059953602876829375,0.6805011794379892,0.0,1.0,50.0,0.1,-0.3643916608276275,0.31362982906065595,0.7404224715284248,0.06171400000000027,1579.60000000001,7380.399999999998,0.0,0.32094810831665294,1.6104737535630589,0.24615108760917684,0.7404224715284248,1.0,CHFJPY_otc,1786234800,1m,UP,0
0.3735714285714461,0.3547201341574971,-0.01859760492170861,0.0,1.0,50.0,0.1,-0.07271247086668406,-0.09129655301033207,0.6285714267753849,0.22999999999999546,194.99999999999886,56.99999999999932,10.0,0.9999999987804878,0.1644901807382697,0.14285714244900277,0.6285714267753849,1.0,DISNEY_otc,1786235100,1m,UP,0
0.451428571428575,0.45908712585280254,-4.0464410882445984e-06,0.0,1.0,50.0,0.1,-0.08328535251926535,-0.08328939559026087,0.039999999839963614,0.19200000000000728,284.9999999999966,81.99999999999932,3.0,0.5639097740120805,0.2969412815354034,0.3599999985601273,0.039999999839963614,1.0,COKE_otc,1786235280,1m,UP,0
0.49428571428571544,0.4598399150755816,-0.02289620077128227,0.0,1.0,50.0,0.1,0.0951021545283192,0.07218417897679831,0.6271186435363442,0.2639999999999986,78.00000000000296,237.99999999999955,6.0,0.23584905638127396,0.22912478654598945,-0.2627118641841429,0.6271186435363442,0.0,LINK_otc,1786235460,1m,DOWN,1
0.100971428571429,0.1281598559325716,0.0534675567472276,0.0,1.0,50.0,0.1,0.6066141950395936,0.6604060935757906,0.8198719016200361,0.07660400000000038,489.29999999998586,4733.299999999971,8.0,0.8783116581659435,0.8984062518949086,-0.18012808948474968,0.8198719016200361,0.0,EURCHF_otc,1786235580,1m,DOWN,1
0.4507142857142859,0.745815064177917,0.11562609567808706,0.0,1.0,50.0,0.1,-0.04215553698419843,0.07342181589236166,0.8974358962853629,0.34600000000000364,87.00000000000045,384.9999999999966,1.0,0.9883720918739968,0.18005192194921138,0.08974358962852172,0.8974358962853629,1.0,PAYPAL_otc,1786235760,1m,UP,1
0.09917500000000043,0.09642035384780871,-0.06716463664365428,0.0,1.0,50.0,0.1,0.1875764032790854,0.12028578162573947,0.5292125844561674,0.05385600000000039,3337.700000000012,3623.8999999999774,6.0,0.9864295209909067,0.35080759319103527,-0.2171690332149337,0.5292125844561674,0.0,EURCAD_otc,1786236060,1m,DOWN,0
0.08113571428571476,0.10191517687290952,0.16540765903377094,0.0,1.0,50.0,0.1,-0.13556547621994303,0.029617947133154524,0.4670558156362623,0.05001800000000145,1802.0000000000634,5397.099999999994,1.0,0.8917245883011496,0.5292129068841734,0.12323969264325021,0.4670558156362623,1.0,GBPNZD_otc,1786236060,1m,UP,0
0.07375714285714251,0.1008934700099664,0.10905246838819602,0.0,1.0,50.0,0.1,-0.25297709966560133,-0.14420050904904755,0.6644669938329487,0.05490599999999972,3017.099999999999,3875.9000000000296,6.0,0.9082462597388018,0.8820500197683023,0.15803722236826276,0.6644669938329487,1.0,GBPCAD_otc,1786236360,1m,UP,1
0.5049999999999996,0.3115716980550002,0.03608230328130529,0.0,1.0,50.0,0.1,0.055335814430747234,0.09143808414843861,0.486486485829008,0.24199999999998453,37.999999999999545,165.99999999999682,0.0,0.698795179880964,0.16604317122418302,-0.29729729689557743,0.486486485829008,0.0,DISNEY_otc,1786236600,1m,DOWN,0
0.4314285714285729,0.3068816933434992,0.03327106598420261,0.25881904510252074,0.9659258262890683,50.0,0.1,-0.09358004015120222,-0.06034010924390636,0.5853658529447029,0.14800000000000182,119.99999999999886,186.00000000000136,10.0,0.9999999992805755,0.30652523871412024,0.26829268259960926,0.5853658529447029,1.0,MICROSOFT_otc,1786237200,1m,UP,0
0.07122857142857139,0.03767593967188114,-0.061530764002669665,0.25881904510252074,0.9659258262890683,50.0,0.1,0.05343252995225742,-0.00813111149431783,0.5921868479517706,0.04277600000000063,4792.300000000011,2273.0999999999567,1.0,0.4136413611027658,0.27457684254403436,-0.12277800617225569,0.5921868479517706,0.0,EURGBP_otc,1786237260,1m,DOWN,1
0.5028571428571483,0.4882875436442958,-0.02962223469491821,0.25881904510252074,0.9659258262890683,50.0,0.1,0.0957105256021943,0.06605993931075446,0.19642857107782968,0.32000000000000456,121.99999999999704,153.00000000000296,7.0,0.6164383553199165,0.14484126984098605,-0.49999999910709214,0.19642857107782968,0.0,IBM_otc,1786238220,1m,DOWN,1
0.09285071428571305,0.08142827352217388,-0.10111205933413915,0.25881904510252074,0.9659258262890683,50.0,0.1,0.2846343272956255,0.18323446833158585,0.7782893649267649,0.07905999999999977,6713.299999999975,3314.799999999991,14.0,0.5679125658233485,0.41656453626457407,-0.1900265319960416,0.7782893649267649,0.0,EURCAD_otc,1786238640,1m,DOWN,1
0.4385714285714276,0.27171817980254687,0.012866725393646207,0.25881904510252074,0.9659258262890683,50.0,0.1,-0.023238896718304446,-0.010375161409683495,0.26190476128123713,0.1939999999999941,154.00000000000205,120.99999999999795,0.0,0.2643678157881025,0.172865999045914,0.2857142850340523,0.26190476128123713,1.0,IBM_otc,1786239000,1m,UP,0
0.4514285714285628,0.30081208874169585,0.02601105593043468,0.25881904510252074,0.9659258262890683,50.0,0.1,0.07461764547130154,0.10064811023923373,0.1538461534516653,0.21799999999998362,24.00000000000091,281.0000000000002,4.0,0.5052631573629061,0.19608247848212096,-0.23076923017757084,0.1538461534516653,0.0,MASTERCARD_otc,1786239840,1m,DOWN,1
0.10688999999999993,0.09631241142542815,0.1242124150136603,0.49999999999999994,0.8660254037844387,50.0,0.1,0.2426279789087851,0.36714176799454684,0.45178711261007726,0.07326400000000036,2091.300000000018,4799.199999999999,4.0,0.9141281604254413,0.48000090453458627,-0.2066967772319969,0.45178711261007726,0.0,EURJPY_otc,1786241040,1m,DOWN,1
0.4378571428571424,0.4515181960006391,0.32783394273284133,0.49999999999999994,0.8660254037844387,50.0,0.1,-1.79745498906582,-1.4755137138924814,0.5666666647777795,0.166,21500.000000000004,7899.999999999991,0.0,0.1754385963373341,10.151380230618743,0.09999999966666488,0.5666666647777795,1.0,ETHEREUM_otc,1786241100,1m,UP,0
0.4535714285714424,0.5170393313171111,-0.0205020950561659,0.49999999999999994,0.8660254037844387,50.0,0.1,0.17235358413037516,0.15181615297855813,0.8850574702471002,0.3680000000000064,169.99999999999886,206.99999999999932,11.0,0.9999999990099009,0.25009285625790434,-0.057471264301769937,0.8850574702471002,0.0,AVAX_otc,1786242060,1m,DOWN,0
0.4171428571428533,0.3891805987826637,0.09245959555823557,0.49999999999999994,0.8660254037844387,50.0,0.1,-0.6795188309996754,-0.5876875158043242,0.666666665497101,0.25199999999999817,16200.000000000045,24499.999999999884,13.0,0.9912280693059482,1.5343203229941553,0.14035087694675155,0.666666665497101,1.0,INTEL_otc,1786242480,1m,UP,1
0.47357142857142015,0.654494604304297,-0.05250043965159351,0.49999999999999994,0.8660254037844387,50.0,0.1,-0.153889970806326,-0.20630961754666646,0.5333333324444635,0.33599999999999,224.0000000000009,128.00000000000296,18.0,0.9854014591347567,0.29842293282151705,0.06666666655559346,0.5333333324444635,1.0,LINK_otc,1786243080,1m,UP,0
0.2814285714285672,0.1956842037078783,-0.015114346397029318,0.49999999999999994,0.8660254037844387,50.0,0.1,0.05748877699153257,0.042365741541609325,0.46341463301609226,0.15800000000000408,175.0,92.00000000000159,15.0,0.787037036308279,0.243985089799513,-0.5365853645448833,0.46341463301609226,0.0,AMZN_otc,1786244100,1m,DOWN,1
0.4757142857142834,0.4097553544444456,0.0072125561957434355,0.7071067811865476,0.7071067811865476,50.0,0.1,0.09756781179948476,0.1047874051284832,0.6896551712247426,0.2540000000000077,106.00000000000023,268.0000000000007,8.0,0.705128204676177,0.31226230033165453,-0.15517241352551073,0.6896551712247426,0.0,DISNEY_otc,1786246380,1m,DOWN,0
0.4821428571428574,0.3931277789095718,4.4346701147010625,0.7071067811865476,0.7071067811865476,50.0,0.1,-1.2225949796967939,3.15785708081582,0.3658536576442601,0.2639999999999997,10999.999999999996,38599.99999999999,1.0,0.6178861783594426,13.961407489902209,0.31707316995835555,0.3658536576442601,1.0,SPACEX_otc,1786246860,1m,UP,1
0.46142857142857124,0.36159065557461917,2.4066339700358896,0.8660254037844386,0.5000000000000001,50.0,0.1,-3.3988553321301676,-1.0740193691096986,0.8615384602130204,0.3280000000000001,11100.000000000011,45399.99999999999,5.0,0.9306930683854521,10.542797493680292,0.06153846144378581,0.8615384602130204,1.0,SPACEX_otc,1786248000,1m,UP,0
0.45785714285714285,0.3135370703864368,-0.3792408643923026,0.8660254037844386,0.5000000000000001,50.0,0.1,1.6160064327730588,1.2306370116164722,0.24999999874999335,0.2699999999999996,10500.000000000007,35000.0,1.0,0.25555555527160384,9.278350514507371,-0.09999999949999734,0.24999999874999335,0.0,SPACEX_otc,1786248660,1m,DOWN,1
0.09884642857142875,0.07939396105299272,0.03428712231609535,0.8660254037844386,0.5000000000000001,50.0,0.1,0.6371763594277885,0.67168195118161,0.644625469323959,0.08489400000000025,1928.4999999999995,3472.400000000011,2.0,0.3308240716500398,2.6236124068931006,-0.2942578967047165,0.644625469323959,0.0,CHFJPY_otc,1786249320,1m,DOWN,0
0.08650571428571448,0.052701132949947486,-0.0025881087560489916,0.8660254037844386,0.5000000000000001,50.0,0.1,-0.1544626725205383,-0.15704678361463498,0.3111548515596636,0.0391120000000015,4914.399999999971,2436.7000000000157,8.0,0.6029874184208475,0.5291323056818371,0.2988188937163042,0.3111548515596636,1.0,AUDUSD_otc,1786249380,1m,UP,0
0.09838499999999938,0.07991115104882937,-0.1978193249941802,0.8660254037844386,0.5000000000000001,50.0,0.1,0.38389736974404437,0.1853186215643661,0.2717418894763201,0.08689400000000091,3079.900000000002,2504.2999999999793,6.0,0.9466964243450932,1.1696504937507437,-0.23854686901052422,0.2717418894763201,0.0,NZDJPY_otc,1786249560,1m,DOWN,1
0.04802357142857007,0.07798299820104412,0.044724670591721055,0.8660254037844386,0.5000000000000001,50.0,0.1,0.18678602945428235,0.2315942394823882,0.08605340881524236,0.04927200000000056,2439.499999999981,3149.2000000000075,18.0,0.6812946854358831,0.400905752455931,-0.12081389907509098,0.08605340881524236,0.0,EURNZD_otc,1786250280,1m,DOWN,0
0.4735714285714313,0.3894177112740194,0.25935910814647384,0.8660254037844386,0.5000000000000001,50.0,0.1,0.8112589419666413,1.0727221240697584,0.8526315780498613,0.23000000000000115,2300.0000000000396,37099.999999999935,5.0,0.6802721083807678,1.874521805637916,-0.03157894733518116,0.8526315780498613,0.0,INTEL_otc,1786250700,1m,DOWN,0
0.09782285714285724,0.0684179203280027,-0.02268634033870705,0.8660254037844386,0.5000000000000001,50.0,0.1,-0.19600985558121323,-0.21865172845698572,0.9024190443340137,0.05199200000000133,7570.699999999988,566.0000000000309,1.0,0.5265869518489942,0.5166270336378399,0.060035277434563834,0.9024190443340137,1.0,CADJPY_otc,1786250760,1m,UP,0
0.09642357142857096,0.07363179097627169,0.25719704414225897,0.8660254037844386,0.5000000000000001,50.0,0.1,0.1719664109791888,0.4296057476474038,0.05526226110981838,0.0631219999999999,982.3000000000093,7555.199999999971,0.0,0.3000871341878107,0.8306595955005017,-0.7658378681382765,0.05526226110981838,0.0,EURJPY_otc,1786251000,1m,DOWN,1
0.11101571428571434,0.08740690660368816,-0.16425110968004694,0.8660254037844386,0.5000000000000001,50.0,0.1,-1.1490504928005703,-1.3114142742954082,0.5836248143072299,0.054309999999999546,3612.199999999994,3155.70000000001,4.0,0.6592788716654115,2.9134657959545103,0.02124627514903243,0.5836248143072299,1.0,CHFJPY_otc,1786251240,1m,UP,0
0.0838778571428581,0.09096973957263427,-0.05825114585382757,0.9659258262890683,0.25881904510252074,50.0,0.1,0.3122541707573017,0.2538211332710317,0.9086514822511016,0.05396199999999709,2802.3000000000306,2514.4999999999836,6.0,0.6223074780909353,0.47515718339023233,-0.06612959673467907,0.9086514822511016,0.0,AUDUSD_otc,1786253160,1m,DOWN,1
0.36214285714285716,0.2536416092382994,0.4824296172106268,0.9659258262890683,0.25881904510252074,50.0,0.1,-0.3104889957588655,0.17044273057804069,0.4358974347797539,0.1740000000000009,7200.000000000059,15299.99999999994,2.0,0.728813558086752,1.1639376602650702,0.10256410230111535,0.4358974347797539,1.0,NVIDIA_otc,1786254420,1m,UP,1
0.5135714285714285,0.501650024784098,0.06544369178982233,0.9659258262890683,0.25881904510252074,50.0,0.1,-0.0777159594194816,-0.012323127822613264,0.7499999988280807,0.26000000000001366,121.99999999999704,195.00000000000455,3.0,0.3939393936409432,0.29484688065336384,0.15624999975589823,0.7499999988280807,1.0,COKE_otc,1786254480,1m,UP,1
0.09676142857142775,0.07169597834196947,-0.045012620131608776,0.9659258262890683,0.25881904510252074,50.0,0.1,0.15088265780593804,0.1058021214367266,0.00165846962336279,0.030236000000003573,3570.299999999946,3577.5999999999894,9.0,0.7744272276917802,0.5708244558342516,-0.2805673093871166,0.00165846962336279,0.0,CADJPY_otc,1786254540,1m,DOWN,1
0.5221428571428532,0.42619515211382414,0.002172427106896457,0.9659258262890683,0.25881904510252074,50.0,0.1,0.050192303742889424,0.052365821240997965,0.8732394353897653,0.25200000000000955,68.99999999999977,239.99999999999773,1.0,0.4942528729951169,0.20003678837441463,-0.12676056320178403,0.8732394353897653,0.0,APPLE_otc,1786254960,1m,DOWN,0
0.43000000000000277,0.2569174838517611,0.026497796860238614,1.0,6.123233995736766e-17,50.0,0.1,-0.020654485792645155,0.005837838083905595,0.26829268227251096,0.12799999999999728,75.99999999999909,212.00000000000045,1.0,0.17045454526082215,0.1926402661933997,0.2926829261154413,0.26829268227251096,1.0,MICROSOFT_otc,1786255860,1m,UP,1
0.4842857142857123,0.4168194595370151,0.012326770915733663,1.0,6.123233995736766e-17,50.0,0.1,-0.08520711682090215,-0.0728908491912629,0.21739130387526853,0.33000000000001817,150.9999999999991,178.99999999999636,10.0,0.7743902434302452,0.2997952617718976,0.2826086950377749,0.21739130387526853,1.0,VISA_otc,1786256100,1m,UP,1
0.44214285714284884,0.28905301985822357,0.04478999699519399,1.0,6.123233995736766e-17,50.0,0.1,0.06791692621628374,0.11273734320068923,0.34210526225760984,0.14200000000001864,14.999999999997726,313.99999999999864,1.0,0.5633802808966317,0.21172541301302034,-0.10526315761763405,0.34210526225760984,0.0,NIKE_otc,1786256460,1m,DOWN,0
0.4414285714285714,0.2837978308459526,0.8137271453707353,1.0,6.123233995736766e-17,50.0,0.1,0.5335142227619986,1.351582718187762,0.035714285586728345,0.28599999999999853,2400.0000000000196,43900.0,3.0,0.6774193537461034,1.1504917424169467,-0.21428571352042083,0.035714285586728345,0.0,NVIDIA_otc,1786256880,1m,DOWN,1
0.4485714285714347,0.4131093566705043,0.023887426534214776,1.0,6.123233995736766e-17,50.0,0.1,-0.06016931537411631,-0.03629626174090767,0.15151515128562487,0.18600000000001274,135.00000000000227,293.9999999999998,7.0,0.43262411316835364,0.2883081830444408,0.0909090907713577,0.15151515128562487,1.0,META_otc,1786257120,1m,UP,1
0.10087428571428601,0.06938811872269111,-0.012853263678036752,1.0,6.123233995736766e-17,50.0,0.1,0.19263695442961634,0.1797589306158854,0.7190736851207803,0.08052200000000057,951.2000000000143,4392.199999999988,8.0,0.16976822492318175,0.4689460014049143,-0.21293281878567677,0.7190736851207803,0.0,EURCAD_otc,1786257180,1m,DOWN,1
0.09001428571428503,0.06417861691126453,0.060292730393997934,1.0,6.123233995736766e-17,50.0,0.1,0.2803320773482705,0.3407938276058719,0.7260601614638476,0.05873799999999818,365.0999999999982,4831.900000000004,10.0,0.9500573260921195,0.41769007118883184,-0.1460674146715049,0.7260601614638476,0.0,GBPNZD_otc,1786257300,1m,DOWN,1
0.5042857142857103,0.2500604322425328,0.02301500273365194,1.0,6.123233995736766e-17,50.0,0.1,0.08721769813096866,0.11025277402022966,0.7656249988037415,0.16599999999998544,20.999999999997954,175.0,11.0,0.8314606732231009,0.20432526745900711,-0.21874999965818648,0.7656249988037415,0.0,APPLE_otc,1786257360,1m,DOWN,0
0.0748271428571426,0.0904769545746276,0.05699209098918632,1.0,6.123233995736766e-17,50.0,0.1,0.16116172037548987,0.21824566079899232,0.03684466747526873,0.05625999999999891,1614.9000000000058,4117.299999999986,11.0,0.7843514416443527,0.6630686238888701,-0.8070118356272222,0.03684466747526873,0.0,AUDUSD_otc,1786258560,1m,DOWN,0
0.5599999999999998,0.35769408011025217,-1.6217584816484851,0.9659258262890683,-0.25881904510252063,50.0,0.1,-5.388998412000516,-6.923360354826482,0.6027397252017254,0.37399999999999983,23099.999999999985,6400.0000000000055,6.0,0.7941176464749128,17.503217500964855,0.3835616433101909,0.6027397252017254,1.0,SPACEX_otc,1786258860,1m,UP,1
0.4085714285714265,0.29778301702722443,0.05786455993100352,0.9659258262890683,-0.25881904510252063,50.0,0.1,-0.0644903168112741,-0.006663073918291531,0.26190476128123713,0.2619999999999891,112.99999999999955,414.9999999999977,7.0,0.8815789462084803,0.1522832468388138,0.14285714251702614,0.26190476128123713,1.0,DISNEY_otc,1786259220,1m,UP,1
0.374285714285714,0.28862405678314207,-1.0283959973487993,0.9659258262890683,-0.25881904510252063,50.0,0.1,-3.5596096717143637,-4.551398785678011,0.46666666511111027,0.1960000000000001,34800.0,3899.999999999997,2.0,0.6893203876802709,13.324708924537546,0.06666666644444305,0.46666666511111027,1.0,FORD_otc,1786259220,1m,UP,0
0.10766999999999882,0.09000081407128845,-0.1249989721028272,0.9659258262890683,-0.25881904510252063,50.0,0.1,0.14090802886942322,0.015732923178898874,0.538081608056099,0.106186000000001,8732.400000000027,2704.2999999999747,6.0,0.9379480013624696,0.4773002789064126,-0.2594229202127324,0.538081608056099,0.0,AUDJPY_otc,1786260060,1m,DOWN,1
0.4985714285714299,0.7111281860624236,-0.04303066322947614,0.9659258262890683,-0.25881904510252063,50.0,0.1,-0.07650338603780336,-0.11950112935287442,0.19444444390419816,0.1639999999999418,192.999999999995,135.00000000000227,16.0,0.9999999993421053,0.2780064014626798,0.5277777763120266,0.19444444390419816,1.0,VISA_otc,1786260360,1m,UP,0
0.12399285714285797,0.09273719406266322,0.013421698996269278,0.9659258262890683,-0.25881904510252063,50.0,0.1,0.35309677730932193,0.36656586789220724,0.7030355057099843,0.08214800000000082,3004.7000000000066,3404.200000000017,3.0,0.17383695442952407,1.084147352935453,-0.013917525693486987,0.7030355057099843,0.0,EURCHF_otc,1786260480,1m,DOWN,1
0.5400000000000001,0.34240583851512396,-0.11135907378712899,0.9659258262890683,-0.25881904510252063,50.0,0.1,-0.5734912523499353,-0.6842116915901971,0.8032786872077322,0.2579999999999984,14899.999999999947,8200.000000000073,0.0,0.4385964908433362,1.5240641711026202,0.016393442596084728,0.8032786872077322,1.0,INTEL_otc,1786260600,1m,UP,1
0.47214285714285,0.39122026657992054,0.037754912753105614,0.9659258262890683,-0.25881904510252063,50.0,0.1,-0.057848678836366754,-0.02011560680148464,0.6379310333829029,0.19600000000002638,111.00000000000136,250.0,4.0,0.4274193544939915,0.26351581094809884,0.22413793064803636,0.6379310333829029,1.0,STARBUCKS_otc,1786262040,1m,UP,0
0.5049999999999999,0.2658275488252173,0.20580020531380466,0.9659258262890683,-0.25881904510252063,50.0,0.1,4.26985439840781,4.4844419728401395,0.7073170714455658,0.16799999999999998,7900.000000000009,23300.0,13.0,0.10752688160480946,10.414333705440722,-0.2195121945865552,0.7073170714455658,0.0,FORD_otc,1786262280,1m,DOWN,0
0.40500000000000114,0.2879331422707785,0.030877684300687068,0.8660254037844387,-0.4999999999999998,50.0,0.1,-0.051275387709724986,-0.02041353606137889,0.44999999887497866,0.23199999999999363,93.99999999999977,400.0,6.0,0.30909090852894816,0.11735836978530627,0.0749999998125675,0.44999999887497866,1.0,SPOTIFY_otc,1786262760,1m,UP,1
0.2785714285714188,0.2245826407984518,-0.03442156946584107,0.8660254037844387,-0.4999999999999998,50.0,0.1,0.02623301571725852,-0.008197583564310652,0.18518518449932972,0.07999999999999545,162.00000000000045,54.000000000002046,3.0,0.63934426124694,0.13670999551740173,-0.2592592582989774,0.18518518449932972,0.0,AMZN_otc,1786262880,1m,DOWN,1
0.10023999999999944,0.10259483245489087,-0.024739834955377304,0.8660254037844387,-0.4999999999999998,50.0,0.1,-0.4166871008733781,-0.44132384812771897,0.9101749177382238,0.07639799999999894,2822.2999999999843,1499.200000000016,3.0,0.0511765408846042,1.3109580294772527,0.08856437417364614,0.9101749177382238,1.0,NZDJPY_otc,1786263480,1m,UP,0
0.4435714285714286,0.34519066239806157,-1.4282050806524977,0.8660254037844387,-0.4999999999999998,50.0,0.1,-4.883495817242381,-6.241954562519571,0.24242424168962365,0.20599999999999988,14199.999999999998,12500.0,17.0,0.6095238089433113,14.542936286074385,0.09090909063360954,0.24242424168962365,1.0,SOLANA_otc,1786263720,1m,UP,1
0.44928571428571573,0.38535555165393265,-0.012587072556253473,0.8660254037844387,-0.4999999999999998,50.0,0.1,0.06222490517294768,0.04963000032273203,0.7741935471384211,0.16400000000001,156.99999999999932,120.99999999999795,1.0,0.7499999990625,0.17552712991162192,-0.12903225785637298,0.7741935471384211,0.0,MICROSOFT_otc,1786263960,1m,DOWN,1
0.5107142857142922,0.4372045312297867,0.003107644794804811,0.8660254037844387,-0.4999999999999998,50.0,0.1,0.08890154184756406,0.0920119493865066,0.38461538362923614,0.32200000000000273,146.99999999999704,131.00000000000023,3.0,0.49285714250510837,0.39351266267421153,-0.564102562656009,0.38461538362923614,0.0,SUI_otc,1786264080,1m,DOWN,1
0.48642857142856755,0.4370612406319456,0.05316135250598172,0.8660254037844387,-0.4999999999999998,50.0,0.1,-0.04569037720087924,0.007446685682617406,0.5967741925858511,0.1619999999999891,82.99999999999841,249.0000000000009,1.0,0.39772727227533783,0.1808355424035072,0.08064516116026749,0.5967741925858511,1.0,MASTERCARD_otc,1786264560,1m,UP,1
0.2557142857142927,0.2490421208026863,0.033523949325274256,0.8660254037844387,-0.4999999999999998,50.0,0.1,-0.03672870367413037,-0.0032170672608636593,0.7999999977143182,0.13999999999999774,110.00000000000227,115.99999999999682,2.0,0.7101449265070519,0.1546773072694862,0.1142857139592347,0.7999999977143182,1.0,AMZN_otc,1786264620,1m,UP,0
0.5150000000000148,0.34925666744532985,0.05621020440419471,0.7071067811865476,-0.7071067811865475,50.0,0.1,-0.12364965698025362,-0.06750895630099259,0.5454545449035395,0.3939999999999941,152.99999999999727,325.9999999999991,10.0,0.6592592587708979,0.2696979383085596,0.24242424217937641,0.5454545449035395,1.0,DISNEY_otc,1786266000,1m,UP,1
0.433571428571424,0.36191493138942105,0.016768960497956648,0.7071067811865476,-0.7071067811865475,50.0,0.1,-0.13041463528444994,-0.1136675439651677,0.7636363622478437,0.25,144.99999999999886,221.00000000000364,10.0,0.9295774641341223,0.3386192917602415,0.01818181814874342,0.7636363622478437,1.0,NETFLIX_otc,1786266300,1m,UP,1
0.44571428571428634,0.3525332186323627,-0.08776659125435732,0.7071067811865476,-0.7071067811865475,50.0,0.1,0.061719652511744084,-0.02610110797775683,0.2040816322366107,0.21600000000000819,353.99999999999636,102.00000000000387,4.0,0.7029702963336788,0.21619076159035683,-0.14285714256558107,0.2040816322366107,0.0,SPOTIFY_otc,1786266540,1m,DOWN,0
0.43071428571429593,0.36291932878689176,-0.06431189343951088,0.7071067811865476,-0.7071067811865475,50.0,0.1,0.09618577835794735,0.03181202602315495,0.8732394353896853,0.24399999999998273,222.00000000000273,100.0,3.0,0.693069306244498,0.24798055439553338,-0.014084507022482718,0.8732394353896853,0.0,PETROLEO_otc,1786268280,1m,DOWN,1
0.5935714285714206,0.40923206013941554,-0.0010982346986485676,0.7071067811865476,-0.7071067811865475,50.0,0.1,-0.1393274395185095,-0.14042414407487253,0.7560975600535514,0.37400000000001227,136.00000000000136,153.99999999999636,6.0,0.7384615378935012,0.31854937515235704,0.1951219509815214,0.7560975600535514,1.0,AVAX_otc,1786268460,1m,UP,0
0.44000000000000583,0.3152253684328203,-0.020731061068365215,0.7071067811865476,-0.7071067811865475,50.0,0.1,-0.053325721288209116,-0.07404572736872893,0.461538460828436,0.22400000000000092,200.9999999999991,193.00000000000068,0.0,0.470588234740512,0.22463002114106145,0.15384615360950782,0.461538460828436,1.0,PRATA_otc,1786268700,1m,UP,1
0.4578571428571365,0.5139654072475077,-0.04225487102316109,0.7071067811865476,-0.7071067811865475,50.0,0.1,-0.07283555685009266,-0.11505965130264775,0.5862068955409956,0.21999999999999317,235.99999999999568,162.00000000000045,0.0,0.5999999992941311,0.1803981493268309,0.2931034477705468,0.5862068955409956,1.0,STARBUCKS_otc,1786269000,1m,UP,0
0.5135714285714289,0.32042296910558654,-0.570643494144918,0.7071067811865476,-0.7071067811865475,50.0,0.1,-1.144923590794329,-1.7090336529554488,0.44776119336154985,0.23800000000000096,26999.999999999956,2500.0,6.0,0.9439999992447997,2.8422010003901277,0.11940298489642248,0.44776119336154985,1.0,SHIBA_otc,1786269060,1m,UP,0
0.4928571428571412,0.4082911324114432,0.039032076022432714,0.7071067811865476,-0.7071067811865475,50.0,0.1,-0.06610245080135681,-0.027096175937773567,0.9605263145256587,0.29200000000003,150.0,102.99999999999727,0.0,0.8260869556238454,0.17838099854545328,0.03947368415855183,0.9605263145256587,1.0,BITCOIN_otc,1786269300,1m,UP,0
0.46285714285714413,0.4608592070982824,-0.014242419578278497,0.49999999999999994,-0.8660254037844387,50.0,0.1,-0.17616592728535277,-0.1903832565731133,0.46511627798820004,0.3320000000000164,224.0000000000009,56.99999999999932,15.0,0.8543689312093216,0.2460759251732252,0.4651162779880678,0.46511627798820004,1.0,NETFLIX_otc,1786270200,1m,UP,0
0.08488571428571541,0.060702636762304515,-0.14091461868635882,0.49999999999999994,-0.8660254037844387,50.0,0.1,-0.199307466164831,-0.3399412314952302,0.32004153021711884,0.04683999999999884,5326.799999999991,2337.100000000021,7.0,0.44879349456408674,0.6229637253219414,0.4749740295956537,0.32004153021711884,1.0,GBPNZD_otc,1786270320,1m,UP,0
0.4592857142857148,0.331457818908392,-0.38963517206423093,0.49999999999999994,-0.8660254037844387,50.0,0.1,-0.8047621866695399,-1.191261722203033,0.6153846142011803,0.20400000000000063,41700.000000000015,1099.9999999999943,2.0,0.5371900822006678,2.247817202261792,0.07692307677514583,0.6153846142011803,1.0,NVIDIA_otc,1786272120,1m,UP,0
0.48642857142856755,0.3300258070011555,0.01022770074085645,0.49999999999999994,-0.8660254037844387,50.0,0.1,-0.04701842992281638,-0.036795538086265484,0.39999999899994315,0.23199999999999363,99.00000000000091,160.00000000000227,2.0,0.7199999992800272,0.18225559524644191,0.5499999986250994,0.39999999899994315,1.0,VISA_otc,1786272120,1m,UP,1
0.10589928571428533,0.04964057366787819,0.030066429310744193,0.49999999999999994,-0.8660254037844387,50.0,0.1,0.03330367529066571,0.06338011782739905,0.25435962435412485,0.031212000000002148,1494.199999999992,3758.400000000037,0.0,0.5659977426561793,0.5605609299886435,-0.4703776390439114,0.25435962435412485,0.0,CADJPY_otc,1786272600,1m,DOWN,1
0.0894692857142846,0.10447229774799136,0.12404625742841593,0.49999999999999994,-0.8660254037844387,50.0,0.1,-0.15399084894172996,-0.0301356113982085,0.6808553902153156,0.08529199999999833,2606.699999999975,4220.900000000042,0.0,0.2910341285033714,0.564098320693432,0.1293279009233673,0.6808553902153156,1.0,EURGBP_otc,1786272900,1m,UP,1
0.4849999999999933,0.4456141581901577,0.10900632103147544,0.258819045102521,-0.9659258262890682,50.0,0.1,-0.009397240616306094,0.09959883682889503,0.3725490188773571,0.18999999999998635,85.00000000000227,215.99999999999682,1.0,0.49122806974449473,0.33483126266532676,0.5686274498653752,0.3725490188773571,1.0,NIKE_otc,1786273560,1m,UP,1
0.09814571428571384,0.10893043542543777,0.022729376238809426,0.258819045102521,-0.9659258262890682,50.0,0.1,-0.2975093920682075,-0.274847637858467,0.08584474755182539,0.053628000000000495,4254.200000000025,4740.000000000002,15.0,0.5227083785887232,0.8326576995091474,0.5849314979462237,0.08584474755182539,1.0,EURCHF_otc,1786274100,1m,UP,1
0.32499999999999674,0.26766799168362587,0.06274851684041932,0.258819045102521,-0.9659258262890682,50.0,0.1,-0.030220301231220183,0.032509252818391836,0.6666666638889679,0.3040000000000077,79.00000000000205,231.99999999999932,0.0,0.2317073167906,0.18283166109212148,0.12499999947904825,0.6666666638889679,1.0,AMZN_otc,1786274700,1m,UP,1
0.09967928571428583,0.06945371226303886,0.03312916750345276,0.258819045102521,-0.9659258262890682,50.0,0.1,-0.19206890469853719,-0.15900336802424406,0.1743329083072087,0.06986599999999825,3200.500000000019,5049.300000000017,2.0,0.30942656260183543,0.5751981619038857,0.034900465608639325,0.1743329083072087,1.0,EURCHF_otc,1786275120,1m,UP,1
0.45785714285714463,0.3637714538225483,0.00631159696819405,0.258819045102521,-0.9659258262890682,50.0,0.1,0.056710779851427334,0.06302595617548312,0.060606060422353676,0.22999999999999546,81.00000000000023,137.99999999999955,4.0,0.3445378148364967,0.2631113469526326,-0.4848484833791739,0.060606060422353676,0.0,LINK_otc,1786276740,1m,DOWN,0
0.5814285714285664,0.3804595253862264,-0.010880798061760025,1.2246467991473532e-16,-1.0,50.0,0.1,-0.148662907579069,-0.15952752993006258,0.5285714278162175,0.4599999999999909,178.99999999999636,97.00000000000273,12.0,0.9020979014670744,0.2926789332563254,0.18571428544904225,0.5285714278162175,1.0,META_otc,1786277520,1m,UP,0
0.09610857142857172,0.07801391926998923,-0.0074639320242280175,1.2246467991473532e-16,-1.0,50.0,0.1,-0.34274365681994245,-0.35018200669060806,0.603720920872524,0.03220400000000012,2705.300000000008,3778.6000000000186,2.0,0.5031850460479964,0.9710877102078406,0.021395348505513896,0.603720920872524,1.0,NZDJPY_otc,1786277820,1m,UP,1
0.41214285714285176,0.36797709629536735,0.10087273395513936,1.2246467991473532e-16,-1.0,50.0,0.1,-0.027009331939557298,0.0738361569640316,0.4615384606508708,0.2,78.00000000000296,456.0000000000002,2.0,0.9558823515354241,0.13904508741409188,0.1730769227440219,0.4615384606508708,1.0,MASTERCARD_otc,1786278420,1m,UP,1
0.4321428571428571,0.38067609028557203,-6.226299394405392,-0.2588190451025208,-0.9659258262890683,50.0,0.1,16.150447141396143,8.91857255443224,0.6333333312222224,0.32,22500.0,12700.0,8.0,0.6341463409478487,32.11488249814233,-0.13333333288888907,0.6333333312222224,0.0,SOLANA_otc,1786280580,1m,DOWN,1
0.10264857142857155,0.10468305693211453,-0.04151277916988952,-0.2588190451025208,-0.9659258262890683,50.0,0.1,-0.12868288809440392,-0.17014224742112938,0.7123504123402816,0.06838599999999957,4946.7000000000635,1960.09999999994,2.0,0.1450518747752778,0.43493635843992323,0.08978700918350883,0.7123504123402816,1.0,EURNZD_otc,1786281120,1m,UP,0
0.44571428571428584,0.42432946459162907,0.23218314294440995,-0.2588190451025208,-0.9659258262890683,50.0,0.1,1.4357508016776652,1.67126751595826,0.8064516116025008,0.22000000000000028,6400.0000000000055,17700.00000000003,7.0,0.8940397345072605,3.7192118225684876,-0.04838709669615188,0.8064516116025008,0.0,SHIBA_otc,1786282020,1m,DOWN,1
0.08373357142857175,0.09335473536872123,0.09668999812392023,-0.2588190451025208,-0.9659258262890683,50.0,0.1,0.1441824259808872,0.2410118340897834,0.7386559989341663,0.04012400000000156,1326.7999999999347,3736.200000000025,1.0,0.4557746455530205,0.39984739242365064,-0.0055099394391586315,0.7386559989341663,0.0,EURGBP_otc,1786282560,1m,DOWN,0
0.24928571428571086,0.21746289293544838,0.017278110183390333,-0.2588190451025208,-0.9659258262890683,50.0,0.1,0.07003874668552389,0.08732895824073761,0.7878787854912868,0.1279999999999859,45.999999999997954,128.00000000000296,15.0,0.975609754907815,0.1833877532759671,-0.09090909063353052,0.7878787854912868,0.0,AMZN_otc,1786282800,1m,DOWN,1
0.4214285714285779,0.3863125193047958,-0.029094724737948056,-0.2588190451025208,-0.9659258262890683,50.0,0.1,-0.07695469072256364,-0.10602702570507302,0.025641025575256996,0.14400000000000546,129.00000000000205,117.00000000000159,16.0,0.5699999994299931,0.26473235558779923,0.2051282046022017,0.025641025575256996,1.0,PRATA_otc,1786283160,1m,UP,1
0.4764285714285888,0.42733842777247255,0.014189394457831746,-0.2588190451025208,-0.9659258262890683,50.0,0.1,-0.14474439503363998,-0.13057553892897514,0.1428571425170068,0.3139999999999986,214.99999999999773,101.99999999999818,8.0,0.9081632643794525,0.22849148985724724,0.09523809501138297,0.1428571425170068,1.0,APPLE_otc,1786283280,1m,UP,1
0.4578571428571365,0.37796229236336026,-0.026487546993585007,-0.4999999999999997,-0.8660254037844388,50.0,0.1,-0.06124488344074943,-0.0877162081670519,0.23809523771736502,0.33000000000000684,252.00000000000387,62.999999999999545,0.0,0.3805970146413721,0.39751995016050806,0.5714285705215677,0.23809523771736502,1.0,NIKE_otc,1786284000,1m,UP,1
0.48928571428572,0.30744248037768684,-0.02072614703739995,-0.4999999999999997,-0.8660254037844388,50.0,0.1,-0.007627438061140999,-0.028352004224513214,0.15151515136208155,0.2840000000000032,592.0000000000016,83.9999999999975,17.0,0.7560975603608794,0.30419943611735656,-0.8181818173553667,0.15151515136208155,0.0,PETROLEO_otc,1786285020,1m,DOWN,0
0.3800000000000003,0.27373786289483965,1.2314926009895235,-0.4999999999999997,-0.8660254037844388,50.0,0.1,-2.3294850478559384,-1.126679882871918,0.09523809478457808,0.1580000000000002,9900.000000000002,23700.000000000007,8.0,0.6481481475480102,8.275862068331353,0.4285714265306098,0.09523809478457808,1.0,ETHEREUM_otc,1786285080,1m,UP,1
0.5064285714285737,0.4303282673693838,-0.027831479959511157,-0.4999999999999997,-0.8660254037844388,50.0,0.1,0.14512184678098858,0.1172499772637737,0.6499999983749218,0.33999999999999775,196.00000000000364,160.99999999999568,6.0,0.9274193540908114,0.2699760505110623,-0.04999999987509237,0.6499999983749218,0.0,MICROSOFT_otc,1786285260,1m,DOWN,0
0.09044214285714247,0.05351196264707735,-0.13632268774107317,-0.4999999999999997,-0.8660254037844388,50.0,0.1,0.05962105108446334,-0.07678291367590764,0.9605301628548946,0.051217999999998653,5997.100000000017,1314.4999999999384,3.0,0.13656139110087226,0.25634501411309074,-0.015304627890289378,0.9605301628548946,0.0,EURGBP_otc,1786285380,1m,DOWN,1
0.09445428571428545,0.07156407464789541,0.1067456691831155,-0.4999999999999997,-0.8660254037844388,50.0,0.1,-0.584727814236961,-0.47860631667205256,0.7983040541171773,0.05533399999999986,3770.6000000000017,3023.699999999998,10.0,0.7454077227625516,1.5036961237164481,0.018221279940342318,0.7983040541171773,1.0,NZDJPY_otc,1786287000,1m,UP,1
0.46428571428571835,0.3555432316662592,-0.03184221965485133,-0.7071067811865471,-0.7071067811865479,50.0,0.1,0.046195315995346396,0.014338386726505578,0.13043478232515252,0.19600000000000364,306.0000000000002,112.00000000000045,13.0,0.6491228058787477,0.11674825389648848,-0.3913043469754576,0.13043478232515252,0.0,MASTERCARD_otc,1786288080,1m,DOWN,0
0.5028571428571281,0.4521985364957486,0.06921194223311043,-0.7071067811865471,-0.7071067811865479,50.0,0.1,-0.15617085036974046,-0.08706699701537289,0.9599999987200364,0.29199999999999593,154.00000000000205,209.9999999999966,6.0,0.576923076553239,0.41585583664218906,0.02666666663108686,0.9599999987200364,1.0,PRATA_otc,1786288560,1m,UP,0
0.07724714285714285,0.0637114170338478,0.008405291218842812,-0.7071067811865471,-0.7071067811865479,50.0,0.1,0.2796464213843477,0.28807521769929095,0.9784379440002267,0.05442800000000005,1802.7999999999622,3830.200000000019,0.0,0.8711872319512466,0.6577178763565085,-0.009955811052765346,0.9784379440002267,0.0,EURCHF_otc,1786288800,1m,DOWN,0
0.3378571428571401,0.4381504582637105,0.0774558492112207,-0.7071067811865471,-0.7071067811865479,50.0,0.1,-0.0014297435908896593,0.07602499820029118,0.3469387748020758,0.11799999999998363,165.99999999999682,225.0,2.0,0.6571428552653154,0.07606215364539001,0.1428571425656971,0.3469387748020758,1.0,SPOTIFY_otc,1786289220,1m,UP,1
0.09299571428571442,0.0529948815433592,-0.03324912943829753,-0.7071067811865471,-0.7071067811865479,50.0,0.1,-0.02631886629649422,-0.059559244940870136,0.022361870379832498,0.0416940000000011,1946.000000000012,2902.199999999979,13.0,0.850852472177022,0.6499916496405603,0.7425120318083671,0.022361870379832498,1.0,EURCHF_otc,1786289880,1m,UP,1
0.4535714285714302,0.2566104074592217,0.013546548356729686,-0.7071067811865471,-0.7071067811865479,50.0,0.1,-0.04199281083485161,-0.02845195105454802,0.4374999993164618,0.21200000000001182,93.00000000000068,203.99999999999636,3.0,0.5806451608220781,0.2704353136171388,0.48437499924317795,0.4374999993164618,1.0,MICROSOFT_otc,1786289880,1m,UP,0
0.2999999999999951,0.13760909765825385,0.025497526151663286,-0.8660254037844385,-0.5000000000000004,50.0,0.1,0.02431837872440669,0.049822105461044895,0.473684209279802,0.14399999999999408,29.000000000002046,179.99999999999545,0.0,0.5405405390797364,0.07415126858777167,-0.052631578808966614,0.473684209279802,0.0,XPL_otc,1786291200,1m,DOWN,1
0.08411785714285662,0.0556247349744182,-0.017661062543057354,-0.8660254037844385,-0.5000000000000004,50.0,0.1,-0.10735550991105398,-0.12499761233036254,0.6170724329946731,0.050396000000002064,2703.8000000000293,3015.399999999957,6.0,0.866301053540691,0.39381503849169686,0.3536218789177414,0.6170724329946731,1.0,CADJPY_otc,1786291260,1m,UP,0
0.549999999999991,0.5049143113613768,0.039217752796166364,-0.8660254037844385,-0.5000000000000004,50.0,0.1,0.11851296453519512,0.15777719545282431,0.5142857137959322,0.27200000000000274,50.99999999999909,205.00000000000114,1.0,0.5413533830515982,0.29289347926557624,-0.08571428563262831,0.5142857137959322,0.0,LINK_otc,1786291560,1m,DOWN,1
0.49142857142857516,0.5600083397527763,-0.13074102893637318,-0.8660254037844385,-0.5000000000000004,50.0,0.1,0.01934790768290525,-0.11141841690705022,0.5576923066198813,0.246000000000015,275.9999999999991,71.00000000000364,1.0,0.6103896095969015,0.22040933161523815,-0.11538461516273031,0.5576923066198813,0.0,SUI_otc,1786291560,1m,DOWN,0
0.09593928571428607,0.05730564502095453,0.13481221112663327,-0.8660254037844385,-0.5000000000000004,50.0,0.1,0.2725284404202615,0.4077080531633743,0.5411118662853337,0.03025199999999941,1628.000000000007,6038.800000000002,2.0,0.5013625192961976,1.0994124948395074,-0.3828414497893876,0.5411118662853337,0.0,NZDJPY_otc,1786291620,1m,DOWN,0
0.44500000000000944,0.2564733348546434,-0.014757953298388731,-0.8660254037844385,-0.5000000000000004,50.0,0.1,0.049169667270127296,0.03440445753520587,0.3255813949702173,0.22199999999998,128.00000000000864,287.00000000000045,6.0,0.6385542160982001,0.1609026054587531,-0.48837209245545815,0.3255813949702173,0.0,IBM_otc,1786291860,1m,DOWN,1
0.3935714285714286,0.3201853858609009,0.37742205712382376,-0.8660254037844385,-0.5000000000000004,50.0,0.1,-3.484515578761975,-3.1202448520163144,0.46808510588501606,0.17200000000000007,13400.000000000007,4900.000000000002,1.0,0.7102803731679624,14.840499304460394,0.3510638294137618,0.46808510588501606,1.0,SOLANA_otc,1786291860,1m,UP,1
0.5221428571428491,0.3750523768437582,0.06380276469289325,-0.8660254037844385,-0.5000000000000004,50.0,0.1,-0.1508687050103453,-0.087162198722305,0.8076923066568272,0.4880000000000109,152.00000000000387,319.99999999999886,7.0,0.7474747467197248,0.24241533827899434,0.012820512804065055,0.8076923066568272,1.0,PETROLEO_otc,1786291920,1m,UP,0
0.08877142857142825,0.07859910599579936,-0.2092010718514673,-0.8660254037844385,-0.5000000000000004,50.0,0.1,-0.5964537747619426,-0.8044070589235094,0.11373757941526769,0.05928600000000017,3405.200000000015,1397.3999999999974,5.0,0.9688691753043541,1.8316639873877696,0.06577594954132553,0.11373757941526769,1.0,CHFJPY_otc,1786292100,1m,UP,0
0.08540714285714353,0.08896978436457442,0.15556470989549434,-0.8660254037844385,-0.5000000000000004,50.0,0.1,-0.08129312627368496,0.07414512020575675,0.19508090362345887,0.05278199999999629,2218.2000000000103,3580.1000000000013,3.0,0.8741830031349692,0.6342712259484169,0.45592232419517403,0.19508090362345887,1.0,CADJPY_otc,1786292880,1m,UP,1
0.08752857142856994,0.05696370254097388,-0.18021129286078896,-0.8660254037844385,-0.5000000000000004,50.0,0.1,0.08032967915777127,-0.10002637685637883,0.5925094600573931,0.050620000000000685,6485.100000000017,1546.0999999999813,1.0,0.748251743927343,0.4450214717666036,-0.25838125601933437,0.5925094600573931,0.0,EURJPY_otc,1786293060,1m,DOWN,1
0.44642857142856734,0.2835111486679561,-0.04611285432658876,-0.8660254037844385,-0.5000000000000004,50.0,0.1,-0.12046069159146366,-0.16651799805481807,0.7341772142605488,0.3339999999999918,361.00000000000136,24.00000000000091,9.0,0.6923076916420076,0.24737756000035438,0.2531645566415611,0.7341772142605488,1.0,NETFLIX_otc,1786293540,1m,UP,1
0.0962685714285715,0.11361107572326981,0.1687903561063153,-0.8660254037844385,-0.5000000000000004,50.0,0.1,-0.03992766571741605,0.12879529633974987,0.2300884924900651,0.06140600000000092,1978.0000000000086,3289.90000000001,0.0,0.1733295891446967,0.5514169185438211,0.18382944242657884,0.2300884924900651,1.0,EURCHF_otc,1786293600,1m,UP,1
0.5292857142857201,0.44317349599352923,-0.005356017917638957,-0.8660254037844385,-0.5000000000000004,50.0,0.1,-0.06599025533047803,-0.07134273879821759,0.3877551012495835,0.2980000000000246,198.00000000000182,92.999999999995,12.0,0.953488371353926,0.2363329913523377,0.38775510124935153,0.3877551012495835,1.0,VISA_otc,1786293720,1m,UP,0
0.4592857142857229,0.29677756495147384,-0.0046512868103864005,-0.8660254037844385,-0.5000000000000004,50.0,0.1,0.09530613736055647,0.09065041758837353,0.843137253248779,0.25799999999998136,300.0,158.0000000000041,7.0,0.7976190466694899,0.1961562711622423,-0.01960784309879067,0.843137253248779,0.0,APPLE_otc,1786294020,1m,DOWN,0
0.47714285714285687,0.34291013784674396,1.9291856246226935,-0.9659258262890683,-0.25881904510252063,50.0,0.1,3.810956091799921,5.813662133506301,0.39814814777949215,0.36999999999999955,17000.00000000001,20399.99999999999,2.0,0.4307692304378692,10.577705450725972,-0.027777777752057017,0.39814814777949215,0.0,ETHEREUM_otc,1786294920,1m,DOWN,1
0.09210499999999909,0.1123370891978205,0.07475390418151877,-0.9659258262890683,-0.25881904510252063,50.0,0.1,-0.19413576483367256,-0.11952698471577963,0.8290748846502424,0.08796799999999934,2966.4999999999964,2711.7999999999397,2.0,0.9144562525922889,0.6098190664803174,0.00981749521825213,0.8290748846502424,1.0,EURGBP_otc,1786295820,1m,UP,1
0.3985714285714315,0.27544270061244813,-0.03823082405626658,-0.9659258262890683,-0.25881904510252063,50.0,0.1,-0.06356345532989326,-0.1017699785533886,0.2999999995,0.07800000000000865,279.00000000000205,20.999999999997954,12.0,0.4886363630811053,0.1772656769329458,0.0499999999166193,0.2999999995,1.0,DOGE_otc,1786296420,1m,UP,0
0.5149999999999986,0.46607786038785265,-0.014807412152591222,-0.9659258262890683,-0.25881904510252063,50.0,0.1,-0.08941912364200212,-0.10421329513641245,0.6595744666818028,0.28799999999999953,360.0000000000023,62.999999999999545,5.0,0.7041420114176433,0.3311128526639388,0.2553191483929637,0.6595744666818028,1.0,BITCOIN_otc,1786296600,1m,UP,1
0.10088071428571409,0.058789286274209346,0.032116837499008684,-0.9659258262890683,-0.25881904510252063,50.0,0.1,-0.1437632345888848,-0.11169256929431232,0.45514850621438574,0.06131000000000029,2984.300000000033,2141.900000000021,3.0,0.9914652124566589,0.5589403133253444,0.33789517517542084,0.45514850621438574,1.0,GBPNZD_otc,1786296780,1m,UP,1
0.615714285714286,0.488772852157721,-0.08324857920699867,-0.9659258262890683,-0.25881904510252063,50.0,0.1,-0.1821749275207974,-0.26527184868896364,0.44262295009402103,0.35,392.0000000000016,31.000000000000227,7.0,0.957894735833773,0.25741769407869247,0.11475409817252052,0.44262295009402103,1.0,PRATA_otc,1786297320,1m,UP,1
0.33142857142858667,0.21836681519257048,0.04809987355367242,-0.9659258262890683,-0.25881904510252063,50.0,0.1,0.04411755977071877,0.09223865381485587,0.19230769156805572,0.09599999999999227,39.999999999997726,297.00000000000273,4.0,0.4146341458358256,0.19018461823873925,-0.23076922988162316,0.19230769156805572,0.0,COKE_otc,1786297440,1m,DOWN,1
0.5114285714285713,0.39854750016850216,-0.6027251951199091,-0.9659258262890683,-0.25881904510252063,50.0,0.1,-4.056756351280775,-4.635030453766888,0.05263157880886771,0.2299999999999997,14900.000000000002,6199.999999999992,3.0,0.5886075945641722,13.715277776587218,0.2368421046398883,0.05263157880886771,1.0,ETHEREUM_otc,1786297680,1m,UP,1
0.0913735714285708,0.07667796840980372,-0.010323757191293598,-0.9659258262890683,-0.25881904510252063,50.0,0.1,0.24750379788251362,0.2371544890000874,0.40593478294703017,0.0650500000000008,1544.7000000000344,2997.899999999944,13.0,0.4734890347180213,0.3318047992143379,-0.3016654902455158,0.40593478294703017,0.0,EURNZD_otc,1786297680,1m,DOWN,1
0.09323571428571498,0.06309455965801486,-0.05353404801401642,-0.9659258262890683,-0.25881904510252063,50.0,0.1,0.173139627181937,0.11951289051677373,0.4838499144874186,0.04335999999999984,6995.899999999935,2368.9000000000246,10.0,0.33766170678007656,0.42530804385448706,-0.22161500634896794,0.4838499144874186,0.0,EURGBP_otc,1786298100,1m,DOWN,0
0.5521428571428666,0.34892377704568683,-0.06561221476856491,-1.0,-1.8369701987210297e-16,50.0,0.1,0.02833662061967776,-0.03729418643326628,0.5909090895662272,0.3540000000000191,203.99999999999636,97.00000000000273,0.0,0.33644859781641806,0.25399990504615994,-0.227272726756122,0.5909090895662272,0.0,NETFLIX_otc,1786299000,1m,DOWN,0
0.10551285714285795,0.08209888442010235,0.11837170827250938,-1.0,-1.8369701987210297e-16,50.0,0.1,0.20023940783474922,0.3188481429149474,0.7743752131786594,0.06802200000000198,4602.599999999981,4762.199999999978,1.0,0.11577028221196403,0.6299503275136622,-0.17652234973141365,0.7743752131786594,0.0,EURGBP_otc,1786299060,1m,DOWN,0
0.0984650000000004,0.1280165530696453,0.07540369344807553,-1.0,-1.8369701987210297e-16,50.0,0.1,-0.24878410500644624,-0.1735680039622573,0.8470677380597688,0.08357200000000091,3239.3999999999323,2034.400000000005,4.0,0.8490401641235914,0.6956921889294083,0.02805864485967985,0.8470677380597688,1.0,EURNZD_otc,1786299240,1m,UP,1
0.10601928571428638,0.14312252107054452,0.22822121398586642,-1.0,-1.8369701987210297e-16,50.0,0.1,-0.09244114220521658,0.1355691014836867,0.7358093817355054,0.09384000000000156,2396.6000000000063,6015.099999999975,1.0,0.9772370148410331,0.5342591231366622,0.2486568529706137,0.7358093817355054,1.0,EURGBP_otc,1786299660,1m,UP,0
0.5778571428571428,0.2637525063684324,0.8008583933214322,-1.0,-1.8369701987210297e-16,50.0,0.1,-7.109325814111325,-6.36540305328077,0.41441441404106794,0.24000000000000005,19400.000000000004,8399.999999999998,8.0,0.4311926601548689,23.593073587966863,0.11711711701160606,0.41441441404106794,1.0,SPACEX_otc,1786300080,1m,UP,0
0.3064285714285729,0.3451078823202249,0.0007712628202036719,-1.0,-1.8369701987210297e-16,50.0,0.1,0.03209801239074653,0.032869522770985794,0.25806451529656016,0.18799999999998818,206.99999999999932,88.99999999999864,0.0,0.358024690915973,0.18293922352421638,-0.6774193526535391,0.25806451529656016,0.0,AMZN_otc,1786300800,1m,DOWN,1
0.43285714285713894,0.3151983502663328,0.01592630489998609,-1.0,-1.8369701987210297e-16,50.0,0.1,-0.06555375992966447,-0.049637895321358184,0.5245901630744194,0.19799999999997908,100.0,56.00000000000023,2.0,0.8173076915217706,0.20414973597903127,0.06557377038433738,0.5245901630744194,1.0,TESLA_otc,1786301220,1m,UP,1
0.09150214285714268,0.052329030980466776,-0.008693146827622797,-1.0,-1.8369701987210297e-16,50.0,0.1,-0.41249949021407223,-0.42115677785534744,0.6252552173295639,0.06654399999999967,2355.3000000000065,3238.599999999998,16.0,0.4834068206850477,1.06704636904268,0.20865399553436073,0.6252552173295639,1.0,NZDJPY_otc,1786301460,1m,UP,1
0.2792857142857161,0.2086903166015584,0.003561332062547271,-1.0,-1.8369701987210297e-16,50.0,0.1,0.04791699104384181,0.05148002958955454,0.35294117543250625,0.1900000000000091,155.00000000000114,106.99999999999932,4.0,0.9824561386272858,0.12872919442595945,-0.14705882309690546,0.35294117543250625,0.0,AMZN_otc,1786301940,1m,DOWN,1
0.4028571428571429,0.4053224194928201,-0.017415435239614918,-0.9659258262890684,0.2588190451025203,50.0,0.1,-0.6653051421032612,-0.6826047115567073,0.6506024088546877,0.2659999999999997,16499.999999999913,9699.999999999987,12.0,0.9464285708652193,1.9448946515172008,0.15662650583540172,0.6506024088546877,1.0,INTEL_otc,1786302120,1m,UP,1
0.48357142857142726,0.382539231211636,-0.02035373780101037,-0.9659258262890684,0.2588190451025203,50.0,0.1,-0.07544838639282839,-0.09578676762709726,0.4339622633321568,0.3660000000000082,138.99999999999864,93.99999999999977,6.0,0.9159663857848829,0.3004216000598302,0.3773584898539981,0.4339622633321568,1.0,AVAX_otc,1786302360,1m,UP,1
0.4678571428571437,0.27561021209454556,-0.019135674793634466,-0.9659258262890684,0.2588190451025203,50.0,0.1,0.11413213518827864,0.09497462044041952,0.6851851839163062,0.25799999999998136,123.00000000000182,189.99999999999773,12.0,0.7826086950850983,0.3263568641354456,-0.25925925877921974,0.6851851839163062,0.0,NETFLIX_otc,1786303020,1m,DOWN,0
0.44714285714285246,0.5380265118670895,0.007145004651739086,-0.9659258262890684,0.2588190451025203,50.0,0.1,0.07493193810096005,0.08208229664316209,0.06451612882408236,0.38999999999998636,80.00000000000114,150.9999999999991,5.0,0.8653846148298949,0.30876415168967514,-0.5806451594172913,0.06451612882408236,0.0,DISNEY_otc,1786303500,1m,DOWN,0
0.10102714285714397,0.07688328677496448,0.018220726330354743,-0.9659258262890684,0.2588190451025203,50.0,0.1,0.1002169420575077,0.1184559286426114,0.6149470259916563,0.05928200000000174,1280.5000000000177,5292.600000000007,7.0,0.6665970308477326,0.40101632128216586,-0.19772459400307887,0.6149470259916563,0.0,AUDJPY_otc,1786303920,1m,DOWN,0
0.12069928571428587,0.1067180581986346,-0.10287035880573242,-0.9659258262890684,0.2588190451025203,50.0,0.1,-0.007859677564851033,-0.11072195109207153,0.2255667366610366,0.10360600000000061,7393.700000000009,3016.39999999999,0.0,0.4408066192290232,0.5695084711274575,-0.6812153072973882,0.2255667366610366,0.0,EURJPY_otc,1786304700,1m,DOWN,0
0.4349999999999982,0.3007216593652224,-0.04498463923451883,-0.9659258262890684,0.2588190451025203,50.0,0.1,-0.1274846598232368,-0.17241195054345482,0.8333333322649694,0.18600000000001274,216.0000000000025,75.99999999999909,0.0,0.7977528080924148,0.252783458304225,0.07692307682445759,0.8333333322649694,1.0,SUI_otc,1786305300,1m,UP,0
0.4314285714285729,0.3099246627885203,-0.009671948835523657,-0.9659258262890684,0.2588190451025203,50.0,0.1,-0.06040348608863923,-0.07006959272989352,0.26923076871300095,0.232000000000005,136.00000000000136,101.99999999999818,12.0,0.35652173882039523,0.24986963323428615,0.38461538387573124,0.26923076871300095,1.0,SPOTIFY_otc,1786305420,1m,UP,1
0.09806357142857232,0.08619079561951513,0.050585436327404684,-0.9659258262890684,0.2588190451025203,50.0,0.1,-0.21788138004493218,-0.1674061599642994,0.36674054324188143,0.07894000000000148,2664.9000000000456,3535.699999999977,8.0,0.9801898250601201,0.5996337659862017,0.5257653378185067,0.36674054324188143,1.0,EURJPY_otc,1786305480,1m,UP,1
0.5100000000000112,0.3077149029007091,-0.04033018100137186,-0.8660254037844386,0.5000000000000001,50.0,0.1,0.18089977260691292,0.14049663439981763,0.8295454536028143,0.30200000000000954,161.00000000000136,135.00000000000227,8.0,0.6917293227881641,0.37699481277708297,-0.11363636350725784,0.8295454536028143,0.0,SUI_otc,1786306080,1m,DOWN,1
0.11142857142857159,0.08537488060865114,0.13447868394678647,-0.8660254037844386,0.5000000000000001,50.0,0.1,-0.2447160295398595,-0.11056643648900502,0.6045584800072582,0.07986800000000045,2659.1999999999416,2774.70000000001,0.0,0.3669077425757394,0.8769357090919331,0.12256169948569273,0.6045584800072582,1.0,EURCHF_otc,1786306500,1m,UP,1
0.3999999999999935,0.2969487692379709,0.026533161554225557,-0.8660254037844386,0.5000000000000001,50.0,0.1,-0.05311106427850146,-0.026591994768764084,0.3617021268898874,0.17800000000000865,100.0,247.00000000000273,0.0,0.45454545385670236,0.14352506252006805,0.27659574409232374,0.3617021268898874,1.0,MICROSOFT_otc,1786308000,1m,UP,0
0.48071428571429514,0.24404219604534366,-0.03987210241958458,-0.8660254037844386,0.5000000000000001,50.0,0.1,0.0790427800655138,0.03913916162770619,0.6588235286366633,0.196000000000015,118.00000000000068,140.99999999999682,8.0,0.7802197793624144,0.21281571562158488,-0.23529411737028944,0.6588235286366633,0.0,NETFLIX_otc,1786308480,1m,DOWN,1
0.2935714285714174,0.26732804864861864,0.03576323465420751,-0.8660254037844386,0.5000000000000001,50.0,0.1,-0.05351731221525694,-0.017773217082997592,0.8541666648871552,0.1799999999999841,75.99999999999909,159.00000000000318,0.0,0.5569620246114232,0.1795087368488776,0.062499999869858276,0.8541666648871552,1.0,AMZN_otc,1786308600,1m,UP,0
0.5235714285714315,0.3272403761186874,0.000918377129196281,-0.8660254037844386,0.5000000000000001,50.0,0.1,0.0766654005491379,0.07758448175583885,0.7543859635888176,0.4120000000000005,169.99999999999886,155.00000000000114,0.0,0.3846153842866572,0.23018808530685,-0.03508771923665672,0.7543859635888176,0.0,IBM_otc,1786308600,1m,DOWN,1
0.09565428571428468,0.07219233749045476,0.03160278096764644,-0.8660254037844386,0.5000000000000001,50.0,0.1,-0.2399208187006611,-0.20839385938384442,0.25568739177728644,0.053521999999999535,2390.299999999996,5116.599999999991,18.0,0.355879730025426,0.5499835151851189,0.32598804241248863,0.25568739177728644,1.0,EURJPY_otc,1786308780,1m,UP,1
0.49428571428571544,0.4013171992553661,-0.03232793729336296,-0.8660254037844386,0.5000000000000001,50.0,0.1,0.1260756518077377,0.09370695685671615,0.22033898267739319,0.3480000000000018,113.99999999999864,204.00000000000205,3.0,0.832167831585891,0.4324553179894403,-0.0847457625682504,0.22033898267739319,0.0,NIKE_otc,1786308780,1m,DOWN,1
0.49071428571428605,0.45512768409121457,-0.05556105548873649,-0.8660254037844386,0.5000000000000001,50.0,0.1,0.05090577312084311,-0.00468356615274402,0.6823529403737111,0.3499999999999773,223.00000000000182,88.99999999999864,2.0,0.6071428564201019,0.19581788936244346,-0.24705882323880704,0.6823529403737111,0.0,COKE_otc,1786309020,1m,DOWN,1
0.5100000000000003,0.29240664895306545,0.8376097023722362,-0.7071067811865477,0.7071067811865474,50.0,0.1,-2.8632036242722294,-2.049576393255571,0.7804878029744203,0.34399999999999975,10899.999999999998,19399.999999999993,1.0,0.6371681410290548,9.800520380763189,0.0975609753718047,0.7804878029744203,1.0,FORD_otc,1786309860,1m,UP,1
0.3999999999999996,0.48686934413808847,-0.18147493055319586,-0.7071067811865477,0.7071067811865474,50.0,0.1,-1.5876707770970333,-1.766264483210079,0.6323529402465397,0.18999999999999914,18999.999999999985,13800.000000000025,16.0,0.8854961825301568,3.722648479575948,0.029411764662634367,0.6323529402465397,1.0,SHIBA_otc,1786309860,1m,UP,0
0.09376142857142764,0.13331551935819555,-0.24380388505962622,-0.7071067811865477,0.7071067811865474,50.0,0.1,0.19973253238329772,-0.04455830835000694,0.9193118200489298,0.06047400000000067,9125.200000000006,2205.799999999982,1.0,0.8678759944592925,0.5612855086835397,-0.008860214977547217,0.9193118200489298,0.0,CADJPY_otc,1786310460,1m,DOWN,1
0.508571428571433,0.21961504759539535,-0.057472291649296674,-0.7071067811865477,0.7071067811865474,50.0,0.1,-0.06954246177186327,-0.12697478577471033,0.5555555547839419,0.1759999999999991,347.99999999999613,30.000000000001137,2.0,0.40350877157585635,0.24800400287108282,0.16666666643519834,0.5555555547839419,1.0,SPOTIFY_otc,1786310820,1m,UP,1
0.49285714285714327,0.3794161217043644,0.36671557729074733,-0.7071067811865477,0.7071067811865474,50.0,0.1,-0.8426328767375176,-0.47900736546513994,0.7619047606953898,0.3239999999999995,12799.99999999994,19900.00000000002,9.0,0.9913793094901918,2.327447833019105,0.06349206339128155,0.7619047606953898,1.0,NVIDIA_otc,1786311840,1m,UP,0
0.4650000000000034,0.6058710013100057,0.027723536984010463,-0.7071067811865477,0.7071067811865474,50.0,0.1,0.07110549852436927,0.09884874846756081,0.2307692304141743,0.14199999999998453,193.99999999999977,176.99999999999818,14.0,0.9729729720964442,0.2409952452284129,-0.3846153840236821,0.2307692304141743,0.0,SPOTIFY_otc,1786312140,1m,DOWN,1
0.48357142857143537,0.46054196445330203,-0.009113298779738177,-0.7071067811865477,0.7071067811865474,50.0,0.1,0.1002056937655762,0.09108326294157086,0.7631578937326752,0.41599999999998544,62.999999999999545,287.99999999999955,0.0,0.4843749996215744,0.3600157506880884,-0.0526315788781439,0.7631578937326752,0.0,SUI_otc,1786312200,1m,DOWN,1
0.509285714285714,0.5719625938583969,1.3273584550922224,-0.7071067811865477,0.7071067811865474,50.0,0.1,-0.9590895216320641,0.3555383776028716,0.8243243232103696,0.2959999999999994,12099.999999999936,40400.00000000006,1.0,0.7559055112158254,3.2748839607200804,0.08108108097151491,0.8243243232103696,1.0,GOLD_otc,1786312260,1m,UP,1
0.3578571428571422,0.3124592279851089,0.09543458503572277,-0.5000000000000004,0.8660254037844384,50.0,0.1,-0.007836492091487018,0.08759061422052689,0.34090909013437676,0.21400000000002137,72.00000000000273,236.00000000000136,0.0,0.36666666625929084,0.27081515361156866,0.4090909081611746,0.34090909013437676,1.0,NIKE_otc,1786313100,1m,UP,1
0.0920907142857134,0.062037085160002156,0.01001659436977034,-0.25881904510252157,0.9659258262890681,50.0,0.1,0.15059014515538968,0.16062182352916107,0.0882647937021494,0.03566200000000066,2052.8999999999796,5523.299999999977,1.0,0.5628050439137919,0.593592329583581,-0.44255844114994597,0.0882647937021494,0.0,GBPCAD_otc,1786317060,1m,DOWN,0
0.37571428571429727,0.30231433325038004,-0.031503385572131885,-0.25881904510252157,0.9659258262890681,50.0,0.1,-0.07315702216494685,-0.10463736079831304,0.8103448261890506,0.26200000000000045,323.0000000000018,35.99999999999568,14.0,0.44565217342859664,0.18057272959198614,0.05172413784180425,0.8103448261890506,1.0,DISNEY_otc,1786317240,1m,UP,0
0.5457142857142857,0.5367080160651709,-0.149343813254624,-0.25881904510252157,0.9659258262890681,50.0,0.1,-1.4014659475318654,-1.5487167580989802,0.2553191483929331,0.32599999999999907,32100.000000000007,7999.999999999971,9.0,0.9079754595656598,3.4114692339177077,0.17021276559528875,0.2553191483929331,1.0,NVIDIA_otc,1786317240,1m,UP,1
0.41285714285713687,0.2506606655396235,0.023861778861778853,-0.25881904510252157,0.9659258262890681,50.0,0.1,0.016786234993277374,0.04065201934932954,0.22499999943759236,0.13999999999999774,71.99999999999704,243.99999999999977,2.0,0.09574468074924189,0.18568634810227383,-0.3249999991875071,0.22499999943759236,0.0,IBM_otc,1786317420,1m,DOWN,1
0.1292185714285716,0.14420920074922708,0.12296202856196965,-0.25881904510252157,0.9659258262890681,50.0,0.1,0.23454788148091096,0.3577983148758987,0.748211129853631,0.07823599999999971,1629.5000000000214,10835.999999999969,0.0,0.34228601841697043,0.49369344342915167,-0.11479829809400396,0.748211129853631,0.0,EURGBP_otc,1786317600,1m,DOWN,0
0.2742857142857166,0.22886845373760045,0.042951630436760056,-0.25881904510252157,0.9659258262890681,50.0,0.1,-0.03857418690637792,0.004360875288178122,0.5135135121256267,0.13199999999999362,62.999999999999545,168.00000000000068,5.0,0.5454545447461226,0.1745161144096452,0.3783783773556926,0.5135135121256267,1.0,AMZN_otc,1786318200,1m,UP,1
0.45999999999998764,0.3545845740489732,0.0017020813750903635,-0.25881904510252157,0.9659258262890681,50.0,0.1,0.07205747459510879,0.0737607824470536,0.13793103400702622,0.33400000000001456,143.00000000000637,505.99999999999454,0.0,0.1007194243879628,0.2658353733165024,-0.3448275850179575,0.13793103400702622,0.0,BITCOIN_otc,1786318200,1m,DOWN,1
0.4114285714285789,0.3076613302928592,0.06161433742332413,-0.25881904510252157,0.9659258262890681,50.0,0.1,0.06281361897900839,0.12446665859747803,0.10256410230102798,0.11000000000000228,104.00000000000205,257.9999999999984,4.0,0.5277777772891209,0.26472534745137966,-0.3589743580540352,0.10256410230102798,0.0,PETROLEO_otc,1786318440,1m,DOWN,0
0.08719285714285618,0.06309609583727628,-0.05359197173744371,-0.25881904510252157,0.9659258262890681,50.0,0.1,0.021928812253762014,-0.0316749115665471,0.2132213199997484,0.025969999999999514,3759.7000000000235,1959.9999999999795,0.0,0.4645436857122851,0.276694579681548,-0.384938489999652,0.2132213199997484,0.0,EURNZD_otc,1786319100,1m,DOWN,1
0.10184857142857189,0.09486630519632808,0.12733938967146347,-0.25881904510252157,0.9659258262890681,50.0,0.1,-0.2198650103173896,-0.09280559540816542,0.9450629805879497,0.08049000000000035,3371.599999999972,6396.4,8.0,0.4553716312431934,0.9109323166641916,0.0256372688890115,0.9450629805879497,1.0,GBPNZD_otc,1786319280,1m,UP,0
0.46999999999999986,0.30127294036893487,0.21719896076756853,-0.25881904510252157,0.9659258262890681,50.0,0.1,0.5333406598352436,0.7516980309733251,0.4339622633321399,0.18200000000000074,18000.00000000004,13999.999999999985,1.0,0.29545454511879854,2.128174123285903,-0.37735848985404513,0.4339622633321399,0.0,GOLD_otc,1786319760,1m,DOWN,0
0.13922000000000015,0.09902512263541692,-0.15216457562412133,-0.25881904510252157,0.9659258262890681,50.0,0.1,-0.04923895704735555,-0.20132860842144407,0.2911314161871291,0.06547199999999975,9835.000000000064,1885.6999999999857,4.0,0.9709384905239307,0.48961493882977913,0.6650333259831707,0.2911314161871291,1.0,AUDJPY_otc,1786319940,1m,UP,0
0.44999999999999674,0.3455533863043859,0.006042886563642465,0.0,1.0,50.0,0.1,0.007769965889548077,0.013813321983415281,0.06410256402039814,0.12199999999999137,63.999999999998636,256.9999999999993,0.0,0.3076923072978528,0.15829206916113114,-0.24358974327745467,0.06410256402039814,0.0,META_otc,1786321200,1m,DOWN,1
0.49285714285713716,0.39250113729309904,-0.12057791915484739,0.0,1.0,50.0,0.1,-0.15017627384392057,-0.2705731135727027,0.19672131115291894,0.22000000000000455,309.0000000000032,30.000000000001137,0.0,0.13725490182620975,0.30804542159848436,0.0327868851921221,0.19672131115291894,1.0,NIKE_otc,1786321200,1m,UP,1
0.44357142857142307,0.28647631897802733,-0.011490769967559386,0.0,1.0,50.0,0.1,-0.12303848401833224,-0.13451511591672152,0.8196721298037979,0.3400000000000091,186.00000000000136,75.99999999999909,18.0,0.8018018010794868,0.21981939163454836,0.06557377038433738,0.8196721298037979,1.0,IBM_otc,1786321680,1m,UP,1
0.0901071428571422,0.04631060646119634,-0.022674071270103364,0.0,1.0,50.0,0.1,-0.13851829655004522,-0.1611609600828667,0.5607222710073323,0.03903399999999948,3107.2999999999947,3128.7000000000376,2.0,0.8076923032796337,0.4590439226472065,0.2508788730354645,0.5607222710073323,1.0,CADJPY_otc,1786321920,1m,UP,0
0.07653214285714124,0.08257493272675259,-0.03347422451995931,0.0,1.0,50.0,0.1,0.16900626864755128,0.13547547058977208,0.7602862189259167,0.05379399999999919,5649.099999999976,2358.899999999977,3.0,0.9145751749383254,0.45615667085006195,-0.2103245573700914,0.7602862189259167,0.0,EURCAD_otc,1786322580,1m,DOWN,1
0.074070714285715,0.07072763802287092,-0.1878911971585038,0.0,1.0,50.0,0.1,-0.1585001252477869,-0.34609351462346494,0.61470565189417,0.06324399999999883,8515.299999999968,837.4000000000592,6.0,0.9890710289328273,0.2696602494199964,0.031775270306480564,0.61470565189417,1.0,CADJPY_otc,1786323360,1m,UP,1
0.44071428571428584,0.43785942850227955,-0.05127178250001356,0.25881904510252074,0.9659258262890683,50.0,0.1,0.6987956077724353,0.6471655403082851,0.5769230758135927,0.24199999999999874,9399.999999999976,19599.999999999938,11.0,0.8539325833101934,1.029854200404654,-0.057692307581362,0.5769230758135927,0.0,INTEL_otc,1786323660,1m,DOWN,1
0.38785714285713524,0.36804502819352747,-0.028051597100466823,0.25881904510252074,0.9659258262890683,50.0,0.1,0.08596166870355315,0.05788595798212078,0.7450980377547142,0.21800000000000636,118.00000000000068,183.9999999999975,1.0,0.6947368413739958,0.2857658524837959,-0.07843137239527413,0.7450980377547142,0.0,NIKE_otc,1786323660,1m,DOWN,0
0.41142857142857076,0.4039128673522228,0.3116297284373294,0.25881904510252074,0.9659258262890683,50.0,0.1,-1.1118261962849645,-0.8036612488038131,0.6122448967097048,0.259999999999998,11599.999999999965,12300.00000000004,6.0,0.9999999985714286,1.8646776770947153,0.18367346901292014,0.6122448967097048,1.0,SHIBA_otc,1786323960,1m,UP,0
0.09927285714285768,0.11634868486185425,-0.1785066435382398,0.25881904510252074,0.9659258262890683,50.0,0.1,0.08856980382229683,-0.09009494269993457,0.8556324435753614,0.07586800000000124,6795.59999999995,2124.999999999986,2.0,0.9999999949124949,0.34664912022359995,-0.07894399539312907,0.8556324435753614,0.0,EURCAD_otc,1786324620,1m,DOWN,0
0.08804285714285724,0.06516631165633971,-0.28190837477932973,0.25881904510252074,0.9659258262890683,50.0,0.1,0.5097531151602489,0.22640770365858393,0.24227657004160147,0.051452000000000095,6938.300000000001,1838.3000000000038,4.0,0.9887853212939969,1.6238138865002587,-0.4198234606489244,0.24227657004160147,0.0,CHFJPY_otc,1786325040,1m,DOWN,0
0.09633714285714287,0.052140612153873285,-0.05439386698845116,0.25881904510252074,0.9659258262890683,50.0,0.1,0.21385862458219546,0.15934843161794573,0.7932299543595018,0.06589600000000076,2962.8999999999905,2742.500000000021,8.0,0.897181379824041,0.5820552671646206,-0.0798144809648788,0.7932299543595018,0.0,GBPNZD_otc,1786325880,1m,DOWN,0
0.45214285714285196,0.32125782996323715,0.03179189617661772,0.25881904510252074,0.9659258262890683,50.0,0.1,-0.1152006240150224,-0.08344535230118635,0.6956521729048806,0.3100000000000023,133.9999999999975,241.0000000000025,15.0,0.4533333330311156,0.3240930795317415,0.23188405763498765,0.6956521729048806,1.0,SPOTIFY_otc,1786326000,1m,UP,1
0.5035714285714334,0.29989100529133267,-0.040946824036772904,0.25881904510252074,0.9659258262890683,50.0,0.1,-0.04921776634010092,-0.09014443726469572,0.6307692297988772,0.2680000000000177,220.99999999999795,64.99999999999773,0.0,0.7023809515447959,0.20502806931852127,0.2769230764970616,0.6307692297988772,1.0,PETROLEO_otc,1786326300,1m,UP,0
0.47857142857142826,0.2855349712039326,-1.6231489982973148,0.25881904510252074,0.9659258262890683,50.0,0.1,-4.790761683416185,-6.336149481438319,0.6666666655555565,0.20000000000000018,18600.00000000001,6099.999999999994,3.0,0.6197183089863116,9.861111109741511,0.11666666647222129,0.6666666655555565,1.0,FORD_otc,1786326480,1m,UP,1
0.42428571428571465,0.22620131075313316,0.1651620701924162,0.49999999999999994,0.8660254037844387,50.0,0.1,0.9910564621409381,1.157855381703002,0.8076923061390491,0.20200000000000246,12400.00000000002,15300.000000000011,5.0,0.6565656559024562,2.6887561107363243,-0.11538461516272716,0.8076923061390491,0.0,SHIBA_otc,1786327500,1m,DOWN,1
0.4485714285714266,0.3089934033967513,0.00650792514671183,0.49999999999999994,0.8660254037844387,50.0,0.1,-0.08680517137374942,-0.08030289544261407,0.7999999979998863,0.28799999999996545,147.00000000000273,229.00000000000773,19.0,0.5945945940589902,0.2044500110509779,0.12499999968767762,0.7999999979998863,1.0,VISA_otc,1786329240,1m,UP,1
0.4585714285714297,0.2671913336448981,-0.013800253625348568,0.49999999999999994,0.8660254037844387,50.0,0.1,0.11692877750799516,0.10311238741478945,0.8928571412627515,0.17800000000000865,206.99999999999932,121.99999999999704,11.0,0.8818181810165293,0.2580584619709533,-0.10714285695153425,0.8928571412627515,0.0,APPLE_otc,1786329960,1m,DOWN,1
0.462857142857132,0.2853838747913987,-0.0007693054707025108,0.49999999999999994,0.8660254037844387,50.0,0.1,0.03192039147495747,0.031150840438937073,0.4246575336648783,0.16000000000001363,86.00000000000136,179.00000000000205,4.0,0.6111111102623676,0.1450472410803038,-0.10958904094575245,0.4246575336648783,0.0,META_otc,1786330440,1m,DOWN,1
0.4685714285714247,0.23187363960861107,0.02738816491189099,0.49999999999999994,0.8660254037844387,50.0,0.1,0.07513142157866678,0.1025401636082004,0.5306122438151102,0.16599999999999682,327.99999999999727,208.9999999999975,9.0,0.4895833328233606,0.20785519421425494,-0.22448979546027462,0.5306122438151102,0.0,MICROSOFT_otc,1786330440,1m,DOWN,1
0.24357142857143035,0.1168661292735376,-0.002121129019743835,0.7071067811865476,0.7071067811865476,50.0,0.1,0.036080398859954295,0.0339585045283998,0.7777777748970959,0.1279999999999859,47.00000000000273,255.00000000000114,5.0,0.4545454535123732,0.10060362173015176,-0.11111111069970543,0.7777777748970959,0.0,AMZN_otc,1786330800,1m,DOWN,1
0.08900214285714167,0.11040564720771663,-0.18799810899790204,0.7071067811865476,0.7071067811865476,50.0,0.1,0.11263928326555621,-0.07557058545487386,0.47986707427937364,0.06917000000000115,6750.900000000044,2236.199999999968,0.0,0.14227239371678305,0.6376745334722744,-0.16555902725653435,0.47986707427937364,0.0,GBPNZD_otc,1786330800,1m,DOWN,1
0.2392857142857078,0.13737131791279245,-0.004904933860925756,0.7071067811865476,0.7071067811865476,50.0,0.1,0.00408487289732935,-0.0008202613239103224,0.10714285676029833,0.12000000000000455,56.99999999999932,34.00000000000318,1.0,0.9318181797004749,0.1005898221386749,-0.6785714261478794,0.10714285676029833,0.0,AMZN_otc,1786331760,1m,DOWN,0
0.1100528571428566,0.07619352113500959,-0.10453398506520913,0.7071067811865476,0.7071067811865476,50.0,0.1,-0.2083099011265055,-0.3126261315507817,0.7534563606290067,0.07309999999999946,7717.600000000004,549.8000000000047,2.0,0.911502519001735,0.5159096141284202,0.22152017377841066,0.7534563606290067,1.0,GBPNZD_otc,1786331820,1m,UP,1
0.0992828571428573,0.12939551053090909,0.17774804112702247,0.7071067811865476,0.7071067811865476,50.0,0.1,-0.1261361185211259,0.051387718126071576,0.31798458940951974,0.049132000000000176,2969.499999999989,2478.4000000000005,1.0,0.6626700719286158,1.364517318468343,0.3427787094414239,0.31798458940951974,1.0,NZDJPY_otc,1786332960,1m,UP,1
0.10253357142857158,0.07790546839001107,0.23152736024191406,0.8660254037844386,0.5000000000000001,50.0,0.1,0.13827615139252805,0.37012365875760533,0.07846222933381759,0.046625999999999126,738.3000000000095,8087.700000000026,6.0,0.5688609195189644,0.5661415402794638,-0.7460656390954744,0.07846222933381759,0.0,EURNZD_otc,1786335060,1m,DOWN,1
0.07514642857142968,0.04105509775787349,0.001886172157163311,0.8660254037844386,0.5000000000000001,50.0,0.1,0.07878588077261317,0.0806735389671234,0.23914930036555548,0.029710000000000035,1773.5000000000412,2068.8999999999423,7.0,0.5078874687269181,0.24816267622504692,-0.5824652651374284,0.23914930036555548,0.0,AUDJPY_otc,1786335720,1m,DOWN,1
0.366428571428563,0.1504060436320746,0.0247864656109904,0.8660254037844386,0.5000000000000001,50.0,0.1,-0.037044519377660845,-0.012267235793726744,0.3809523800453128,0.11800000000000636,102.99999999999727,140.0000000000034,9.0,0.8730158716300677,0.18706018587194537,0.3095238087868674,0.3809523800453128,1.0,NIKE_otc,1786335840,1m,UP,1
0.39142857142857274,0.34191445502135814,0.0709206712208494,0.8660254037844386,0.5000000000000001,50.0,0.1,0.051911638902587924,0.12286912620618877,0.33846153794088224,0.10200000000002092,35.999999999989996,331.0000000000059,0.0,0.3461538457100227,0.1522337373379603,-0.07692307680466647,0.33846153794088224,0.0,IBM_otc,1786335900,1m,DOWN,1
0.3321428571428636,0.3945319945468702,-0.05905640545721252,0.8660254037844386,0.5000000000000001,50.0,0.1,0.01514196437733246,-0.043923383379756924,0.05405405390791219,0.08399999999996907,425.9999999999991,76.99999999999818,4.0,0.5425531909121363,0.17514113767179726,-0.4594594582178681,0.05405405390791219,0.0,VISA_otc,1786337340,1m,DOWN,0
0.30214285714285033,0.10817415936887334,0.005389789206401955,0.9659258262890683,0.25881904510252074,50.0,0.1,-0.017215256192258683,-0.011826394851876832,0.2592592582988214,0.08199999999999363,112.99999999999955,62.999999999999545,0.0,0.18367346901274081,0.0943305419191579,0.07407407379966327,0.2592592582988214,1.0,BITCOIN_otc,1786338000,1m,UP,0
0.31714285714286106,0.0924751223740286,0.0071108869273078445,0.9659258262890683,0.25881904510252074,50.0,0.1,-0.023814204431754804,-0.01670501090559674,0.07936507923903144,0.0959999999999809,78.99999999999636,87.00000000000045,9.0,0.32499999959373405,0.17262213015671612,0.2539682535651713,0.07936507923903144,1.0,SPOTIFY_otc,1786338240,1m,UP,0
0.33857142857143735,0.22177604856343203,0.005089586896175868,0.9659258262890683,0.25881904510252074,50.0,0.1,0.07081065285452892,0.07590384372041357,0.7419354814774973,0.1379999999999882,56.00000000000023,137.99999999999955,9.0,0.7326732666013291,0.20222244468875136,-0.19354838647243044,0.7419354814774973,0.0,MASTERCARD_otc,1786339440,1m,DOWN,1
0.4364285714285724,0.29446636413589455,0.03278601508048127,0.9659258262890683,0.25881904510252074,50.0,0.1,-0.0013108667076637782,0.03147471859186104,0.45833333237851165,0.10800000000001546,70.00000000000455,127.99999999999727,0.0,0.6774193537461185,0.12159485379175677,0.4166666657985716,0.45833333237851165,1.0,DISNEY_otc,1786341000,1m,UP,0
0.39857142857140715,0.3138278389574119,-0.026529382632729765,1.0,6.123233995736766e-17,50.0,0.1,0.0004439134127165662,-0.02608558698750102,0.31666666613877836,0.09800000000000182,124.00000000000091,80.99999999999454,0.0,0.6428571419387408,0.13503086419725724,-0.43333333261107954,0.31666666613877836,0.0,BITCOIN_otc,1786342200,1m,DOWN,0
0.05251571428571568,0.026124756005355142,-0.08980128114042583,1.0,6.123233995736766e-17,50.0,0.1,-0.06663935121051409,-0.15638078935980923,0.023275698049852224,0.013570000000002835,3188.9999999999927,319.5000000000192,0.0,0.6924520361504283,0.26702046692205844,-0.6077332262232915,0.023275698049852224,0.0,GBPNZD_otc,1786342500,1m,DOWN,0
0.08048857142857153,0.03977666837878023,-0.0053010068029506864,1.0,6.123233995736766e-17,50.0,0.1,-0.11256623404769224,-0.11786127370691822,0.5378067883827448,0.03890400000000227,2674.5000000000373,855.8000000000021,9.0,0.7012259689156781,0.42670128325923273,0.33674902622301606,0.5378067883827448,1.0,EURNZD_otc,1786343940,1m,UP,0
0.4178571428571364,0.27963476968318607,0.03200977953767289,1.0,6.123233995736766e-17,50.0,0.1,-0.0815126203138921,-0.049528932786277076,0.8333333313493416,0.16399999999999865,87.99999999999955,114.99999999999773,2.0,0.8552631567693709,0.1787478244503983,0.047619047505630265,0.8333333313493416,1.0,COKE_otc,1786344420,1m,UP,0
0.37357142857145426,0.3105763873577834,0.04733741949732501,1.0,6.123233995736766e-17,50.0,0.1,-0.046681895226772206,0.0006334262659800101,0.4696969689851667,0.1940000000000282,76.99999999999818,162.00000000000045,1.0,0.6162790690507968,0.1664151089435252,0.13636363615705613,0.4696969689851667,1.0,IBM_otc,1786344660,1m,UP,1
0.36928571428571544,0.30840693153176013,-0.012700537928183746,1.0,6.123233995736766e-17,50.0,0.1,-0.0627915045398924,-0.0754840676092264,0.3999999979999432,0.12599999999999908,118.00000000000068,112.99999999999955,14.0,0.4024390238994486,0.17552496949680801,0.04999999974995737,0.3999999979999432,1.0,STARBUCKS_otc,1786345140,1m,UP,1
0.06189714285714233,0.042442357807963245,-0.09265912374009148,0.9659258262890683,-0.25881904510252063,50.0,0.1,0.16523076244237056,0.07241853732565091,0.5496560207581938,0.051894000000000065,2286.6000000000495,1848.6999999999653,12.0,0.48811850130522355,0.2449061856322574,-0.32010348491737256,0.5496560207581938,0.0,CADJPY_otc,1786345320,1m,DOWN,1
0.36214285714285716,0.20142486946754817,-0.18387188727028747,0.9659258262890683,-0.25881904510252063,50.0,0.1,1.056309118746844,0.8704949759645086,0.7469879509072419,0.24200000000000016,10700.000000000002,10399.99999999999,14.0,0.7431192653732848,2.866158296006684,-0.060240963782847476,0.7469879509072419,0.0,SHIBA_otc,1786345440,1m,DOWN,1
0.3442857142857219,0.22550675615426802,0.009122556004469262,0.9659258262890683,-0.25881904510252063,50.0,0.1,-0.056730964491506365,-0.04761358380104472,0.4897959173678297,0.15399999999999636,96.00000000000364,135.99999999999568,8.0,0.9347826076795828,0.1852038248612308,0.18367346901287812,0.4897959173678297,1.0,MASTERCARD_otc,1786346880,1m,UP,1
0.3835714285714208,0.21820446092765608,0.07017800711571812,0.9659258262890683,-0.25881904510252063,50.0,0.1,0.07876265777324153,0.14899593895253627,0.4883720918874514,0.08600000000000137,14.00000000000432,293.0000000000007,7.0,0.9722222208719378,0.21121182786173204,-0.13953488339643358,0.4883720918874514,0.0,NIKE_otc,1786347720,1m,DOWN,0
0.06027428571428674,0.033220980646782514,-0.027405319172975704,0.9659258262890683,-0.25881904510252063,50.0,0.1,0.15126120268937407,0.12381442990101647,0.7610987151723336,0.06325600000000264,2221.1999999999675,1495.5000000000496,16.0,0.6550231798762177,0.4245951776901337,-0.165011147729406,0.7610987151723336,0.0,AUDUSD_otc,1786347960,1m,DOWN,1
0.06118142857142824,0.039664518304294114,0.004107137775096214,0.8660254037844387,-0.4999999999999998,50.0,0.1,0.040522769138028665,0.044631571239083664,0.22436650068179673,0.02132000000000005,1421.6000000000406,2508.4999999999977,4.0,0.5278255390978179,0.3445092856388318,-0.5962409700245076,0.22436650068179673,0.0,EURJPY_otc,1786350240,1m,DOWN,1
0.35785714285714626,0.21308822927416676,0.02331052636241985,0.8660254037844387,-0.4999999999999998,50.0,0.1,-0.028118580273900014,-0.0048146085005476525,0.19354838688866358,0.16800000000001775,58.00000000000409,102.99999999999727,6.0,0.5833333323611269,0.11768628758583174,0.2043010750491347,0.19354838688866358,1.0,DISNEY_otc,1786350660,1m,UP,1
0.39357142857142896,0.25472243023306795,-0.3786975889109554,0.8660254037844387,-0.4999999999999998,50.0,0.1,-0.7764896223360773,-1.1522466637691022,0.7358490552153787,0.23599999999999852,28599.999999999993,2399.9999999999486,1.0,0.2545454543140503,3.005464480792204,0.16981132043431094,0.7358490552153787,1.0,GOLD_otc,1786350960,1m,UP,1
0.5250000000000016,0.5007137760000024,-0.04500368223660207,0.7071067811865476,-0.7071067811865475,50.0,0.1,0.05619293919859254,0.011163968070194139,0.7246376801092231,0.32599999999999907,96.00000000000364,101.99999999999818,0.0,0.5555555550807433,0.291508869841813,-0.21739130403281637,0.7246376801092231,0.0,AVAX_otc,1786352700,1m,DOWN,1
0.0839885714285715,0.07379226378392834,-0.026333604299281447,0.7071067811865476,-0.7071067811865475,50.0,0.1,-0.1085141342892939,-0.1348191629058428,0.40472758486753574,0.05006999999999806,3105.2999999999997,1513.7,11.0,0.7704810880892046,0.6386734705421866,0.5388296307937339,0.40472758486753574,1.0,AUDUSD_otc,1786352760,1m,UP,1
0.5821428571428514,0.43648256898990206,0.08121572192230025,0.7071067811865476,-0.7071067811865475,50.0,0.1,-0.03581296843894192,0.04537366772249885,0.3660714282445999,0.30600000000002864,71.99999999999704,300.0,4.0,0.6637168135719347,0.22101824867443529,0.4999999995535714,0.3660714282445999,1.0,DISNEY_otc,1786352940,1m,UP,1
0.5142857142857145,0.5757250564829861,-0.8949980318091065,0.7071067811865476,-0.7071067811865475,50.0,0.1,0.20324008137133728,-0.69357694516589,0.5185185165980756,0.3240000000000009,39200.000000000015,8999.999999999985,1.0,0.6874999992838574,1.9358741681400324,-0.2222222213991828,0.5185185165980756,0.0,NVIDIA_otc,1786353660,1m,DOWN,0
0.10869571428571463,0.0868369617876385,-0.11812002686534948,0.7071067811865476,-0.7071067811865475,50.0,0.1,0.18093740976161718,0.06260365957924781,0.6344713475418416,0.0627359999999996,3566.299999999991,1900.3000000000013,3.0,0.4631804074242478,0.7267544223960906,-0.19197720814236133,0.6344713475418416,0.0,EURCHF_otc,1786354380,1m,DOWN,0
0.08440857142857082,0.06969128019841062,-0.038341888733914316,0.7071067811865476,-0.7071067811865475,50.0,0.1,0.1821047411549694,0.14369303002382228,0.7862444256680489,0.0577200000000019,4895.500000000013,2327.5999999999894,2.0,0.4271734258043162,0.49599699987984797,-0.13369618868191388,0.7862444256680489,0.0,EURGBP_otc,1786354620,1m,DOWN,0
0.46071428571428896,0.43482281355433045,0.01999507647691647,0.7071067811865476,-0.7071067811865475,50.0,0.1,-0.04372483526753521,-0.023738501604869896,0.08333333315964327,0.23600000000001273,98.00000000000182,104.99999999999545,3.0,0.9795918357351293,0.19014726711773933,0.22916666618925582,0.08333333315964327,1.0,IBM_otc,1786355280,1m,UP,0
0.5142857142857257,0.3638832077956836,0.011183010046144966,0.7071067811865476,-0.7071067811865475,50.0,0.1,-0.05201431683896981,-0.04083712355910237,0.14285714217675474,0.3740000000000009,112.00000000000045,112.00000000000045,6.0,0.7553191481326798,0.20304568527874872,0.7142857108845858,0.14285714217675474,1.0,SPOTIFY_otc,1786355760,1m,UP,1
0.5250000000000057,0.33596833964410894,0.02098712869903743,0.49999999999999994,-0.8660254037844387,50.0,0.1,0.08281099087164422,0.10381549921991282,0.4761904750566442,0.4120000000000232,61.000000000001364,193.00000000000068,0.0,0.18918918901873738,0.32312529110291266,-0.02380952375281191,0.4761904750566442,0.0,NIKE_otc,1786356000,1m,DOWN,1
0.10319142857142895,0.09090611229201111,-0.013174619596804335,0.49999999999999994,-0.8660254037844387,50.0,0.1,-0.12522535418609448,-0.13838347581884605,0.13117092998030866,0.04102599999999938,2879.299999999958,4208.399999999983,2.0,0.03696363535526252,0.6036349412013328,0.1869114411974509,0.13117092998030866,1.0,GBPCAD_otc,1786356120,1m,UP,0
0.45285714285714296,0.20218721603792095,-1.237556103641679,0.49999999999999994,-0.8660254037844387,50.0,0.1,1.0347114295664464,-0.2156498085269101,0.6249999992187495,0.2719999999999999,25900.000000000015,5699.9999999999845,0.0,0.9491525407641493,4.043865661134758,-0.07499999990625056,0.6249999992187495,0.0,ETHEREUM_otc,1786357200,1m,DOWN,0
0.4142857142857146,0.2138912119506269,-4.383828528331881,0.49999999999999994,-0.8660254037844387,50.0,0.1,1.3424908755923695,-3.1001901507339826,0.19999999920000283,0.16999999999999993,35299.99999999999,5800.0,3.0,0.6363636353994515,6.976744185309013,-0.31999999872000023,0.19999999920000283,0.0,FORD_otc,1786357380,1m,DOWN,1
0.44357142857143117,0.2630213294593083,0.03269760204762153,0.49999999999999994,-0.8660254037844387,50.0,0.1,-0.03121653412279786,0.0014708608667231412,0.14999999962499289,0.20999999999999092,80.00000000000114,194.99999999999886,6.0,0.7558139526095463,0.25052435329687384,0.6249999984374467,0.14999999962499289,1.0,NIKE_otc,1786357560,1m,UP,1
0.5235714285714315,0.4004887125277701,0.012615513353071662,0.49999999999999994,-0.8660254037844387,50.0,0.1,-0.024954670229563193,-0.012342305036246552,0.05084745754088753,0.23800000000001093,115.99999999999682,199.0000000000009,2.0,0.887499998890721,0.1549997093752358,0.5254237279230825,0.05084745754088753,1.0,IBM_otc,1786357620,1m,UP,0
0.4678571428571315,0.2467636678241501,-0.011968777293182742,0.49999999999999994,-0.8660254037844387,50.0,0.1,-0.06283041835583297,-0.07479167561617033,0.5937499990722185,0.11799999999998363,133.9999999999975,25.99999999999909,2.0,0.5897435889875027,0.1684010535857094,0.09374999985351286,0.5937499990722185,1.0,PAYPAL_otc,1786357620,1m,UP,0
0.08144857142857173,0.05972349088601903,0.06977105955430465,0.49999999999999994,-0.8660254037844387,50.0,0.1,-0.07145926005375312,-0.0017380583823376416,0.5338297834480457,0.04394400000000189,1336.7000000000216,3137.1999999999643,1.0,0.7140125385191323,0.3621999951140785,0.2320567359428462,0.5338297834480457,1.0,GBPCAD_otc,1786357860,1m,UP,0
0.09561785714285673,0.09733871614610906,0.012751352015690363,0.49999999999999994,-0.8660254037844387,50.0,0.1,-0.09589251656643766,-0.08315339214309138,0.5113452105131333,0.0332499999999996,4446.700000000021,2316.0000000000023,6.0,0.30259215708136133,0.3747090355236658,0.15672609146312116,0.5113452105131333,1.0,AUDJPY_otc,1786358160,1m,UP,1
0.09291214285714286,0.10609327386642606,-0.15242032591261137,0.49999999999999994,-0.8660254037844387,50.0,0.1,0.07430898894539283,-0.07822459897035149,0.08806247032577923,0.06126199999999926,4932.100000000048,1997.4999999999454,2.0,0.9962678497227301,0.7248421934650444,-0.6100974129418866,0.08806247032577923,0.0,AUDUSD_otc,1786358220,1m,DOWN,1
0.10048571428571508,0.08539783544548193,0.02837433381880551,0.49999999999999994,-0.8660254037844387,50.0,0.1,0.284304779164927,0.3127597825708356,0.7508748361933358,0.07809399999999869,1642.8999999999405,3425.900000000013,10.0,0.8441391623438163,0.6384794171231916,-0.0356637626709561,0.7508748361933358,0.0,CADJPY_otc,1786358400,1m,DOWN,0
0.50642857142859,0.608433405327776,-0.012908095414419632,0.258819045102521,-0.9659258262890682,50.0,0.1,-0.11821086612902798,-0.13110370277205746,0.22916666618925582,0.35400000000000775,162.99999999999955,68.99999999999977,6.0,0.9707602333504256,0.3481553872458054,0.33333333263880993,0.22916666618925582,1.0,META_otc,1786360260,1m,UP,1
0.10614785714285802,0.08353523625306454,0.07933494010944037,0.258819045102521,-0.9659258262890682,50.0,0.1,-0.23606278000138808,-0.15691512015708248,0.7225039457872403,0.06246000000000009,2168.299999999945,2184.5000000000423,3.0,0.31978731363545415,0.7426470048805829,0.198728072995582,0.7225039457872403,1.0,GBPNZD_otc,1786360380,1m,UP,1
0.4335714285714286,0.4029642909532358,0.03043200109609531,0.258819045102521,-0.9659258262890682,50.0,0.1,1.2355047742438288,1.2663127641663643,0.8695652155009405,0.3079999999999984,11700.000000000016,16899.999999999978,10.0,0.7457627112324068,2.358113509145521,-0.021739130387519262,0.8695652155009405,0.0,NVIDIA_otc,1786360800,1m,DOWN,1
0.5400000000000043,0.7350401798252401,-0.060220838528322454,0.258819045102521,-0.9659258262890682,50.0,0.1,0.1166412146237451,0.05635013377790663,0.3661971825828987,0.48599999999999,126.99999999999818,165.0000000000034,2.0,0.9897959178623295,0.4596515091098801,-0.4366197176949176,0.3661971825828987,0.0,COKE_otc,1786360920,1m,DOWN,0
0.4250000000000073,0.4814949247570995,0.031528758784869666,0.258819045102521,-0.9659258262890682,50.0,0.1,-0.08819752037767135,-0.0566965691762558,0.8115942017223332,0.24999999999998862,123.00000000000182,130.00000000000114,4.0,0.9534883713538839,0.2622644194598975,0.08695652161311007,0.8115942017223332,1.0,META_otc,1786361940,1m,UP,1
0.08710357142857258,0.09991062031591448,0.03704538053551195,0.258819045102521,-0.9659258262890682,50.0,0.1,0.0676644484242559,0.10473489551217387,0.4542930630126404,0.025142000000001018,2156.599999999997,6212.20000000001,0.0,0.4803410685141167,0.4658337121402907,-0.3009886220139206,0.4542930630126404,0.0,EURGBP_otc,1786362000,1m,DOWN,0
0.08824499999999968,0.06545989378306617,-0.20428019541192613,0.258819045102521,-0.9659258262890682,50.0,0.1,-0.7364910193835145,-0.9392667095018526,0.4665608953712501,0.050905999999999806,6423.500000000004,597.499999999993,15.0,0.452601372678246,1.5492569084520786,0.2551257001761928,0.4665608953712501,1.0,CHFJPY_otc,1786362300,1m,UP,1
0.5742857142857157,0.5059861440246989,0.0028827520772861603,0.258819045102521,-0.9659258262890682,50.0,0.1,-0.09268908503929102,-0.08980900495852925,0.7012987003878931,0.2999999999999886,137.00000000000045,111.00000000000136,2.0,0.8365384607340854,0.2915778849380691,0.07792207782088521,0.7012987003878931,1.0,SUI_otc,1786362720,1m,UP,0
0.5107142857143084,0.32166548083348223,-0.034903321870228286,0.258819045102521,-0.9659258262890682,50.0,0.1,0.08754152348768662,0.05260764671774534,0.5268817198636062,0.29799999999997906,194.00000000000546,147.00000000000273,8.0,0.6982758614670052,0.21434246752488742,-0.05376344080248114,0.5268817198636062,0.0,VISA_otc,1786362780,1m,DOWN,1
0.08795999999999841,0.08530961871142426,-0.13713809940798455,1.2246467991473532e-16,-1.0,50.0,0.1,-0.22942270684261556,-0.3662461803108258,0.3602398942067069,0.0790140000000008,8068.30000000005,1051.4999999999475,1.0,0.994103537898095,0.7229270374620271,0.4612132488327767,0.3602398942067069,1.0,GBPCAD_otc,1786363260,1m,UP,0
0.44214285714285684,0.37742403354623916,-0.8553699295792292,1.2246467991473532e-16,-1.0,50.0,0.1,-3.7031256522870266,-4.526820158582058,0.5957446795835197,0.24400000000000013,22900.000000000007,4900.000000000002,8.0,0.8617886171855376,8.971553609848891,0.25531914839293596,0.5957446795835197,1.0,ETHEREUM_otc,1786363680,1m,UP,1
0.4449999999999998,0.19707336727279284,1.0728642835452127,1.2246467991473532e-16,-1.0,50.0,0.1,-2.6962594081807563,-1.6523223288176427,0.6785714273596947,0.2900000000000006,8700.00000000001,24799.999999999985,8.0,0.6666666659498202,7.762938229735979,0.10714285695152824,0.6785714273596947,1.0,FORD_otc,1786363680,1m,UP,0
0.4914285714285792,0.2955428981183194,-0.054988567195623866,1.2246467991473532e-16,-1.0,50.0,0.1,0.054320468476329604,-0.0006979687666033469,0.5972222213926548,0.4000000000000455,321.00000000000364,88.99999999999864,2.0,0.8585858577186153,0.1835815083350035,-0.13888888869601398,0.5972222213926548,0.0,VISA_otc,1786364220,1m,DOWN,1
0.5328571428571455,0.4218959043170974,-0.013955293112317087,1.2246467991473532e-16,-1.0,50.0,0.1,-0.05662927965793093,-0.07057666998828435,0.199999999733303,0.32800000000002,351.9999999999982,56.00000000000591,4.0,0.9999999992957745,0.26373463095676897,0.5599999992534304,0.199999999733303,1.0,VISA_otc,1786364640,1m,UP,1
0.5092857142857135,0.34546989819760326,-0.12129379928427235,1.2246467991473532e-16,-1.0,50.0,0.1,0.4905339191685087,0.3686451326568988,0.4482758615537079,0.40600000000000025,13999.999999999985,10600.000000000022,10.0,0.4639999996287986,2.8689465227709676,-0.42528735583300137,0.4482758615537079,0.0,SHIBA_otc,1786365600,1m,DOWN,1
0.47499999999999837,0.27941461618292757,-0.06846814950128509,1.2246467991473532e-16,-1.0,50.0,0.1,0.004069092534481889,-0.06440184299916304,0.3965517234542634,0.2900000000000091,281.9999999999993,72.00000000000273,0.0,0.4673913038397914,0.19598236158704305,-0.3448275856123561,0.3965517234542634,0.0,STARBUCKS_otc,1786365900,1m,DOWN,0
0.3992857142857003,0.346645621464705,0.011236126071853175,1.2246467991473532e-16,-1.0,50.0,0.1,0.10291693256179299,0.1141646225099381,0.14705882309678744,0.28600000000000136,100.0,133.9999999999975,18.0,0.9383561637408292,0.284644778912332,-0.35294117543262427,0.14705882309678744,0.0,DISNEY_otc,1786366380,1m,DOWN,1
0.08766071428571516,0.07883863594005018,-0.1064800710587668,-0.2588190451025208,-0.9659258262890683,50.0,0.1,0.15284688163556157,0.0462040591086181,0.6218867857478113,0.048882000000000404,4331.900000000032,2113.6999999999516,1.0,0.6833692286397697,0.4774029194458376,-0.1256064676484775,0.6218867857478113,0.0,AUDUSD_otc,1786367460,1m,DOWN,1
0.46428571428571835,0.29612515911935877,-0.052834517638235864,-0.2588190451025208,-0.9659258262890683,50.0,0.1,-0.10703350289540932,-0.15981146989867911,0.6545454533553475,0.15799999999999273,253.99999999999636,18.999999999999773,0.0,0.46590909037961503,0.2558660192473576,0.09090909074382984,0.6545454533553475,1.0,NIKE_otc,1786367700,1m,UP,1
0.0932942857142857,0.11793600027152089,-0.18532811008127514,-0.2588190451025208,-0.9659258262890683,50.0,0.1,0.011508813611387668,-0.17384062553664625,0.08866221931916907,0.030713999999998975,7636.8000000000075,1181.1999999999755,1.0,0.5031118678768258,0.2103019142937044,-0.13626258485341672,0.08866221931916907,0.0,AUDJPY_otc,1786367760,1m,DOWN,1
0.38285714285714384,0.44688420739220325,0.07553933236153935,-0.2588190451025208,-0.9659258262890683,50.0,0.1,-0.05709823173587965,0.018397969002616168,0.7199999985600273,0.17799999999999727,93.99999999999409,421.00000000000364,4.0,0.9999999989690722,0.18445272685749273,0.1999999996000455,0.7199999985600273,1.0,BITCOIN_otc,1786368240,1m,UP,0
0.09243642857142806,0.0948540678615874,0.07992685690961221,-0.2588190451025208,-0.9659258262890683,50.0,0.1,-0.07373322167194972,0.006134702591081899,0.1561444943256859,0.04055999999999997,4287.700000000001,3943.3000000000006,0.0,0.0934982846051561,0.8306583255887832,0.2533760929544958,0.1561444943256859,1.0,EURCHF_otc,1786369200,1m,UP,1
0.09445500000000047,0.05855361246193313,0.04233221668786133,-0.2588190451025208,-0.9659258262890683,50.0,0.1,-0.26940361846932565,-0.22718544630499973,0.7547855378963991,0.05130000000000194,3155.399999999986,2002.7000000000328,13.0,0.9071337108485585,0.9304460954416293,0.18285640008527715,0.7547855378963991,1.0,AUDUSD_otc,1786369380,1m,UP,1
0.5014285714285701,0.4772546260208037,0.0692766573277906,-0.2588190451025208,-0.9659258262890683,50.0,0.1,-0.09272093026021368,-0.023508506893550572,0.3617021268900083,0.1759999999999991,165.0000000000034,369.99999999999886,5.0,0.502890173119714,0.4021572365047182,0.17021276559524823,0.3617021268900083,1.0,COKE_otc,1786369500,1m,UP,1
0.43142857142856883,0.42313586000715925,0.0692532477039684,-0.2588190451025208,-0.9659258262890683,50.0,0.1,-0.10578133700166358,-0.03660134630903349,0.39999999839986355,0.1980000000000018,134.9999999999966,163.99999999999864,5.0,0.8053691269762805,0.4315213298953451,0.5599999977599454,0.39999999839986355,1.0,NIKE_otc,1786369500,1m,UP,0
0.4978571428571489,0.310073546851985,0.007348948482939666,-0.2588190451025208,-0.9659258262890683,50.0,0.1,0.015154711887710434,0.022504774082619465,0.2166666663055603,0.15200000000000954,138.99999999999864,177.99999999999727,3.0,0.5903614450718759,0.17694587161792796,-0.2999999995000284,0.2166666663055603,0.0,PAYPAL_otc,1786369980,1m,DOWN,0
0.4807142857142789,0.6032881514771052,0.06795874851483352,-0.2588190451025208,-0.9659258262890683,50.0,0.1,-0.02669306751608031,0.041247540724129075,0.3488372084910639,0.29200000000000725,101.99999999999818,236.00000000000136,0.0,0.1869158876757269,0.20314784226574487,0.11627906949693319,0.3488372084910639,1.0,BITCOIN_otc,1786370100,1m,UP,0
0.10085071428571395,0.080870539713382,0.05973035837584452,-0.4999999999999997,-0.8660254037844388,50.0,0.1,0.3608903499749435,0.42083626945017183,0.9021212255169493,0.06309600000000018,419.10000000001446,6697.099999999984,2.0,0.4943605220061736,0.9444645941197611,-0.09202492546091642,0.9021212255169493,0.0,EURCHF_otc,1786370520,1m,DOWN,0
0.49714285714285567,0.4264915648998877,-0.025874771067386924,-0.4999999999999997,-0.8660254037844388,50.0,0.1,-0.02757055830826053,-0.053438195556803195,0.1076923075266205,0.2259999999999877,320.99999999999795,114.00000000000432,4.0,0.4999999994680549,0.22309244096303948,0.5846153837159899,0.1076923075266205,1.0,NETFLIX_otc,1786370640,1m,UP,0
0.08611142857142896,0.06926367965436735,-0.04155403008228105,-0.4999999999999997,-0.8660254037844388,50.0,0.1,0.3979089468478664,0.35618956956211206,0.5192267098824096,0.05418599999999998,3382.2999999999934,2766.8999999999855,10.0,0.5492080416924306,1.1515606730885675,-0.12485061423654421,0.5192267098824096,0.0,NZDJPY_otc,1786371600,1m,DOWN,1
0.4571428571428572,0.4232948988935708,0.48832982414428044,-0.4999999999999997,-0.8660254037844388,50.0,0.1,-6.455609943966567,-5.998804788509099,0.017857142825254708,0.2779999999999999,15200.000000000004,41500.0,18.0,0.8677685943241594,16.50750340838914,0.3571428565051021,0.017857142825254708,1.0,SPACEX_otc,1786371780,1m,UP,1
0.5071428571428547,0.3056437989918175,-0.006496747577027023,-0.4999999999999997,-0.8660254037844388,50.0,0.1,-0.11640731586332628,-0.12289650075088046,0.8124999987304576,0.3319999999999709,175.9999999999991,127.00000000000387,15.0,0.6880733938641685,0.258446947243009,0.1718749997314703,0.8124999987304576,1.0,NETFLIX_otc,1786372200,1m,UP,0
0.09346142857142883,0.07098975406955155,-0.07185416783862217,-0.4999999999999997,-0.8660254037844388,50.0,0.1,0.13770201885980882,0.06574890638143796,0.8471882588802349,0.06740799999999894,3765.900000000002,2236.8999999999774,6.0,0.8278712202840519,0.42672790676661815,-0.11173594063733547,0.8471882588802349,0.0,EURCAD_otc,1786372560,1m,DOWN,0
0.44499999999999723,0.32123816144188017,-0.013002989476232178,-0.4999999999999997,-0.8660254037844388,50.0,0.1,0.10126859685956771,0.08825243943834316,0.49999999919354843,0.3379999999999882,118.00000000000068,181.99999999999932,0.0,0.2894736839566269,0.2575689109799972,-0.032258064464162,0.49999999919354843,0.0,LINK_otc,1786373100,1m,DOWN,1
0.10409428571428592,0.11783463299080588,-0.1856697046174814,-0.4999999999999997,-0.8660254037844388,50.0,0.1,0.4864624252126979,0.299889507247249,0.6685298996364539,0.0922780000000003,8917.299999999954,4873.20000000004,10.0,0.9984377775541281,1.068797528162618,-0.2677473427473687,0.6685298996364539,0.0,AUDUSD_otc,1786373400,1m,DOWN,1
0.41142857142857076,0.5948423007677983,-0.013423791473297949,-0.7071067811865471,-0.7071067811865479,50.0,0.1,-0.009775753240279097,-0.023198232436847127,0.2727272724173671,0.11600000000000818,148.00000000000182,398.0000000000018,0.0,0.8472222210455116,0.13870694305283196,-0.42045454497676354,0.2727272724173671,0.0,DISNEY_otc,1786374000,1m,DOWN,1
0.300714285714268,0.29476103170112006,-0.0575913941767368,-0.7071067811865471,-0.7071067811865479,50.0,0.1,0.038770680875844336,-0.01884304187654068,0.0666666662221717,0.1779999999999859,280.00000000000114,66.99999999999591,0.0,0.029411764662605172,0.15418452259447388,-0.0666666662221717,0.0666666662221717,0.0,AMZN_otc,1786374300,1m,DOWN,0
0.10535285714285639,0.10240254115197323,0.030735910515329166,-0.7071067811865471,-0.7071067811865479,50.0,0.1,-0.31738730826495254,-0.2867489496286787,0.6674728985601083,0.07824599999999862,3742.2000000000107,6272.400000000004,11.0,0.7918110430952344,0.5881058798404989,0.17880497993907493,0.6674728985601083,1.0,EURNZD_otc,1786374360,1m,UP,1
0.45428571428571446,0.4138694384561833,-4.729866380185867,-0.7071067811865471,-0.7071067811865479,50.0,0.1,0.33744851395777414,-4.408378730040218,0.23076923017751408,0.14999999999999963,40000.0,6900.000000000004,2.0,0.55952380885771,9.905660376190378,-0.3846153836291916,0.23076923017751408,0.0,FORD_otc,1786374720,1m,DOWN,1
1.9821428571428572,0.4829016008290098,0.9601817422549109,-0.7071067811865471,-0.7071067811865479,50.0,0.1,0.15681991372244286,1.1185074121571366,0.46341463301602803,0.5939999999999941,98.00000000000182,2418.9999999999995,0.0,0.2882882880285594,0.22444646648423194,0.3170731699583277,0.46341463301602803,1.0,PAYPAL_otc,1786376400,1m,UP,1
0.7199999999999999,0.3495750952990861,-5.790288992672091,-0.7071067811865471,-0.7071067811865479,50.0,0.1,3.953164958588234,-2.0660237095431615,0.5963302746822662,0.5660000000000002,29100.0,11600.0,0.0,0.6944444438014402,13.636363634641874,-0.09174311918188673,0.5963302746822662,0.0,SPACEX_otc,1786376400,1m,DOWN,1
0.47428571428571425,0.23856830293320064,-36.25281860999374,-0.7071067811865471,-0.7071067811865479,50.0,0.1,-17.49897200213903,-47.407920033583714,0.7285714275306118,0.4239999999999998,90799.99999999999,1800.0000000000016,0.0,0.9999999984848486,44.897959153130635,0.21428571397959198,0.7285714275306118,1.0,FORD_otc,1786376700,1m,UP,1
0.7378571428571458,0.3602715698732482,-0.07217799786589203,-0.7071067811865471,-0.7071067811865479,50.0,0.1,0.08360281756106246,0.011364476855295383,0.82089552116284,0.6740000000000123,456.0000000000002,104.00000000000205,0.0,0.5688073389277168,0.26613277339583313,-0.10447761178434911,0.82089552116284,0.0,PETROLEO_otc,1786377000,1m,DOWN,1
0.4742857142857133,0.4980334957731425,0.039160228268055146,-0.7071067811865471,-0.7071067811865479,50.0,0.1,0.11831026669808667,0.15751682553664534,0.7425742566905271,0.4400000000000318,25.99999999999909,288.99999999999864,12.0,0.6226415091990162,0.5000471742607964,-0.16831683151659152,0.7425742566905271,0.0,BITCOIN_otc,1786377420,1m,DOWN,1
0.8042857142857157,0.4997719260044493,0.40236680815110637,-0.7071067811865471,-0.7071067811865479,50.0,0.1,0.9502626647539317,1.35645301445826,0.892857141794214,0.8120000000000005,1499.9999999999857,42900.00000000006,2.0,0.993421051978009,2.666666666619889,-0.05952380945294422,0.892857141794214,0.0,NVIDIA_otc,1786377420,1m,DOWN,1
0.8200000000000094,0.43434680026042005,0.12577639340838204,-0.8660254037844385,-0.5000000000000004,50.0,0.1,-0.09307438889906064,0.03258493889977727,0.7959183665347926,0.61400000000001,151.00000000000477,2178.9999999999964,2.0,0.8059701486522725,0.2712770264793342,0.19387755082256802,0.7959183665347926,1.0,PAYPAL_otc,1786377720,1m,UP,1
0.7642857142857135,0.4665285641217222,0.015831132674722713,-0.8660254037844385,-0.5000000000000004,50.0,0.1,0.11117288681470444,0.12702161941663712,0.9136690640908814,0.7119999999999891,31.000000000000227,670.999999999998,0.0,0.9927007292024148,0.3201532996814365,-0.06474820139229101,0.9136690640908814,0.0,NETFLIX_otc,1786378500,1m,DOWN,1
0.8892857142857142,0.47287349329358236,0.06825198106302527,-0.8660254037844385,-0.5000000000000004,50.0,0.1,8.285367235592483,8.359274143932147,0.9552238798841615,0.9739999999999999,2400.000000000002,27300.000000000004,2.0,0.999999999145299,15.415019760814886,-0.007462686561594851,0.9552238798841615,0.0,SOLANA_otc,1786380120,1m,DOWN,1
0.27517500000000183,0.14435812876437443,-0.011563473798856572,-0.8660254037844385,-0.5000000000000004,50.0,0.1,0.3365255533601592,0.32492316551711337,0.7445615209659119,0.2906540000000035,8329.099999999982,3535.800000000009,0.0,0.9999999970568325,0.908281893763655,-0.08036321239107012,0.7445615209659119,0.0,GBPNZD_otc,1786380300,1m,DOWN,1
0.5471428571428467,8.57143146520308,0.09389127511242763,-0.8660254037844385,-0.5000000000000004,50.0,0.1,-1.7834692370343044,-1.691252483929766,0.8387096765175421,0.45400000000000773,1759.0000000000032,13.999999999998636,16.0,0.054220579171030854,3.2360975415164908,0.10752688160483347,0.8387096765175421,1.0,DISNEY_otc,1786380360,1m,UP,0
0.6535714285714285,0.3567258004455357,0.05640574802006184,-0.8660254037844385,-0.5000000000000004,50.0,0.1,0.7880942773333658,0.8449445558256607,0.7961165040814396,0.4780000000000001,3700.0000000000455,13599.999999999995,2.0,0.9629629620713313,1.8984004218333879,-0.1553398056744308,0.7961165040814396,0.0,NVIDIA_otc,1786380420,1m,DOWN,1
0.6771428571428625,0.34489049074311273,-0.01225903080731026,-0.8660254037844385,-0.5000000000000004,50.0,0.1,-0.08658339685223601,-0.09883181337425213,0.9473684198061415,0.4740000000000123,124.00000000000091,41.99999999999591,2.0,0.5517241372968869,0.19738633269762018,0.013157894719517277,0.9473684198061415,1.0,STARBUCKS_otc,1786380720,1m,UP,1
0.7585714285714289,0.3908711037920237,-0.006325791307369566,-0.8660254037844385,-0.5000000000000004,50.0,0.1,-0.11020529292119238,-0.1165241128717221,0.8910891080286101,0.7360000000000013,142.999999999995,15.00000000000341,0.0,0.7480314954739926,0.2594219180875064,0.0495049504460464,0.8910891080286101,1.0,SPOTIFY_otc,1786380900,1m,UP,1
0.5578571428571512,0.2890492183089667,0.00863244116478742,-0.8660254037844385,-0.5000000000000004,50.0,0.1,0.10374975148461772,0.11239114878566067,0.8999999987142939,0.26000000000001366,25.99999999999909,139.99999999999773,12.0,0.980952380018158,0.23766948097458854,-0.05714285706125465,0.8999999987142939,0.0,STARBUCKS_otc,1786381020,1m,DOWN,1
0.8607142857142905,0.41476592120680644,0.05028991374366776,-0.9659258262890683,-0.25881904510252063,50.0,0.1,-0.0724586043574019,-0.022205129983365334,0.6321839073193386,0.7120000000000004,119.99999999999886,3220.9999999999977,0.0,0.5774647883257177,0.2985953402298406,0.31034482722946616,0.6321839073193386,1.0,LINK_otc,1786381500,1m,UP,1
0.7885714285714259,0.4842854708192438,-0.007106990246939371,-0.9659258262890683,-0.25881904510252063,50.0,0.1,0.04773650075902571,0.04062611788363317,0.6020408157122246,0.4519999999999982,125.99999999999909,103.00000000000296,2.0,0.5426356584940635,0.3149260290017263,-0.26530612217824484,0.6020408157122246,0.0,PETROLEO_otc,1786381620,1m,DOWN,1
0.18192642857142868,0.14023013288061484,-0.022721112283037415,-0.9659258262890683,-0.25881904510252063,50.0,0.1,0.3835318941467671,0.3607236391514193,0.6142948007912689,0.13196800000000053,4892.000000000038,4081.5999999999517,3.0,0.36427051807185357,1.0714201471547031,-0.07338427135650517,0.6142948007912689,0.0,CADJPY_otc,1786382280,1m,DOWN,1
0.7007142857142777,2.5872255919742835,0.005619061377764292,-0.9659258262890683,-0.25881904510252063,50.0,0.1,0.1606356855148682,0.1662637731103962,0.8878504664599478,0.5620000000000118,127.99999999999727,671.0000000000036,10.0,0.6287878783115155,0.309263858300197,0.08411214945413108,0.8878504664599478,1.0,NETFLIX_otc,1786382400,1m,UP,1
0.8399999999999953,0.4700035071767722,-0.012176548214642207,-0.9659258262890683,-0.25881904510252063,50.0,0.1,-0.10854495727170557,-0.12070828845729101,0.7577639746845938,0.78599999999999,132.9999999999984,37.999999999999545,0.0,0.9999999992805755,0.315586332159571,0.10559006204622634,0.7577639746845938,1.0,STARBUCKS_otc,1786382400,1m,UP,1
0.09902500000000052,0.09725062361499821,-0.018890720634684936,-0.9659258262890683,-0.25881904510252063,50.0,0.1,-0.16868085868303626,-0.1875397142879432,0.681313302959789,0.0344159999999988,4718.900000000019,2444.699999999997,6.0,0.6036612150619227,0.4187630764010643,0.1796716718150774,0.681313302959789,1.0,AUDJPY_otc,1786383060,1m,UP,1
0.15081499999999945,1.2374480388137965,0.8927080890732294,-0.9659258262890683,-0.25881904510252063,50.0,0.1,2.9638980468511535,3.8830650935405067,0.08711229309948644,0.131546000000003,2647.399999999962,25992.900000000034,1.0,0.998811540020293,7.177404658430057,-0.0016378339477542095,0.08711229309948644,0.0,GBPCAD_otc,1786383360,1m,DOWN,0
0.7892857142857151,0.6709285021201198,-0.5498497635489149,-0.9659258262890683,-0.25881904510252063,50.0,0.1,-0.7724863486016675,-1.3180885977893484,0.9921259834707684,0.5460000000000036,16000.000000000013,12599.99999999998,2.0,0.722222221649034,3.046421663369279,0.007874015741829898,0.9921259834707684,1.0,SHIBA_otc,1786383720,1m,UP,1
0.5514285714285815,10.42667640089887,-0.4862046227989078,-0.9659258262890683,-0.25881904510252063,50.0,0.1,-1.0256491203745843,-1.5068669897365348,0.9038461529771056,0.4480000000000473,2339.000000000004,13.999999999998636,2.0,0.04534937528712023,4.625032103405908,0.03846153842452047,0.9038461529771056,1.0,META_otc,1786384020,1m,UP,1
0.5814285714285745,9.18073293059141,-0.05067063930694852,-0.9659258262890683,-0.25881904510252063,50.0,0.1,-1.7441768285084698,-1.7939636822657694,0.8906249986084068,0.44399999999999407,2056.0,33.9999999999975,8.0,0.033115905668184085,4.861449897539124,0.07812499987794912,0.8906249986084068,1.0,COKE_otc,1786384380,1m,UP,1
0.8092857142857132,8.043902338749255,-0.28698806313865316,-1.0,-1.8369701987210297e-16,50.0,0.1,1.1063505249820667,0.816187367900243,0.9557522115436221,0.8659999999999968,21.999999999997044,3128.0000000000027,6.0,0.5272727267933903,0.2307240540308874,-0.03539823005713765,0.9557522115436221,0.0,LINK_otc,1786385160,1m,DOWN,1
0.33214285714285147,14.804651945608663,-0.19338789064932926,-1.0,-1.8369701987210297e-16,50.0,0.1,-4.360122396338332,-4.545078338255655,0.5192307682322317,0.1980000000000018,3026.999999999998,25.99999999999909,6.0,0.9962686566826228,7.15551348331961,0.23076923032546062,0.5192307682322317,1.0,AMZN_otc,1786385460,1m,UP,1
0.8035714285714245,0.4054172996501694,0.020874307351913167,-1.0,-1.8369701987210297e-16,50.0,0.1,-0.09674008387464952,-0.07588597034517684,0.8124999992745218,0.6259999999999991,120.99999999999795,736.0000000000014,2.0,0.7280701747999467,0.2670414617000171,0.06249999994424083,0.8124999992745218,1.0,NETFLIX_otc,1786385520,1m,UP,1
0.6357142857142855,0.3225967782216744,-0.4272586766981635,-1.0,-1.8369701987210297e-16,50.0,0.1,4.112264153874913,3.6674354717705713,0.6884057966026046,0.5520000000000003,4100.000000000001,34200.0,6.0,0.6804123704325649,12.86472148370494,-0.15217391293320728,0.6884057966026046,0.0,SOLANA_otc,1786385760,1m,DOWN,1
0.5321428571428604,6.824936178905044,-0.28531616281134903,-1.0,-1.8369701987210297e-16,50.0,0.1,-0.1323497327761515,-0.41728828040845256,0.11842105247573029,0.3619999999999891,2565.000000000003,393.9999999999998,1.0,0.8141592913148796,0.26874687849248813,-0.2631578943906447,0.11842105247573029,0.0,APPLE_otc,1786386360,1m,DOWN,1
0.5657142857142828,6.921199159262142,0.07063775741145682,-1.0,-1.8369701987210297e-16,50.0,0.1,-0.9208918688774036,-0.8509046088303062,0.545454544462716,0.33599999999997865,2623.999999999995,267.0000000000016,0.0,0.01779628928368704,6.29483970919724,0.30909090852894816,0.545454544462716,1.0,APPLE_otc,1786386600,1m,UP,0
0.7350000000000095,0.3996268869785871,-0.024959129787280588,-1.0,-1.8369701987210297e-16,50.0,0.1,-0.08427812984290509,-0.10921622454237588,0.9417475719012154,0.7680000000000178,831.9999999999993,51.99999999999818,2.0,0.7472527464315774,0.18456171662641047,0.009708737854642602,0.9417475719012154,1.0,MASTERCARD_otc,1786386720,1m,UP,1
0.730714285714283,8.305431593603544,-0.2609991912262031,-1.0,-1.8369701987210297e-16,50.0,0.1,-0.6462388824446597,-0.9055513954142929,0.7204301067522375,0.5040000000000191,2087.9999999999995,118.00000000000068,4.0,0.6055045866004392,0.265200360087911,-0.2795698921724937,0.7204301067522375,0.0,COKE_otc,1786386840,1m,DOWN,1
0.6764285714285714,0.3410496080706391,0.4842329184654562,-1.0,-1.8369701987210297e-16,50.0,0.1,-4.409610000670345,-3.94672986540408,0.7395833325629341,0.7259999999999996,9400.000000000004,29699.999999999996,2.0,0.9907407398233875,16.023738870026154,0.14583333318142327,0.7395833325629341,1.0,SOLANA_otc,1786387020,1m,UP,1
0.6950000000000003,0.3953326600471548,0.0050561877707922965,-1.0,-1.8369701987210297e-16,50.0,0.1,1.191371983227226,1.196488409002539,0.9823008840864565,0.8720000000000013,3700.0000000000455,25899.999999999964,2.0,0.999999999099099,2.608082706705636,-0.008849557514296934,0.9823008840864565,0.0,SHIBA_otc,1786387620,1m,DOWN,1
0.8507142857142859,0.46918446898246197,1.1402803905035024,-1.0,-1.8369701987210297e-16,50.0,0.1,6.644757899814946,7.86080716164647,0.6982758614670044,0.708,3299.999999999992,25300.0,2.0,0.8976377945687891,15.835411469347202,-0.13793103436385198,0.6982758614670044,0.0,SOLANA_otc,1786387920,1m,DOWN,1
0.8135714285714286,0.4141275749716915,0.23191524084744133,-1.0,-1.8369701987210297e-16,50.0,0.1,-4.938461647542753,-4.717999451919369,0.9404761893565762,0.758,12699.999999999995,15899.999999999998,0.0,0.6335877857758874,19.040697671651056,0.04761904756235833,0.9404761893565762,1.0,SOLANA_otc,1786388100,1m,UP,1
0.8699999999999964,0.4778575122895968,0.012502149282493116,-0.9659258262890684,0.2588190451025203,50.0,0.1,0.1307861183617108,0.14330461871996228,0.8834951447733533,0.7440000000000054,18.000000000000682,1774.000000000001,0.0,0.7692307686390801,0.3413506984551363,-0.08737864069184342,0.8834951447733533,0.0,SUI_otc,1786388400,1m,DOWN,1
0.6592857142857237,0.35250750080716703,-0.007243675337148708,-0.9659258262890684,0.2588190451025203,50.0,0.1,-0.11085838801662341,-0.1180940331320602,0.971428570040763,0.4440000000000168,382.9999999999984,43.99999999999977,8.0,0.844444443506194,0.22026970801973408,0.028571428530665608,0.971428570040763,1.0,PETROLEO_otc,1786388880,1m,UP,1
0.8021428571428574,0.40259597178250234,0.1312896142220133,-0.9659258262890684,0.2588190451025203,50.0,0.1,0.7918248432963392,0.9241540413004302,0.7951807219335165,0.7100000000000009,3299.9999999999827,25700.0,6.0,0.6206896546373373,2.719812426665413,-0.1445783130788173,0.7951807219335165,0.0,SHIBA_otc,1786389060,1m,DOWN,1
0.5907142857142966,8.053969501140116,-0.022219089582554717,-0.9659258262890684,0.2588190451025203,50.0,0.1,-1.3329449870372454,-1.3548679083790438,0.9344262279764055,0.2800000000000068,1697.9999999999961,8.000000000004093,2.0,0.9740900677992567,3.2312721763679915,0.016393442596062575,0.9344262279764055,1.0,DISNEY_otc,1786389120,1m,UP,1
0.6592857142857115,1.2011450582623318,-0.02754283037136688,-0.9659258262890684,0.2588190451025203,50.0,0.1,-0.0909919360629801,-0.11850970467974552,0.8941176460068858,0.48599999999999,721.999999999997,37.999999999999545,6.0,0.5350877188288621,0.23128423615291754,0.03529411760557016,0.8941176460068858,1.0,MASTERCARD_otc,1786389360,1m,UP,1
0.7000000000000002,0.3438438183670105,-0.4161025890941454,-0.9659258262890684,0.2588190451025203,50.0,0.1,-4.196526673244704,-4.595167406199452,0.7636363622479341,0.548,12299.999999999995,6299.999999999998,8.0,0.6048387091896461,17.76504297739756,0.23636363593388418,0.7636363622479341,1.0,SPACEX_otc,1786389780,1m,UP,1
0.27154785714285723,0.4582726725168412,0.2375822059943455,-0.9659258262890684,0.2588190451025203,50.0,0.1,0.4021781888483573,0.6407158986557968,0.8901985084050834,0.2630440000000007,563.0000000000024,17961.99999999999,14.0,0.1921112712135839,3.331789948232896,-0.09671215850895398,0.8901985084050834,0.0,EURNZD_otc,1786389840,1m,DOWN,0
0.6978571428571415,2.1398578827226546,0.19715225708761488,-0.9659258262890684,0.2588190451025203,50.0,0.1,0.5893749529779846,0.7876891760881046,0.657407406798692,0.7240000000000009,7199.999999999988,83199.99999999993,6.0,0.5263157890119984,1.3904134650397566,-0.1296296295096029,0.657407406798692,0.0,INTEL_otc,1786389960,1m,DOWN,1
0.7549999999999996,0.39212649343359235,0.009575028094151958,-0.9659258262890684,0.2588190451025203,50.0,0.1,0.08550764954558693,0.09509086502120552,0.9078947356475149,0.5959999999999923,31.000000000000227,125.0,6.0,0.6796874994690122,0.25844488864606946,-0.03947368415855183,0.9078947356475149,0.0,PAYPAL_otc,1786390560,1m,DOWN,1
0.6164285714285752,0.2998167938010802,-0.005338054532540117,-0.9659258262890684,0.2588190451025203,50.0,0.1,-0.08496097925378858,-0.09029449852292475,0.7402597392983918,0.432000000000005,128.00000000000296,47.999999999996135,2.0,0.8289473673303364,0.19947506561627196,0.03896103891040282,0.7402597392983918,1.0,PRATA_otc,1786390620,1m,UP,1
0.7671428571428562,0.38576953204132086,-0.05656438436842333,-0.9659258262890684,0.2588190451025203,50.0,0.1,0.8912763152025667,0.8342077858734275,0.4599999995400008,0.5639999999999986,39699.999999999985,11300.000000000025,8.0,0.9852941169225755,3.3448106246103086,-0.3499999996499943,0.4599999995400008,0.0,GOLD_otc,1786390680,1m,DOWN,1
0.5250000000000016,10.036494314841134,0.2705987369155245,-0.9659258262890684,0.2588190451025203,50.0,0.1,-1.2047914836996654,-0.937452897321498,0.5205479444923808,0.4019999999999982,2743.9999999999995,143.00000000000068,10.0,0.7134502919804296,0.40828020915309243,-0.3835616433101426,0.5205479444923808,0.0,APPLE_otc,1786391400,1m,DOWN,1
0.5907142857142885,5.740958682431387,-0.18345350750211442,-0.8660254037844386,0.5000000000000001,50.0,0.1,-0.6577343213313356,-0.8399811921509225,0.8965517231074411,0.4880000000000223,1656.000000000006,62.000000000000455,2.0,0.0434083601251296,2.478383870577203,0.0919540228827927,0.8965517231074411,1.0,DISNEY_otc,1786392120,1m,UP,1
0.8035714285714367,9.584950084995624,0.11889906253739398,-0.8660254037844386,0.5000000000000001,50.0,0.1,0.20786002739387283,0.3270062335552281,0.8308823523302636,0.5720000000000482,21.999999999997044,3690.000000000003,2.0,0.739495797697948,0.24240695850513816,-0.1397058822502132,0.8308823523302636,0.0,SPOTIFY_otc,1786392120,1m,DOWN,1
0.6957142857142856,0.3539269496868157,-1.3072921551421213,-0.8660254037844386,0.5000000000000001,50.0,0.1,-6.720079122201934,-7.9395202101601665,0.7053571422273596,0.5180000000000001,55699.99999999999,3200.0000000000027,2.0,0.7727272720247934,17.10730948412018,0.09821428562659466,0.7053571422273596,1.0,SOLANA_otc,1786392420,1m,UP,1
0.8685714285714263,0.4419164060418013,0.043411763546862575,-0.8660254037844386,0.5000000000000001,50.0,0.1,0.08617774381694315,0.12962691864218157,0.9318181807592946,0.7659999999999968,28.999999999996362,1650.0,0.0,0.7699115037434482,0.22814916513511557,-0.05681818175362892,0.9318181807592946,0.0,PAYPAL_otc,1786392600,1m,DOWN,1
0.6028571428571425,0.3644535273883252,-0.3723321066705815,-0.8660254037844386,0.5000000000000001,50.0,0.1,-3.3374916021501853,-3.697397156028528,0.8080808072645654,0.6740000000000002,13200.000000000002,5000.0,10.0,0.717171716447302,7.199999999476366,0.12121212108968392,0.8080808072645654,1.0,ETHEREUM_otc,1786392900,1m,UP,1
0.5128571428571149,1.7180836820908485,0.10875710989394927,-0.8660254037844386,0.5000000000000001,50.0,0.1,0.23571308597749888,0.3447265506113992,0.8387096760665619,0.37199999999998,8.000000000004093,653.9999999999964,3.0,0.9080459759678353,0.1625226504265315,-0.09677419339221097,0.8387096760665619,0.0,BITCOIN_otc,1786393680,1m,DOWN,0
0.6935714285714312,0.3496285311253245,-0.06089806641713137,-0.8660254037844386,0.5000000000000001,50.0,0.1,0.07346267748437624,0.012519873717118643,0.5999999993333334,0.5860000000000014,2525.0,104.00000000000205,4.0,0.6216216210616436,0.3402611734401971,-0.17777777758026797,0.5999999993333334,0.0,NIKE_otc,1786393740,1m,DOWN,1
0.6414285714285707,0.3349438200962518,0.04796141309657519,-0.8660254037844386,0.5000000000000001,50.0,0.1,1.0907602251718915,1.1392447822859544,0.9384615370177527,0.5099999999999995,24100.000000000036,12999.99999999997,10.0,0.9347826076795818,2.276100940072342,-0.03076923072189837,0.9384615370177527,0.0,GOLD_otc,1786393800,1m,DOWN,1
0.625,0.31308549553555454,0.009368734399489183,-0.8660254037844386,0.5000000000000001,50.0,0.1,-0.044619357887523546,-0.0352548037571656,0.6575342456746192,0.48200000000001636,92.00000000000159,502.99999999999727,0.0,0.8068181809013885,0.20607934054562663,0.3150684927191013,0.6575342456746192,1.0,NETFLIX_otc,1786394400,1m,UP,1
0.6885714285714276,4.633290490472127,-0.26841169064045056,-0.7071067811865477,0.7071067811865474,50.0,0.1,0.8356915188005336,0.5650367344259316,0.44999999925009004,0.21199999999998909,105.00000000000114,1287.9999999999995,3.0,0.6299999993700522,0.24478006511089817,0.08333333319446813,0.44999999925009004,1.0,AVAX_otc,1786395780,1m,UP,1
0.1839907142857134,0.6366812667077586,-0.07521053126581456,-0.7071067811865477,0.7071067811865474,50.0,0.1,0.8865777344790967,0.8107004033890961,0.7702528639225552,0.19506600000000135,1362.799999999993,21138.100000000006,0.0,0.9262742973548412,4.155360275349823,-0.14675671384716027,0.7702528639225552,0.0,EURJPY_otc,1786396200,1m,DOWN,1
0.9164285714285708,0.5004223490770503,0.1596359718738953,-0.7071067811865477,0.7071067811865474,50.0,0.1,1.036301732918585,1.197592015135371,0.8241758232701396,0.8539999999999992,4299.999999999997,21000.000000000015,13.0,0.5714285706864511,1.9012345678542981,-0.08791208781547968,0.8241758232701396,0.0,GOLD_otc,1786396380,1m,DOWN,1
0.7678571428571439,1.1576947537540359,0.02818783043841959,-0.7071067811865477,0.7071067811865474,50.0,0.1,-0.7981367197513362,-0.7701738667381468,0.7310924363604213,0.6740000000000009,14200.000000000016,36700.000000000015,0.0,0.930693068385452,2.4378469707352632,0.05882352936233316,0.7310924363604213,1.0,SHIBA_otc,1786397100,1m,UP,1
0.8092857142857152,0.44013484445323153,-0.14104164045485942,-0.7071067811865477,0.7071067811865474,50.0,0.1,-1.0913499285700523,-1.2308523111825536,0.8541666657769093,0.8680000000000021,15900.000000000033,10799.999999999982,8.0,0.7099236635802094,3.342689461512058,0.07291666659071204,0.8541666657769093,1.0,GOLD_otc,1786397880,1m,UP,1
0.44428571428572433,0.2834568789267707,-0.07972142758567057,-0.5000000000000004,0.8660254037844384,50.0,0.1,-0.016349921330118967,-0.09605831452509603,0.28070175413973264,0.17199999999999135,416.0000000000025,47.999999999996135,2.0,0.6938775496043835,0.09801960392058989,0.3245614032240768,0.28070175413973264,1.0,XPL_otc,1786399620,1m,UP,1
0.740000000000001,0.3949801775631308,0.0014094199322910127,-0.5000000000000004,0.8660254037844384,50.0,0.1,-0.5629383251101693,-0.5615368393428388,0.9734513265721658,0.5739999999999981,11899.999999999976,39500.00000000003,4.0,0.692307691642016,1.2812615498178876,0.00884955751429699,0.9734513265721658,1.0,INTEL_otc,1786399740,1m,UP,1
0.7492857142857149,0.45425521700698707,-0.026515978542846645,-0.5000000000000004,0.8660254037844384,50.0,0.1,0.11120804584861274,0.08466257940419096,0.9324324311723741,0.8420000000000186,3090.000000000003,151.99999999999818,12.0,0.7757009338544751,0.21488101214938135,-0.027027026990479104,0.9324324311723741,0.0,IBM_otc,1786399920,1m,DOWN,1
0.8628571428571428,0.8373509380225168,1.4124899895180918,-0.5000000000000004,0.8660254037844384,50.0,0.1,10.50422320005422,12.065084290749715,0.9732142848453449,0.86,800.0000000000007,38800.0,6.0,0.3547557839704998,47.09443098703457,-0.008928571420599305,0.9732142848453449,0.0,SPACEX_otc,1786401060,1m,DOWN,1
0.7171428571428586,5.531273575089998,0.09408480370640063,-0.5000000000000004,0.8660254037844384,50.0,0.1,0.5516727438903983,0.64627658781499,0.9139784936409011,0.4720000000000141,9.99999999999659,1560.0000000000023,2.0,0.9936153231449641,3.0602774521222575,-0.021505376320942245,0.9139784936409011,0.0,AVAX_otc,1786401120,1m,DOWN,0
0.7500000000000081,0.4160733503310613,-0.05252028704541151,-0.5000000000000004,0.8660254037844384,50.0,0.1,-0.14627540373259937,-0.19871886651609366,0.9692307677395872,0.4899999999999977,2168.9999999999995,30.000000000001137,0.0,0.5925925920439132,0.3320216428912693,0.015384615361019397,0.9692307677395872,1.0,NIKE_otc,1786402200,1m,UP,1
0.7221428571428541,0.4499334510051772,0.011319118522113827,-0.5000000000000004,0.8660254037844384,50.0,0.1,0.1118160418493788,0.12314781696179629,0.9499999988124752,0.4899999999999977,655.0000000000011,158.0000000000041,4.0,0.6934306564281422,0.27725497338700994,-0.02499999996872691,0.9499999988124752,0.0,MASTERCARD_otc,1786402440,1m,DOWN,1
0.29598785714285747,0.1516956031548598,0.029135626599511487,-0.25881904510252157,0.9659258262890681,50.0,0.1,0.6740472038226955,0.7033792182986172,0.845128843807344,0.2996060000000007,7528.0000000000055,3260.700000000014,2.0,0.9154336996966536,1.9609699646486691,-0.10330425859219247,0.845128843807344,0.0,NZDJPY_otc,1786402920,1m,DOWN,1
0.7557142857142856,0.38930270151504504,-0.4445033084962652,-0.25881904510252157,0.9659258262890681,50.0,0.1,-5.759660379534207,-6.178561807085294,0.8676470575475781,0.6599999999999998,12800.000000000002,4900.000000000002,0.0,0.5504587150913219,16.465256795095883,0.014705882331314573,0.8676470575475781,1.0,SOLANA_otc,1786403100,1m,UP,1
0.789285714285711,0.4292825601380518,-0.003239375494458403,-0.25881904510252157,0.9659258262890681,50.0,0.1,-0.106028161033353,-0.10926410187754568,0.7964601762863015,0.5279999999999859,131.00000000000023,2611.0000000000014,6.0,0.7786885239518678,0.3203108590623882,0.05309734508575678,0.7964601762863015,1.0,PRATA_otc,1786403160,1m,UP,1
0.6371428571428704,0.32925824067770465,0.003726449620597524,-0.25881904510252157,0.9659258262890681,50.0,0.1,-0.04054511352658734,-0.036820174799218994,0.48387096696151327,0.5039999999999963,252.99999999999727,92.00000000000159,0.0,0.49514563058726935,0.24113309141931835,0.3387096768731051,0.48387096696151327,1.0,NETFLIX_otc,1786403400,1m,UP,1
0.9928571428571432,0.5158221859138901,-0.062174263651632956,-0.25881904510252157,0.9659258262890681,50.0,0.1,-0.7352938703646403,-0.7970109704666984,0.8064516122528557,0.8520000000000039,14399.999999999976,40700.00000000007,8.0,0.7419354833923046,1.9176048496607958,0.12096774183793294,0.8064516122528557,1.0,INTEL_otc,1786403580,1m,UP,1
0.7328571428571463,3.846706597623339,-0.03770488563752322,-0.25881904510252157,0.9659258262890681,50.0,0.1,0.9112806207996805,0.8732321378462478,0.9583333323350497,0.6120000000000004,6.999999999999318,1467.0000000000016,14.0,0.9855715870160303,2.200351665521634,-0.031249999967477522,0.9583333323350497,0.0,AVAX_otc,1786403640,1m,DOWN,1
0.6764285714285612,0.3842396514914363,0.011882790294616901,-0.25881904510252157,0.9659258262890681,50.0,0.1,0.11264588971899296,0.12454206548846067,0.7627118631140608,0.34799999999999043,2072.0000000000027,127.99999999999727,10.0,0.45864661619652203,0.40758787655784634,-0.0847457625682504,0.7627118631140608,0.0,NIKE_otc,1786403700,1m,DOWN,1
0.5049999999999913,12.918357519006431,-0.0016517377402774712,-0.25881904510252157,0.9659258262890681,50.0,0.1,-2.250344634223856,-2.251959202172524,0.768421051822743,0.2940000000000055,2951.0000000000045,33.9999999999975,16.0,0.9193548379682865,0.2653257729747082,0.18947368401102996,0.768421051822743,1.0,META_otc,1786403760,1m,UP,1
0.6914285714285678,0.3962017468650068,-0.006017566787080461,-0.25881904510252157,0.9659258262890681,50.0,0.1,-0.08950259024014476,-0.09551477114908136,0.9354838694589562,0.7140000000000214,281.0000000000002,63.999999999998636,0.0,0.4999999995901872,0.28568083362536323,0.04838709669610548,0.9354838694589562,1.0,NETFLIX_otc,1786404000,1m,UP,1
0.5557142857142857,3.7279344220284774,3.2642723269965126,-0.25881904510252157,0.9659258262890681,50.0,0.1,-63.29037246747874,-62.09207025459116,0.9333333320888889,0.5820000000000001,116400.0,2600.0,4.0,0.027531956732789388,701.3793098611177,0.013333333315555564,0.9333333320888889,1.0,FORD_otc,1786404540,1m,UP,0
0.7271428571428658,5.423013233202095,-0.05498439559254392,-0.25881904510252157,0.9659258262890681,50.0,0.1,-0.32658361606408515,-0.38138844162923197,0.958762885609559,0.7180000000000064,1561.0000000000014,31.000000000000227,4.0,0.04169381107220156,3.5364589332944596,0.03092783501963484,0.958762885609559,1.0,MICROSOFT_otc,1786404840,1m,UP,1
0.6750000000000033,13.720065597517737,0.45523945382533626,-0.25881904510252157,0.9659258262890681,50.0,0.1,0.5626408566064944,1.0204416735944444,0.7052631571523797,0.6399999999999977,80.00000000000114,3343.0000000000005,6.0,0.028972520907140212,7.026675341559752,-0.05263157889197936,0.7052631571523797,0.0,LINK_otc,1786405260,1m,DOWN,1
0.6535714285714259,0.3636234013790236,0.18320898753770876,-0.25881904510252157,0.9659258262890681,50.0,0.1,0.4489214718280829,0.6329529238491672,0.8474576256822908,0.42799999999999444,3299.9999999999827,45000.0,0.0,0.6063829780783253,1.1446663419246845,-0.11864406759553323,0.8474576256822908,0.0,INTEL_otc,1786405800,1m,DOWN,1
0.403571428571431,12.689765366420382,-0.8466689076312931,0.0,1.0,50.0,0.1,-3.676644347945421,-4.492184251038476,0.6470588222606887,0.3560000000000059,2838.9999999999986,24.00000000000091,4.0,0.9770992366057036,6.6757261763045195,0.09803921549405387,0.6470588222606887,1.0,AMZN_otc,1786406640,1m,UP,1
0.683571428571428,6.390617478619915,0.17942357581178997,0.0,1.0,50.0,0.1,1.112925050425312,1.2943454761586803,0.9166666657118204,0.8020000000000096,7.999999999998408,1388.9999999999986,4.0,0.06676238334050567,3.4019586294395157,-0.041666666623286094,0.9166666657118204,0.0,AVAX_otc,1786406640,1m,DOWN,1
0.18309785714285734,0.5421734136347178,-0.7381621975904756,0.0,1.0,50.0,0.1,-2.816002203413812,-3.533377737255372,0.8804788243358039,0.20104400000000097,15123.100000000011,555.5999999999983,16.0,0.991343282938777,13.956538197627072,0.08874385199435601,0.8804788243358039,1.0,CHFJPY_otc,1786406760,1m,UP,1
0.7435714285714263,0.4152590876689233,-0.10432277238488126,0.0,1.0,50.0,0.1,-0.11375250106932415,-0.21795660369143274,0.7692307684911074,0.6319999999999937,1571.999999999997,24.00000000000091,0.0,0.7165354325066502,0.29272115428872325,0.1057692306675464,0.7692307684911074,1.0,MICROSOFT_otc,1786407600,1m,UP,1
0.8778571428571443,6.609632165440428,-0.3729475177159134,0.0,1.0,50.0,0.1,-0.42628858304572553,-0.7976462680728635,0.8661417316014547,0.8560000000000173,2665.000000000003,17.00000000000159,4.0,0.03992094861502251,5.4126909417538585,0.023622047225472245,0.8661417316014547,1.0,META_otc,1786407840,1m,UP,1
0.6792857142857177,4.480365038586344,-0.06329765884837554,0.0,1.0,50.0,0.1,0.6168840387617173,0.5531959067589962,0.8974358962852901,0.5960000000000264,33.00000000000409,1369.9999999999989,4.0,0.42727272688431345,0.26879092952725414,-0.03846153841226524,0.8974358962852901,0.0,AVAX_otc,1786409040,1m,DOWN,1
0.6442857142857142,0.3907389449200672,-0.5430263631902535,0.0,1.0,50.0,0.1,-6.983241976210941,-7.4883474944650015,0.8461538452240072,0.45199999999999996,15300.000000000011,6699.999999999999,6.0,0.4161073822710685,22.993827156945386,0.04395604390773967,0.8461538452240072,1.0,SOLANA_otc,1786409460,1m,UP,1
0.7635714285714286,0.40094462636032785,0.6453165960021111,0.0,1.0,50.0,0.1,4.195866634275012,4.868259854014215,0.5666666660370366,0.5039999999999996,3600.000000000003,12400.000000000002,6.0,0.5841584152632094,12.70440251412523,-0.08888888879012351,0.5666666660370366,0.0,SPACEX_otc,1786409460,1m,DOWN,1
0.7150000000000156,0.3744218987242403,-0.009399118626102201,0.25881904510252074,0.9659258262890683,50.0,0.1,-0.08585144088253996,-0.09524249022987138,0.9042553181869888,0.6220000000000141,1105.0000000000011,45.999999999997954,8.0,0.7222222216490224,0.2902222734071509,0.04255319144411422,0.9042553181869888,1.0,MICROSOFT_otc,1786410480,1m,UP,1
0.6971428571428565,0.3603119832634142,0.0382316874233207,0.25881904510252074,0.9659258262890683,50.0,0.1,0.4883366210769308,0.5267550078307952,0.9344262279763402,0.3479999999999933,2699.99999999996,32199.999999999985,0.0,0.5882352935409425,1.2417823228482812,-0.04918032778823088,0.9344262279763402,0.0,INTEL_otc,1786410600,1m,DOWN,1
0.7257142857142915,0.384961821560266,-0.018855885465606723,0.25881904510252074,0.9659258262890683,50.0,0.1,-0.08428874982909118,-0.10312874190456975,0.8676470575475325,0.5040000000000191,131.00000000000023,25.0,0.0,0.6595744673834378,0.23003695274397312,0.044117646993987666,0.8676470575475325,1.0,PETROLEO_otc,1786410900,1m,UP,1
0.7392857142857139,0.39128697207737867,0.09575066938144071,0.25881904510252074,0.9659258262890683,50.0,0.1,1.0625877228957352,1.1593558271346136,0.7065217383624736,0.7339999999999989,2500.0,13299.999999999982,16.0,0.7525773188117736,2.2663551401339617,-0.14130434767249006,0.7065217383624736,0.0,SHIBA_otc,1786410960,1m,DOWN,1
0.17850642857142876,0.6618427001849406,-0.01160523007988777,0.25881904510252074,0.9659258262890683,50.0,0.1,1.0556474389324426,1.0439196985384342,0.9950288365398244,0.1586380000000034,13.099999999965917,21631.19999999999,8.0,0.14838706689322162,5.738929580898273,-0.003605039451999738,0.9950288365398244,0.0,CADJPY_otc,1786411380,1m,DOWN,1
0.6807142857142878,0.36468336393737955,0.0242978099022106,0.25881904510252074,0.9659258262890683,50.0,0.1,0.12808157906543785,0.15241050998624953,0.961038959790893,0.6620000000000005,12.999999999999545,142.0000000000016,2.0,0.802083332497828,0.29409061667035463,-0.025974025940270463,0.961038959790893,0.0,NIKE_otc,1786412220,1m,DOWN,1
0.7535714285714334,0.4070289027039527,0.17511422187914713,0.25881904510252074,0.9659258262890683,50.0,0.1,-0.003499407638111121,0.17160868628058015,0.8818181810165354,0.6580000000000155,131.00000000000023,2964.9999999999977,0.0,0.9999999990196078,0.21442085347864087,0.04545454541323253,0.8818181810165354,1.0,LINK_otc,1786412400,1m,UP,1
0.23073785714285716,0.3645290144282014,0.5566075970763542,0.25881904510252074,0.9659258262890683,50.0,0.1,-3.1754583315023885,-2.6365255767411706,0.9925633549934364,0.21423000000000023,21477.400000000005,329.5999999999921,6.0,0.999999996968135,2.987008870284601,0.007012622698025689,0.9925633549934364,1.0,CHFJPY_otc,1786412760,1m,UP,1
0.684285714285701,0.3702486541356116,-0.00532666545987215,0.25881904510252074,0.9659258262890683,50.0,0.1,0.10394642168188525,0.09861421934387261,0.9247311818013723,0.7459999999999809,60.000000000002274,108.9999999999975,4.0,0.8829787224649015,0.24618930385981244,-0.06451612896288786,0.9247311818013723,0.0,PRATA_otc,1786412940,1m,DOWN,1
0.7007142857142856,0.37187156591863907,0.0206718884504802,0.49999999999999994,0.8660254037844387,50.0,0.1,-4.13636914186442,-4.116552319028846,0.8045977002246005,0.6700000000000003,9700.000000000005,6199.999999999992,6.0,0.5784313719819296,15.292353820795757,0.16091954004491968,0.8045977002246005,1.0,SOLANA_otc,1786413660,1m,UP,1
0.6114285714285838,4.016813564159087,-0.039920472592524146,0.49999999999999994,0.8660254037844387,50.0,0.1,0.05680056145983254,0.01685741381473842,0.9074074065671929,0.5700000000000045,1538.0000000000052,142.999999999995,12.0,0.8921568618704251,0.2064610153019946,-0.009259259250730218,0.9074074065671929,0.0,MASTERCARD_otc,1786413720,1m,DOWN,1
0.5585714285714322,2.1515213120868384,0.026921211950953455,0.49999999999999994,0.8660254037844387,50.0,0.1,0.4040807291759018,0.43111072455640975,0.7872340408781894,0.28599999999999,27.99999999999727,536.0000000000014,4.0,0.08118081179314905,1.0232400083048274,-0.12765957419658736,0.7872340408781894,0.0,BITCOIN_otc,1786414740,1m,DOWN,1
0.6457142857142831,0.31010809829919894,-0.006444690661916542,0.49999999999999994,0.8660254037844387,50.0,0.1,-0.06278010907053751,-0.06922075374862723,0.759036143663821,0.5259999999999991,118.00000000000068,39.999999999997726,8.0,0.694444443801414,0.2642848403272723,0.21686746961824435,0.759036143663821,1.0,PETROLEO_otc,1786414980,1m,UP,1
0.7371428571428648,0.3649966130186576,0.01205360187452276,0.49999999999999994,0.8660254037844387,50.0,0.1,0.06965452372766656,0.08171652148116706,0.6825396814562404,0.610000000000025,40.00000000000341,132.9999999999984,0.0,0.5499999994500113,0.23367215796183277,-0.19047619017383874,0.6825396814562404,0.0,NETFLIX_otc,1786415100,1m,DOWN,1
0.45,1.6055968388081943,-10.63984914152119,0.49999999999999994,0.8660254037844387,50.0,0.1,-26.581040868793643,-34.39270736162909,0.8636363616735535,0.3979999999999999,84500.0,600.0000000000005,0.0,0.541666665914352,53.33333329382713,0.022727272675619855,0.8636363616735535,1.0,FORD_otc,1786415700,1m,UP,1
0.5535714285714286,2.2751529353946522,0.04472767357313144,0.49999999999999994,0.8660254037844387,50.0,0.1,0.38275693339273364,0.42765580523761154,0.9019607834295376,0.6379999999999655,36.000000000001364,544.0000000000055,8.0,0.15734989644775413,0.9116819872007419,-0.07843137247205617,0.9019607834295376,0.0,BITCOIN_otc,1786416180,1m,DOWN,1
0.6964285714285795,0.3772543958171117,0.018787088492295895,0.49999999999999994,0.8660254037844387,50.0,0.1,0.10491843057256317,0.12372523018325547,0.8611111099150183,0.6299999999999614,20.000000000004547,152.99999999999727,10.0,0.9829059820658594,0.27332616922797803,-0.04166666660883577,0.8611111099150183,0.0,NETFLIX_otc,1786416300,1m,DOWN,1
0.6849999999999993,0.33033449582632074,-0.07155710667465132,0.49999999999999994,0.8660254037844387,50.0,0.1,-0.9333295442897623,-1.00421878734678,0.7244897951790953,0.574000000000001,11600.000000000036,3900.0000000000055,14.0,0.8453608238707634,2.339040270018347,0.1836734692003335,0.7244897951790953,1.0,SHIBA_otc,1786416540,1m,UP,1
0.7742857142857206,0.4159809006955584,-0.008080556042418445,0.49999999999999994,0.8660254037844387,50.0,0.1,-0.053331316999787555,-0.061407563575247674,0.46511627852890075,0.47199999999999137,109.99999999999659,45.999999999997954,6.0,0.9999999992481202,0.3504426644172999,0.47674418549217945,0.46511627852890075,1.0,SUI_otc,1786416660,1m,UP,1
0.8221428571428443,3.524149106245576,0.01873223625299482,0.7071067811865476,0.7071067811865476,50.0,0.1,-0.43487772154100734,-0.4162269476102232,0.9433962255250958,0.8580000000000041,1565.9999999999968,26.99999999999818,0.0,0.07630813952933894,3.3575716167991843,0.047169811276265516,0.9433962255250958,1.0,COKE_otc,1786417200,1m,UP,1
0.7264285714285685,0.3992190177469114,-0.02568142977215456,0.7071067811865476,0.7071067811865476,50.0,0.1,-0.124865396190226,-0.15051475874334827,0.9784946226037889,0.8360000000000014,134.00000000000318,13.999999999998636,10.0,0.9904761895328885,0.2758077226155118,0.010752688160471122,0.9784946226037889,1.0,PRATA_otc,1786417200,1m,UP,1
0.4435714285714285,1.4093299787525422,-9.383704194486556,0.7071067811865476,0.7071067811865476,50.0,0.1,1.0880207682267091,-8.397780076724821,0.5774647879190636,0.382,61300.00000000001,6599.999999999999,0.0,0.9649122790089258,27.403846140671227,-0.19718309831382683,0.5774647879190636,0.0,FORD_otc,1786419000,1m,DOWN,1
0.7185714285714307,0.41619482442316186,0.03457708549557531,0.7071067811865476,0.7071067811865476,50.0,0.1,0.4334579411302246,0.4681849037486919,0.7903225793704564,0.6060000000000059,3699.999999999903,12100.000000000078,0.0,0.5048543684418915,1.2550261971334675,-0.0483870966961284,0.7903225793704564,0.0,INTEL_otc,1786419000,1m,DOWN,1
0.6885714285714235,12.538262340829895,0.6182786453876276,0.7071067811865476,0.7071067811865476,50.0,0.1,-1.8986210849610397,-1.292081208298553,0.9245283001423651,0.3740000000000009,3033.9999999999973,28.000000000002956,2.0,0.9835146719095446,6.104089518583763,0.07547169797084252,0.9245283001423651,1.0,IBM_otc,1786419420,1m,UP,1
0.2771428571428568,0.13322706402806903,0.010350820052272424,0.7071067811865476,0.7071067811865476,50.0,0.1,-0.024732740343423522,-0.014384480332598043,0.41176470507504986,0.16399999999999865,76.99999999999818,86.00000000000136,1.0,0.5208333322483059,0.09698733102968045,0.19607843098801814,0.41176470507504986,1.0,TESLA_otc,1786420560,1m,UP,0
0.384285714285718,14.552406866365557,0.3854636067894885,0.7071067811865476,0.7071067811865476,50.0,0.1,-3.133174703480063,-2.7597883449096243,0.9599999980800364,0.3,2905.000000000001,32.99999999999841,8.0,0.99687174136264,6.981145810567608,0.01999999995998181,0.9599999980800364,1.0,AMZN_otc,1786420680,1m,UP,1
0.643571428571432,5.083286122395597,-0.03148930959903003,0.8660254037844386,0.5000000000000001,50.0,0.1,-0.40347905821467206,-0.43484131504389356,0.9076923062958594,0.572000000000014,2058.9999999999973,42.999999999995,2.0,0.05825242718148872,3.9000378644375124,0.07692307680465973,0.9076923062958594,1.0,DISNEY_otc,1786421520,1m,UP,1
0.7507142857142891,0.37879798321572605,-0.042321407872055836,0.8660254037844386,0.5000000000000001,50.0,0.1,-0.10277158539032148,-0.14504949888054772,0.9146341452260636,0.5380000000000109,1058.000000000004,20.999999999997954,2.0,0.6504854362616613,0.23739282750937027,0.024390243872672846,0.9146341452260636,1.0,MICROSOFT_otc,1786422720,1m,UP,1
0.20231500000000072,0.553870254156584,-0.08811140333511196,0.8660254037844386,0.5000000000000001,50.0,0.1,0.6138227815062495,0.5251705303043618,0.8318788368024123,0.19903200000000112,525.5999999999972,21373.499999999978,4.0,0.999999996905749,0.6468917450014547,-0.16726020362674343,0.8318788368024123,0.0,EURNZD_otc,1786422840,1m,DOWN,1
0.634999999999995,0.33679892655664234,-0.015924832449555348,0.8660254037844386,0.5000000000000001,50.0,0.1,-0.07366823641700757,-0.08958133732334496,0.6923076914201184,0.48200000000001636,1732.9999999999984,37.000000000000455,12.0,0.927272726429768,0.22322334510284317,0.19230769206118042,0.6923076914201184,1.0,MASTERCARD_otc,1786423620,1m,UP,1
0.22838000000000033,0.12300871211294234,-0.16328847297118537,0.8660254037844386,0.5000000000000001,50.0,0.1,-0.34491193126934844,-0.5076372028148687,0.9247386368491176,0.1897119999999987,24984.600000000013,591.9999999999703,8.0,0.992109558927622,0.8581707887583273,0.06569885514692349,0.9247386368491176,1.0,GBPCAD_otc,1786423680,1m,UP,1
0.6242857142857144,0.3673995340151093,-0.009738840366435362,0.8660254037844386,0.5000000000000001,50.0,0.1,-1.1703083106042524,-1.179933176512523,0.9417475719012203,0.7579999999999985,12800.000000000011,39500.00000000003,2.0,0.9999999991596638,2.869544248785393,0.029126213563956404,0.9417475719012203,1.0,SHIBA_otc,1786424220,1m,UP,1
0.6135714285714228,0.3292515655355262,0.035181362226177695,0.9659258262890683,0.25881904510252074,50.0,0.1,-0.07652939261507848,-0.041374954471726184,0.8965517231073757,0.48799999999998817,144.99999999999886,3143.0000000000005,0.0,0.975609754907815,0.1674699779426351,0.022988505720747177,0.8965517231073757,1.0,SPOTIFY_otc,1786424400,1m,UP,1
0.6399999999999905,0.3207854374253122,0.007901708696089523,0.9659258262890683,0.25881904510252074,50.0,0.1,-0.045926710983070176,-0.03802863128189623,0.7352941169261953,0.4460000000000036,85.00000000000227,68.00000000000068,0.0,0.9896907206291939,0.2038628864458359,0.20588235273931463,0.7352941169261953,1.0,LINK_otc,1786425000,1m,UP,1
0.49071428571428605,1.8075640824302923,0.11137381510578204,0.9659258262890683,0.25881904510252074,50.0,0.1,-0.30037284812486664,-0.1893335697195832,0.6101694904912872,0.2840000000000032,721.999999999997,56.99999999999932,2.0,0.414634145835785,0.18880957863184553,0.01694915251363081,0.6101694904912872,1.0,MICROSOFT_otc,1786425720,1m,UP,1
0.35714285714285715,16.011307628606456,0.8527414235379203,0.9659258262890683,0.25881904510252074,50.0,0.1,-3.7749082090402326,-2.9543569915013324,0.916666664756905,0.2699999999999932,3177.0000000000036,21.999999999997044,6.0,0.011708860759123273,7.668413900194948,0.020833333289910817,0.916666664756905,1.0,AMZN_otc,1786425960,1m,UP,1
0.2373742857142856,0.12869719588557083,0.05119767227362225,0.9659258262890683,0.25881904510252074,50.0,0.1,0.35831640577439194,0.4096975277071452,0.8304881125814759,0.23913799999999838,464.3000000000086,3726.199999999977,6.0,0.8734321876013796,0.8653000254520352,-0.01000982779454816,0.8304881125814759,0.0,GBPNZD_otc,1786425960,1m,DOWN,1
0.7364285714285675,2.4019566200016684,-0.009419023852653816,0.9659258262890683,0.25881904510252074,50.0,0.1,-0.07124902264781799,-0.08066133553803381,0.6936936930687707,0.7279999999999973,864.9999999999977,104.00000000000205,12.0,0.6226415088465869,0.2580393875209771,-0.11711711701160066,0.6936936930687707,0.0,COKE_otc,1786426020,1m,DOWN,1
0.6978571428571415,0.39885894962983415,0.019624584653879437,0.9659258262890683,0.25881904510252074,50.0,0.1,0.09433621186134053,0.11397930960497596,0.9342105250866242,0.7020000000000095,12.999999999999545,140.0000000000034,18.0,0.9816513752462076,0.22862176730869999,-0.03947368415855183,0.9342105250866242,0.0,LINK_otc,1786426380,1m,DOWN,1
0.5607142857142711,0.2949250230684107,-0.013737344559304953,0.9659258262890683,0.25881904510252074,50.0,0.1,-0.09109998793380818,-0.10482481777387717,0.6777777770247236,0.40000000000001135,120.99999999999795,27.99999999999727,14.0,0.9769230761716178,0.26558797090735037,0.09999999988886363,0.6777777770247236,1.0,SPOTIFY_otc,1786426440,1m,UP,1
0.7814285714285713,0.4191645274498317,-0.03936300515579584,0.9659258262890683,0.25881904510252074,50.0,0.1,-0.09624946736208426,-0.13557458583507995,0.8307692294911122,0.5799999999999841,931.0000000000002,37.999999999999545,0.0,0.5229357793367618,0.2658731126661259,0.04615384608279584,0.8307692294911122,1.0,COKE_otc,1786426800,1m,UP,1
0.5107142857142838,181.06367617710782,-25.9377389372074,0.9659258262890683,0.25881904510252074,50.0,0.1,-99.44559226450524,-99.58939309558555,0.9714285700408163,0.36400000000000043,5039600.0,3200.0,8.0,0.0014616077685424736,110988.88864224691,0.014285714265306136,0.9714285700408163,1.0,DOGE_otc,1786426980,1m,UP,1
0.7771428571428568,0.39028096388372124,-0.02057779080720405,0.9659258262890683,0.25881904510252074,50.0,0.1,-0.09848702517588767,-0.11904454952907878,0.9302325570579291,0.5100000000000137,753.9999999999964,28.000000000002956,2.0,0.6404494374826433,0.20507857504906576,0.011627906963213372,0.9302325570579291,1.0,MICROSOFT_otc,1786427520,1m,UP,1
0.7085714285714175,0.370379223236814,0.00021144415207430947,1.0,6.123233995736766e-17,50.0,0.1,0.07032103705444052,0.07053262989623536,0.8222222203950925,0.5339999999999805,2650.999999999999,106.00000000000023,0.0,0.37142857107481286,0.22417216422164643,-0.04444444434563971,0.8222222203950925,0.0,META_otc,1786428300,1m,DOWN,1
0.567142857142857,0.3945487058884059,0.22789972793766827,1.0,6.123233995736766e-17,50.0,0.1,2.8976414692874193,3.1321449142502034,0.24528301840512734,0.502,5299.999999999994,22599.999999999996,14.0,0.8799999994133335,10.020040079490979,-0.2830188673905305,0.24528301840512734,0.0,ETHEREUM_otc,1786428540,1m,DOWN,1
0.6921428571428571,0.36846578262798096,-0.3950336016995863,1.0,6.123233995736766e-17,50.0,0.1,-4.318660342052402,-4.696633784257607,0.6904761899281937,0.7379999999999999,12100.000000000007,3899.999999999997,0.0,0.9898989888990912,14.327062226580747,0.08730158723229989,0.6904761899281937,1.0,SPACEX_otc,1786429200,1m,UP,1
0.6692857142857144,0.331029030731779,-0.5737805785302791,1.0,6.123233995736766e-17,50.0,0.1,15.547307689308507,14.88431967877263,0.6853932576568614,0.618,4700.000000000002,8999.999999999998,0.0,0.8352941166643597,46.96132594090535,-0.11235955043555118,0.6853932576568614,0.0,XPL_otc,1786429200,1m,DOWN,1
0.6500000000000016,0.3162486151565452,0.004278392012695549,1.0,6.123233995736766e-17,50.0,0.1,0.04833168961101495,0.05261214944285842,0.6461538451598104,0.40800000000001546,47.00000000000273,108.9999999999975,2.0,0.6976744177934172,0.18357240437119576,-0.24615384577519503,0.6461538451598104,0.0,META_otc,1786430820,1m,DOWN,1
0.577857142857137,0.3071072044371282,0.005851349852910158,1.0,6.123233995736766e-17,50.0,0.1,0.10321105518476283,0.10906844427759872,0.7499999991847672,0.382000000000005,27.000000000003865,118.99999999999977,6.0,0.5892857137595863,0.29406359125083725,-0.18478260849481562,0.7499999991847672,0.0,SUI_otc,1786431360,1m,DOWN,1
0.6135714285714228,0.31247417546795214,-0.0021026756004613933,1.0,6.123233995736766e-17,50.0,0.1,-0.02855216796921546,-0.030654243210207568,0.3906249993896568,0.4980000000000132,81.00000000000023,68.00000000000068,2.0,0.7010309271123677,0.1967386013301158,0.3906249993896568,0.3906249993896568,1.0,MASTERCARD_otc,1786431420,1m,UP,1
0.623571428571438,0.32525982859719405,0.0017092170948417133,0.9659258262890683,-0.25881904510252063,50.0,0.1,-0.06523415688428513,-0.06352605478280457,0.7299999992700181,0.6200000000000273,93.00000000000068,40.99999999999682,8.0,0.9702970287423068,0.22916004900796375,0.20999999978997952,0.7299999992700181,1.0,STARBUCKS_otc,1786432080,1m,UP,1
0.21755000000000077,0.11539886930317841,-0.07116892832739795,0.9659258262890683,-0.25881904510252063,50.0,0.1,-0.2715792145868523,-0.3425548628976688,0.8080272585761733,0.22327800000000053,20777.399999999983,772.8000000000179,2.0,0.965080528753996,0.89263609521097,0.1454941303223547,0.8080272585761733,1.0,GBPCAD_otc,1786432320,1m,UP,1
0.18566928571428573,0.1015319680965901,0.01491856031591218,0.9659258262890683,-0.25881904510252063,50.0,0.1,-0.0821218719841906,-0.06721556306928293,0.6991996550803832,0.13234400000000052,2551.1000000000195,5169.700000000005,0.0,0.5320619457653467,0.39159001181683595,0.18407819120278826,0.6991996550803832,1.0,AUDJPY_otc,1786434000,1m,UP,1
0.6992857142857076,0.3068951209081862,-0.01829017578613137,0.9659258262890683,-0.25881904510252063,50.0,0.1,-0.10402708106415501,-0.12229823011429455,0.7530864188233648,0.5380000000000109,128.99999999999636,34.00000000000318,8.0,0.7318840574407007,0.3634926906351536,0.11111111097397589,0.7530864188233648,1.0,SUI_otc,1786434180,1m,UP,1
0.6000000000000105,0.3213399142832455,0.017948224579079106,0.9659258262890683,-0.25881904510252063,50.0,0.1,0.10549862555086448,0.1234657852601853,0.9661016932778231,0.6120000000000119,22.999999999996135,140.0000000000034,8.0,0.773333332302201,0.19694860954229945,-0.01694915251363081,0.9661016932778231,0.0,SUI_otc,1786435080,1m,DOWN,1
0.575714285714294,3.560119843022532,0.05175547359611871,0.8660254037844387,-0.4999999999999998,50.0,0.1,-0.28558650147973835,-0.23397883452998708,0.905405404181895,0.5340000000000146,937.9999999999995,196.99999999999704,19.0,0.732142856489149,0.27251934400634564,-0.04054054048579547,0.905405404181895,0.0,COKE_otc,1786436040,1m,DOWN,1
0.20808714285714203,1.3201952399181345,-0.19617548596882922,0.8660254037844387,-0.4999999999999998,50.0,0.1,2.019170274461451,1.8190336713941584,0.7949844924792254,0.16188599999999836,835.9999999999701,30615.799999999992,6.0,0.09809468987961353,6.156791162226856,-0.03577271497624951,0.7949844924792254,0.0,EURNZD_otc,1786437660,1m,DOWN,1
0.721428571428565,8.80772375829138,-0.13305844102820644,0.8660254037844387,-0.4999999999999998,50.0,0.1,0.6184828809535728,0.4846014962459432,0.8953488361681637,0.37599999999997635,150.9999999999991,3262.9999999999995,8.0,0.9770992358953648,0.27544733909401964,0.03488372088970391,0.8953488361681637,1.0,LINK_otc,1786438380,1m,UP,1
0.6192857142857154,5.049456504302663,0.11090871529183911,0.8660254037844387,-0.4999999999999998,50.0,0.1,-1.7636347002603268,-1.6546820095569874,0.771929823207146,0.4560000000000059,1110.0000000000023,291.9999999999959,6.0,0.8812330008267242,2.76739343151074,0.12280701732839824,0.771929823207146,1.0,AVAX_otc,1786438560,1m,UP,0
0.6721428571428572,0.36653485809460357,0.4552027761415909,0.8660254037844387,-0.4999999999999998,50.0,0.1,7.150757626180475,7.638510849551595,0.9761904750283452,0.4960000000000001,20999.999999999996,14400.000000000004,16.0,0.9208633086900267,17.20297029490062,-0.023809523781178635,0.9761904750283452,0.0,SPACEX_otc,1786438560,1m,DOWN,1
0.6721428571428589,4.70688156487722,0.16969546235602384,0.8660254037844387,-0.4999999999999998,50.0,0.1,0.5046847923593323,0.6752366819071909,0.9126213583372323,0.5460000000000036,137.99999999999955,1263.9999999999986,2.0,0.6666666660818713,0.27921330426833724,0.0679611649825534,0.9126213583372323,1.0,AVAX_otc,1786438620,1m,UP,1
0.6421428571428578,8.090978696276343,0.31163414014407304,0.8660254037844387,-0.4999999999999998,50.0,0.1,0.0971995852918661,0.40913663252778704,0.5263157889196424,0.4560000000000059,90.00000000000341,3115.999999999997,2.0,0.6703296695930409,0.23959348095037758,0.3578947364653305,0.5263157889196424,1.0,SUI_otc,1786438620,1m,UP,1
0.7635714285714325,0.412955709017243,0.11581990073155939,0.7071067811865476,-0.7071067811865475,50.0,0.1,0.09829715919766288,0.21423090760142693,0.873563217386694,0.47200000000000275,11.000000000001364,346.99999999999704,0.0,0.6434108522144316,0.25762901421901346,-0.08045977002251711,0.873563217386694,0.0,TESLA_otc,1786439700,1m,DOWN,1
0.7521428571428633,0.4351335525664544,-0.06928692962680838,0.7071067811865476,-0.7071067811865475,50.0,0.1,-0.09878910176897143,-0.16800758346035818,0.697368420135014,0.532000000000005,3039.9999999999977,38.00000000000523,4.0,0.7063492057886059,0.2695129515940399,0.19736842079298353,0.697368420135014,1.0,META_otc,1786439940,1m,UP,1
0.22130357142857143,0.12107584053637682,0.12003047078020042,0.7071067811865476,-0.7071067811865475,50.0,0.1,0.815889850190264,0.9368996373986958,0.98565215223489,0.16230400000000103,34.89999999999327,3643.0999999999967,8.0,0.9995357320382979,2.0286921120498973,-0.007560053621268154,0.98565215223489,0.0,NZDJPY_otc,1786440480,1m,DOWN,1
0.3614285714285797,17.349057357927286,0.48631539733566265,0.7071067811865476,-0.7071067811865475,50.0,0.1,-5.170961474867655,-4.709793259374568,0.6615384605206562,0.1419999999999959,3457.999999999998,36.000000000001364,2.0,0.9875181422064581,8.359824310203221,0.015384615361020744,0.6615384605206562,1.0,AMZN_otc,1786440720,1m,UP,1
0.7771428571428568,0.3998158922541012,-0.02141744716707577,0.7071067811865476,-0.7071067811865475,50.0,0.1,-0.06287423151598634,-0.08427821262774547,0.5942028976895992,0.31600000000000816,2039.9999999999977,31.999999999999318,2.0,0.6111111104321268,0.1825817053127526,0.10144927521528135,0.5942028976895992,1.0,MASTERCARD_otc,1786440720,1m,UP,1
0.665714285714273,12.628183811368054,-0.1108432013801696,0.7071067811865476,-0.7071067811865475,50.0,0.1,-2.2038674992856055,-2.31226786337539,0.8153846141302515,0.3360000000000241,2844.9999999999986,26.99999999999818,8.0,0.9940758293446221,5.046237244887912,0.09230769216568721,0.8153846141302515,1.0,DISNEY_otc,1786440780,1m,UP,0
0.7950000000000037,0.3995546971342893,-0.0008895766806217865,0.7071067811865476,-0.7071067811865475,50.0,0.1,-0.07064632238734556,-0.07153527061475766,0.7117117110705397,0.6540000000000077,131.00000000000023,41.99999999999591,0.0,0.9999999990825688,0.28620943178163266,0.27027027002679044,0.7117117110705397,1.0,PRATA_otc,1786441500,1m,UP,1
0.6992857142857198,0.36793827143671637,0.014616182148986323,0.7071067811865476,-0.7071067811865475,50.0,0.1,0.10244292119909117,0.1170740765920387,0.8961038949401431,0.5580000000000155,29.000000000002046,142.999999999995,6.0,0.830508473872461,0.24745727167820747,-0.012987012970209055,0.8961038949401431,0.0,LINK_otc,1786442160,1m,DOWN,1
0.7871428571428558,0.3989574322460457,-0.006239454491157976,0.49999999999999994,-0.8660254037844387,50.0,0.1,-0.05537024280923305,-0.061606242499289296,0.6162790690507968,0.6999999999999659,125.99999999999909,50.99999999999909,12.0,0.6513157890451633,0.3251545553718378,0.3023255810437921,0.6162790690507968,1.0,META_otc,1786442820,1m,UP,0
0.17687428571428448,0.9259933060857919,0.12476954311070089,0.49999999999999994,-0.8660254037844387,50.0,0.1,1.8506169779473902,1.9776955274062054,0.9067699073086055,0.20080799999999782,747.9000000000013,21129.399999999947,14.0,0.9445838714998265,0.919366529517469,-0.08813011136570516,0.9067699073086055,0.0,CADJPY_otc,1786442940,1m,DOWN,1
0.237244285714288,1.2036928110898415,0.5074240964699631,0.49999999999999994,-0.8660254037844387,50.0,0.1,1.8440524940280663,2.360833757204283,0.8837223522522792,0.197072,671.4000000000198,32565.799999999996,0.0,0.09905678733634604,7.848753880161103,-0.05176744455134591,0.8837223522522792,0.0,AUDUSD_otc,1786443000,1m,DOWN,1
0.19003142857142713,1.4588994137034277,0.6113270939617346,0.49999999999999994,-0.8660254037844387,50.0,0.1,3.8945719742065967,4.529707641840497,0.2906116601619772,0.09562999999999988,5391.400000000032,36473.000000000015,12.0,0.9139796726532121,6.502831349363733,-0.418918912959985,0.2906116601619772,0.0,EURCAD_otc,1786443120,1m,DOWN,0
0.7857142857142857,0.43046358856755074,0.034440253909314635,0.49999999999999994,-0.8660254037844387,50.0,0.1,-1.5883035556507854,-1.5544103175188875,0.9365079357646778,0.8420000000000016,13300.000000000053,2099.9999999999372,8.0,0.5692307687929021,3.3036848792044737,0.04761904758125069,0.9365079357646778,1.0,GOLD_otc,1786443180,1m,UP,1
0.9385714285714235,0.47678697987389546,-0.00230708512395579,0.49999999999999994,-0.8660254037844387,50.0,0.1,-0.11947838758808824,-0.12178271624393763,0.8425196843759825,0.9120000000000118,131.00000000000023,19.999999999998863,8.0,0.7246376806343229,0.3180016591383574,0.05511811019281333,0.8425196843759825,1.0,MICROSOFT_otc,1786443180,1m,UP,1
0.7199999999999948,0.3422517549955865,0.0032147635343925795,0.49999999999999994,-0.8660254037844387,50.0,0.1,0.08105888121726354,0.08427625060301087,0.9090909080578689,0.6960000000000264,25.0,126.99999999999818,6.0,0.7191011227875405,0.17392323927114514,-0.022727272701490324,0.9090909080578689,0.0,VISA_otc,1786443960,1m,DOWN,1
0.7342857142857143,0.4164983542635873,-0.11692070145443098,0.49999999999999994,-0.8660254037844387,50.0,0.1,-1.2994769908294237,-1.414878334670938,0.9124999988593744,0.6919999999999973,14699.999999999987,799.999999999983,2.0,0.9503546092550675,3.585049580381778,0.024999999968754,0.9124999988593744,1.0,GOLD_otc,1786445220,1m,UP,1
0.45428571428571424,0.21925949300850037,-1.6400119304864822,0.49999999999999994,-0.8660254037844387,50.0,0.1,13.906301730464815,12.038224792509261,0.9531249985107422,0.43599999999999994,17100.0,6999.999999999999,0.0,0.8732394353898035,36.04060911876111,-0.015624999975585955,0.9531249985107422,0.0,FORD_otc,1786445700,1m,DOWN,1
0.8114285714285805,0.42127031863238434,-0.014672379852598255,0.258819045102521,-0.9659258262890682,50.0,0.1,-0.09308851102210608,-0.10774723257476805,0.9787234032141434,0.596000000000015,879.000000000002,43.99999999999977,0.0,0.7642276416550863,0.2881034361598241,0.021276595722026875,0.9787234032141434,1.0,NETFLIX_otc,1786446000,1m,UP,1
0.6764285714285693,0.7776948891562854,-0.0009957035051684317,0.258819045102521,-0.9659258262890682,50.0,0.1,0.08357513888623173,0.08257860322047596,0.7199999992800272,0.6499999999999886,209.9999999999966,130.00000000000114,10.0,0.6754385958987301,0.22765851223119515,-0.2799999997199727,0.7199999992800272,0.0,XPL_otc,1786446000,1m,DOWN,1
0.1650914285714278,2.007615211185019,-0.520656710769569,0.258819045102521,-0.9659258262890682,50.0,0.1,-2.152767230430334,-2.6622154141474192,0.8283619794732016,0.19860800000000012,43008.299999999974,611.0999999999933,18.0,0.07787430943909757,8.074436244720447,0.05246601490713779,0.8283619794732016,1.0,EURCAD_otc,1786446480,1m,UP,1
0.7714285714285714,0.42718410988342365,-1.2195641676967175,0.258819045102521,-0.9659258262890682,50.0,0.1,-7.359728834571666,-8.489536386562303,0.8018867916963331,0.752,37499.99999999999,2000.0000000000016,4.0,0.9999999991803278,18.15476190206031,0.1320754715735143,0.8018867916963331,1.0,SPACEX_otc,1786446540,1m,UP,1
0.8364285714285619,0.44740583150136043,-0.012368977584941494,0.258819045102521,-0.9659258262890682,50.0,0.1,-0.05105870740751839,-0.06342136955238549,0.5972222213927809,0.5939999999999828,114.00000000000432,39.999999999997726,0.0,0.47154471506376483,0.24886191198736055,0.20833333304395846,0.5972222213927809,1.0,PAYPAL_otc,1786446600,1m,UP,1
0.7850000000000007,0.4012706467086367,-0.006483718192207557,0.258819045102521,-0.9659258262890682,50.0,0.1,-0.08991412479143897,-0.09639201320518005,0.6890756296730413,0.6440000000000282,876.9999999999982,46.00000000000364,2.0,0.999999999074074,0.2530992946023084,0.21848739477442086,0.6890756296730413,1.0,NETFLIX_otc,1786446720,1m,UP,1
0.20689928571428595,0.1342507445109959,-0.19580439912152414,0.258819045102521,-0.9659258262890682,50.0,0.1,0.949746294052982,0.7520822499072086,0.7897068489503867,0.1935239999999993,8764.599999999997,3264.800000000001,3.0,0.2585883228252692,2.8119696541993537,-0.15708360751680556,0.7897068489503867,0.0,CHFJPY_otc,1786446780,1m,DOWN,1
0.5335714285714286,0.4124917581589692,-1.3316268147681756,0.258819045102521,-0.9659258262890682,50.0,0.1,15.347478062649255,13.81148011460818,0.7835051538314378,0.4880000000000001,16700.0,7700.0,2.0,0.6351351342768446,35.071090030771984,-0.1134020617387606,0.7835051538314378,0.0,FORD_otc,1786447020,1m,DOWN,1
0.20070428571428525,0.38861718818888535,0.14981750981606087,0.258819045102521,-0.9659258262890682,50.0,0.1,0.4225997027699603,0.5730503409372012,0.9594794541491342,0.13749000000000108,240.39999999999395,15432.300000000012,2.0,0.6831590426622163,0.8566607478805787,-0.0005613676929727929,0.9594794541491342,0.0,GBPNZD_otc,1786447020,1m,DOWN,1
0.6628571428571531,0.37499084238115277,0.07864872797207251,0.258819045102521,-0.9659258262890682,50.0,0.1,-0.018180949589677156,0.06045347929680982,0.09836065557645947,0.5920000000000073,102.99999999999727,3767.0000000000014,6.0,0.9555555544938034,0.1838235294113846,0.8360655723998589,0.09836065557645947,1.0,SPOTIFY_otc,1786447260,1m,UP,1
0.49571428571428566,0.247236373083417,-1.0188935025255765,0.258819045102521,-0.9659258262890682,50.0,0.1,-12.18536938528868,-13.080106950888808,0.7692307680473374,0.3859999999999999,21900.0,2500.0,0.0,0.9999999981132076,36.55172411272295,0.04615384608284029,0.7692307680473374,1.0,FORD_otc,1786447800,1m,UP,1
0.960714285714289,0.5266549007331155,0.011113997342319742,0.258819045102521,-0.9659258262890682,50.0,0.1,0.14001255927875647,0.15114211761319335,0.7959183668055245,0.7239999999999895,39.999999999997726,3106.999999999999,0.0,0.9918699178927958,0.32302116707724443,-0.03401360541900811,0.7959183668055245,0.0,SUI_otc,1786447800,1m,DOWN,1
0.8471428571428566,0.4505796022961659,0.03203736726924653,0.258819045102521,-0.9659258262890682,50.0,0.1,-1.1676200210969496,-1.1359567285421712,0.9099999990899965,0.8579999999999999,12999.99999999997,6899.999999999977,2.0,0.9919999992064015,3.1725888324067877,0.05999999994000227,0.9099999990899965,1.0,GOLD_otc,1786448820,1m,UP,1
0.5821428571428474,0.33667736537022114,0.008587371772410854,0.258819045102521,-0.9659258262890682,50.0,0.1,0.1109136901073968,0.11951058645072365,0.9157894727202374,0.44399999999999407,237.99999999999955,134.00000000000318,10.0,0.9703703696515628,0.3102235907799068,-0.07368421044874716,0.9157894727202374,0.0,MICROSOFT_otc,1786449000,1m,DOWN,1
0.6471428571428574,0.3339013475166639,-0.03594720730437481,1.2246467991473532e-16,-1.0,50.0,0.1,-1.2147187284592749,-1.2502292783041653,0.8333333326023412,0.5100000000000037,13699.999999999975,2500.0,6.0,0.6810344821715252,2.9569207238603994,0.14035087706987082,0.8333333326023412,1.0,GOLD_otc,1786449660,1m,UP,1
0.6007142857142875,0.353305427686006,-0.013165811837589393,1.2246467991473532e-16,-1.0,50.0,0.1,-0.11233243924551749,-0.12548346160552323,0.8470588225329381,0.44800000000000184,135.00000000000227,32.99999999999841,2.0,0.9255319139090157,0.24683577543131385,0.09411764694808195,0.8470588225329381,1.0,PRATA_otc,1786450020,1m,UP,1
0.42285714285714804,16.266060212448977,-0.39628382680283447,1.2246467991473532e-16,-1.0,50.0,0.1,-2.4134879888803473,-2.80020755312142,0.947368419390629,0.4300000000000068,3431.999999999999,1.999999999998181,10.0,0.017031630169798383,7.983101464034808,0.03508771923665672,0.947368419390629,1.0,AMZN_otc,1786450200,1m,UP,0
0.21322357142857232,0.4076226136042872,0.21749534368045936,1.2246467991473532e-16,-1.0,50.0,0.1,0.5298725081612885,0.7485202998744415,0.9366959593150661,0.2093180000000004,676.3999999999726,16091.499999999996,4.0,0.17035953166783768,4.318458718774801,-0.05543879742886075,0.9366959593150661,0.0,CADJPY_otc,1786450740,1m,DOWN,1
0.7478571428571489,0.4170355876656706,0.010881447795772475,1.2246467991473532e-16,-1.0,50.0,0.1,0.09692291439758077,0.10781490880968556,0.8857142844490005,0.6520000000000096,20.99999999999227,147.00000000000273,4.0,0.8434782601361045,0.22464447569889587,-0.09999999985713474,0.8857142844490005,0.0,VISA_otc,1786451640,1m,DOWN,1
0.7942857142857146,0.42399979269323934,0.010362684017776232,1.2246467991473532e-16,-1.0,50.0,0.1,0.060615529230881454,0.07098449464441758,0.7799999984400865,0.4740000000000123,56.00000000000023,596.0000000000036,2.0,0.5925925920438606,0.21584459189341326,-0.13999999971998636,0.7799999984400865,0.0,TESLA_otc,1786451820,1m,DOWN,1
0.17420500000000164,1.350472026080887,0.5479486242958318,1.2246467991473532e-16,-1.0,50.0,0.1,1.9317566985279306,2.4902903570780888,0.869347528930517,0.18089600000000133,328.7999999999869,32304.999999999993,8.0,0.09807150184533442,7.836837166059604,-0.04013351331108548,0.869347528930517,0.0,AUDUSD_otc,1786451880,1m,DOWN,1
0.2844614285714303,0.14526273833294995,-0.022872953146488895,1.2246467991473532e-16,-1.0,50.0,0.1,0.45549748677133134,0.4325203478981098,0.8954700991795097,0.2802059999999983,15134.69999999998,3509.6999999999666,14.0,0.9999999968262028,0.9307607140008006,-0.044059392481455316,0.8954700991795097,0.0,GBPCAD_otc,1786451940,1m,DOWN,1
0.23351071428571452,1.0350199682205397,0.1822580362732898,1.2246467991473532e-16,-1.0,50.0,0.1,0.2433165493359167,0.426018049573954,0.9937890712661023,0.20170200000000021,3335.300000000032,27767.19999999997,0.0,0.7583547534066204,0.6426232599352002,0.001192826582785685,0.9937890712661023,1.0,EURNZD_otc,1786452000,1m,UP,1
0.8478571428571472,0.4765172414067177,-0.012975894945767565,1.2246467991473532e-16,-1.0,50.0,0.1,-0.11380460738442907,-0.12676573516389897,0.9081632643793945,0.8440000000000054,152.99999999999727,9.000000000003183,2.0,0.9503546092550713,0.28539621495741613,0.05102040811121432,0.9081632643793945,1.0,PAYPAL_otc,1786452120,1m,UP,1
0.5978571428571391,0.3109653521103496,-0.009836757219327138,1.2246467991473532e-16,-1.0,50.0,0.1,-0.11349460101044012,-0.12332019404140881,0.890109889131781,0.4099999999999909,131.99999999999932,33.9999999999975,16.0,0.6814159286005035,0.27654731895872103,0.03296703293077663,0.890109889131781,1.0,PETROLEO_otc,1786452360,1m,UP,1
0.8442857142857138,0.4651249390766608,0.008391967315482758,-0.2588190451025208,-0.9659258262890683,50.0,0.1,0.1097741417816998,0.11817532130728173,0.9439999992448054,0.932000000000005,13.999999999998636,148.00000000000182,12.0,0.8257575751319871,0.2768572507230221,-0.02399999998077817,0.9439999992448054,0.0,LINK_otc,1786453320,1m,DOWN,1
0.7750000000000016,0.39772153327250115,-0.007348148199205694,-0.2588190451025208,-0.9659258262890683,50.0,0.1,-0.09402937865325965,-0.10137061743437112,0.9240506317416353,0.7439999999999714,142.0000000000016,6.999999999999318,14.0,0.9883720918739968,0.17452361142079842,0.03797468349627101,0.9240506317416353,1.0,MASTERCARD_otc,1786453440,1m,UP,1
0.6535714285714285,0.3089729530470434,0.8353919198427926,-0.2588190451025208,-0.9659258262890683,50.0,0.1,5.539959874198054,6.421632171192431,0.8513513502008773,0.5839999999999999,3399.9999999999986,13799.999999999998,8.0,0.6416666661319447,15.665796342602379,-0.121621621457268,0.8513513502008773,0.0,SOLANA_otc,1786454580,1m,DOWN,1
0.8328571428571406,0.44385486688626885,-0.0029060777584808493,-0.2588190451025208,-0.9659258262890683,50.0,0.1,0.06674309838892259,0.06383508102410414,0.7016129026599881,0.6539999999999964,56.00000000000023,112.99999999999955,0.0,0.9603174595552942,0.25670802518131003,-0.27419354816595076,0.7016129026599881,0.0,SPOTIFY_otc,1786455000,1m,DOWN,1
0.720714285714284,0.3723765375227009,-0.009097409921326082,-0.2588190451025208,-0.9659258262890683,50.0,0.1,0.07383782675109499,0.06473369949999234,0.7031249994506807,0.7,43.99999999999977,100.99999999999909,6.0,0.9374999991629527,0.22494025024557754,-0.265624999792511,0.7031249994506807,0.0,IBM_otc,1786455060,1m,DOWN,1
0.20646071428571464,0.10795154274646132,0.07112385050593266,-0.2588190451025208,-0.9659258262890683,50.0,0.1,0.4385761102373157,0.5100118929602483,0.6917619057614353,0.19406600000000013,799.8999999999867,3372.000000000028,2.0,0.7597914878846437,1.5738821594218848,-0.15981437385972685,0.6917619057614353,0.0,NZDJPY_otc,1786455120,1m,DOWN,1
0.6749999999999997,0.39247593894316835,-0.03350209570671128,-0.2588190451025208,-0.9659258262890683,50.0,0.1,1.0183979650109773,0.9845546846433529,0.9729729720964196,0.5820000000000007,3699.999999999974,11899.999999999976,0.0,0.9166666659027767,2.822201316960914,-0.018018018001788393,0.9729729720964196,0.0,SHIBA_otc,1786456200,1m,DOWN,1
0.6564285714285718,1.0397762333154532,0.08729063828838625,-0.2588190451025208,-0.9659258262890683,50.0,0.1,-0.8044393449465373,-0.7178509068969978,0.8785046720761681,0.5140000000000015,13000.000000000042,26499.999999999985,2.0,0.6296296290466399,2.74111675119946,0.0373831775351551,0.8785046720761681,1.0,GOLD_otc,1786456620,1m,UP,1
0.7914285714285744,0.4005518171850251,-0.050624436190569964,-0.4999999999999997,-0.8660254037844388,50.0,0.1,0.5083187524355993,0.45743698274255784,0.9523809512471753,0.7620000000000033,43999.99999999991,12400.000000000091,4.0,0.93749999916294,1.362198978334204,-0.04761904756234861,0.9523809512471753,0.0,INTEL_otc,1786457040,1m,DOWN,1
0.7707142857142871,0.387752044500975,0.016069889050187993,-0.4999999999999997,-0.8660254037844388,50.0,0.1,-0.013720002207665467,0.002347682053390071,0.45833333285588307,0.5819999999999936,82.99999999999841,492.0000000000016,2.0,0.9647058812180238,0.20799686781135562,0.3958333329209872,0.45833333285588307,1.0,PETROLEO_otc,1786458720,1m,UP,1
0.7835714285714224,0.39902628743503105,-0.020791605080594747,-0.4999999999999997,-0.8660254037844388,50.0,0.1,-0.0419251519704077,-0.06270804013897531,0.48148148088704174,0.6639999999999986,730.0000000000011,60.000000000002274,4.0,0.7962962955590093,0.2530340658819769,0.5185185178783904,0.48148148088704174,1.0,NETFLIX_otc,1786458840,1m,UP,1
0.5535714285714326,16.148734036725827,1.8527079035393974,-0.4999999999999997,-0.8660254037844388,50.0,0.1,1.2884099758151097,3.1649883528064233,0.31999999935993634,0.2639999999999986,61.000000000001364,3174.000000000001,0.0,0.3661971825827893,0.14229882753755155,0.1999999996000455,0.31999999935993634,1.0,META_otc,1786459500,1m,UP,0
0.4442857142857081,0.2054424338136786,0.3298164765580499,-0.4999999999999997,-0.8660254037844388,50.0,0.1,-0.008083083826094734,0.3217067333896827,0.4722222209103622,0.2759999999999991,291.9999999999959,2086.0000000000014,4.0,0.4594594588385226,0.14171087152156844,0.3888888878085893,0.4722222209103622,1.0,DISNEY_otc,1786459740,1m,UP,0
0.52,0.48185082731144724,2.4425828073826814,-0.7071067811865471,-0.7071067811865479,50.0,0.1,6.018992050474823,8.608593722860133,0.3170731699583577,0.3280000000000001,13899.999999999996,22500.0,0.0,0.1327433627143866,16.37681159182946,-0.04878048768590235,0.3170731699583577,0.0,SPACEX_otc,1786461300,1m,DOWN,0
0.43000000000000277,0.47094772355247644,-0.10345330201106165,-0.7071067811865471,-0.7071067811865479,50.0,0.1,0.06435244837951597,-0.039167428364319246,0.8461538450690224,0.24400000000000546,1262.9999999999995,315.9999999999968,1.0,0.9387755092461463,0.20079498422284356,-0.12820512804079628,0.8461538450690224,0.0,TESLA_otc,1786461660,1m,DOWN,0
0.08947999999999963,0.09195561167335027,0.3025182503567603,-0.7071067811865471,-0.7071067811865479,50.0,0.1,-0.4279383832526846,-0.1267147246055453,0.2725738339119332,0.029229999999999735,5747.499999999998,2823.700000000002,2.0,0.7707708861601065,1.5290699271735655,0.179957802110604,0.2725738339119332,1.0,CHFJPY_otc,1786461720,1m,UP,1
0.09359785714285909,0.1114648398699914,0.06441456957301518,-0.7071067811865471,-0.7071067811865479,50.0,0.1,-0.04575373822547859,0.018631359273995094,0.44140541886377693,0.05210000000000008,2952.9999999999745,3309.700000000006,2.0,0.29838935175097453,0.42443004477500074,0.4127919122072507,0.44140541886377693,1.0,AUDJPY_otc,1786462320,1m,UP,1
0.32071428571428573,0.14471077634694526,2.9855363798977277,-0.7071067811865471,-0.7071067811865479,50.0,0.1,-3.088751880872021,-0.19543131206250283,0.1666666662037039,0.05599999999999987,6500.000000000004,8299.999999999998,0.0,0.31147540932545015,22.84644193900882,0.3611111101080245,0.1666666662037039,1.0,FORD_otc,1786462500,1m,UP,1
0.08207357142857218,0.0947334774435395,-0.06673388084538916,-0.7071067811865471,-0.7071067811865479,50.0,0.1,0.12866737797883995,0.061847632398743524,0.5857996694023025,0.08545400000000143,3061.7000000000157,2553.899999999984,5.0,0.3236052960059411,0.29596668393103703,-0.1585365846016855,0.5857996694023025,0.0,AUDJPY_otc,1786463100,1m,DOWN,1
0.42214285714285893,0.5658160498160276,0.02160425133155834,-0.8660254037844385,-0.5000000000000004,50.0,0.1,-0.03624673940817431,-0.014650318913297204,0.46428571345671604,0.25600000000001727,137.00000000000045,303.99999999999636,1.0,0.7411764697162379,0.1696200510852344,0.1607142854272506,0.46428571345671604,1.0,META_otc,1786464060,1m,UP,0
0.40214285714286496,0.24767157450427849,0.04002382108930652,-0.8660254037844385,-0.5000000000000004,50.0,0.1,0.001486331881951817,0.04151074785807156,0.21052631542013978,0.13599999999999,31.000000000000227,247.99999999999613,1.0,0.41428571369391354,0.15891032917103282,0.6842105251154044,0.21052631542013978,1.0,MICROSOFT_otc,1786464060,1m,UP,0
0.5200000000000021,0.3362658550706615,0.28557906966096935,-0.8660254037844385,-0.5000000000000004,50.0,0.1,0.20554056083752986,0.491706611319915,0.35483870910509446,0.20799999999999558,6800.000000000068,24599.999999999935,1.0,0.3725490192426047,1.145552560634046,-0.4677419347294552,0.35483870910509446,0.0,INTEL_otc,1786464360,1m,DOWN,1
0.4842857142857123,0.2676351459445806,-0.033055431183397474,-0.8660254037844385,-0.5000000000000004,50.0,0.1,0.008257839076440215,-0.02480032177127041,0.056338028089695194,0.1980000000000132,138.99999999999864,61.000000000001364,6.0,0.972477063328027,0.21590999128393468,-0.676056337075942,0.056338028089695194,0.0,DOGE_otc,1786465560,1m,DOWN,0
0.11120642857142826,0.09166012000913161,0.14873613994942328,-0.8660254037844385,-0.5000000000000004,50.0,0.1,-0.23642403777362248,-0.08803954581189626,0.5626088735098171,0.07442799999999963,2399.100000000018,4393.700000000003,1.0,0.6225500654887336,0.9307836234578273,0.28367360961831073,0.5626088735098171,1.0,EURCHF_otc,1786465860,1m,UP,0
0.09295142857142835,0.09225670065703866,0.15333902550242018,-0.8660254037844385,-0.5000000000000004,50.0,0.1,0.320520835047136,0.4743513440745497,0.7702406937363823,0.039723999999998226,273.00000000003877,8367.000000000004,0.0,0.5183765244677409,0.5405105217463997,-0.0832351448978533,0.7702406937363823,0.0,GBPNZD_otc,1786466400,1m,DOWN,1
0.11110357142857145,0.07900299723661972,-0.16172737381031138,-0.8660254037844385,-0.5000000000000004,50.0,0.1,0.183068312256742,0.021044866872738925,0.7760719171779086,0.07886000000000166,4685.399999999972,2980.299999999971,2.0,0.45347707120110425,0.8579967222373481,-0.21625172741180249,0.7760719171779086,0.0,EURJPY_otc,1786466820,1m,DOWN,0
0.4535714285714261,0.373171733189156,-0.01570343786295385,-0.8660254037844385,-0.5000000000000004,50.0,0.1,0.002909542932890241,-0.012794351828330174,0.43589743533861736,0.1980000000000132,118.00000000000068,211.00000000000136,4.0,0.8571428559183326,0.17507440662237397,-0.5256410249670662,0.43589743533861736,0.0,PETROLEO_otc,1786466940,1m,DOWN,0
0.48642857142856755,0.35087723651402913,-0.0855461881910065,-0.8660254037844385,-0.5000000000000004,50.0,0.1,-0.07101494598698889,-0.15650038359865762,0.22727272675625118,0.22400000000000092,342.0000000000016,56.99999999999932,0.0,0.1414141412713412,0.2944588203792465,0.09090909070252631,0.22727272675625118,1.0,NIKE_otc,1786467300,1m,UP,0
0.10736214285714293,0.10317327630290786,-0.027683261724680344,-0.9659258262890683,-0.25881904510252063,50.0,0.1,0.0940279438527614,0.06631865212628997,0.275745727650909,0.05984199999999902,2182.7000000000394,2576.299999999989,2.0,0.35061047518469457,0.4467129038195527,-0.2181224215813213,0.275745727650909,0.0,EURCAD_otc,1786468020,1m,DOWN,1
0.08947071428571414,0.07658619364720988,-0.1913908064029768,-0.9659258262890683,-0.25881904510252063,50.0,0.1,0.6711094335336921,0.4784341853740287,0.7542235095155507,0.06626600000000096,6885.399999999997,2651.499999999984,13.0,0.6255918727503336,0.9035655503376825,-0.07521117486659555,0.7542235095155507,0.0,NZDJPY_otc,1786468080,1m,DOWN,1
0.42785714285713944,0.373743315246376,0.014055162336971622,-0.9659258262890683,-0.25881904510252063,50.0,0.1,-0.11717611888019747,-0.10313742583695464,0.5454545442147704,0.3,136.99999999999477,205.00000000000114,7.0,0.863157893828258,0.26849051804462704,0.18181818140505263,0.5454545442147704,1.0,PRATA_otc,1786468620,1m,UP,1
0.4307142857142878,0.37328067404546605,-0.022406938696562066,-0.9659258262890683,-0.25881904510252063,50.0,0.1,0.11405650201711454,0.09162400675006607,0.652173911625682,0.30600000000000593,317.0000000000016,149.0000000000009,14.0,0.6341463406900739,0.16763431188126046,-0.04347826077512785,0.652173911625682,0.0,TESLA_otc,1786469340,1m,DOWN,0
0.08749071428571398,0.08218192213572788,-0.0014699506416604472,-0.9659258262890683,-0.25881904510252063,50.0,0.1,-0.5531598024844906,-0.5546216219500849,0.7255882299589264,0.05112399999999937,3211.200000000005,1536.299999999997,1.0,0.5226556619555319,1.3832234605603255,0.05330882313742874,0.7255882299589264,1.0,NZDJPY_otc,1786470060,1m,UP,0
0.08784214285714345,0.07012696760523647,-0.00027947342893113353,-1.0,-1.8369701987210297e-16,50.0,0.1,0.11449349431874613,0.11421370091092052,0.0663735630921427,0.030468000000000474,2540.99999999994,2630.400000000037,0.0,0.06072048893039464,0.23326568434290196,-0.04765281452759659,0.0663735630921427,0.0,EURCAD_otc,1786471500,1m,DOWN,0
0.11490500000000077,0.146818134948712,-0.0018692823793966472,-1.0,-1.8369701987210297e-16,50.0,0.1,-0.23530201207943624,-0.2371668959997827,0.4249243773446647,0.0879179999999991,5068.59999999996,1576.299999999975,4.0,0.6829382931294418,0.7156574547200267,0.18596491115569425,0.4249243773446647,1.0,EURCAD_otc,1786472940,1m,UP,0
0.07170857142857148,0.05706476223211458,0.13753662575125145,-1.0,-1.8369701987210297e-16,50.0,0.1,0.26775529099753836,0.4056601783412983,0.7978676411921415,0.047081999999997494,274.90000000000236,9320.599999999999,4.0,0.7537482669225453,0.4873282521648834,-0.073455881812841,0.7978676411921415,0.0,AUDUSD_otc,1786473840,1m,DOWN,1
0.06740785714285735,0.0499070362590772,0.045115319962385374,-1.0,-1.8369701987210297e-16,50.0,0.1,-0.1269513223838426,-0.08189327691674718,0.8997909921923811,0.042415999999998635,2499.8999999999683,9667.700000000039,0.0,0.5658367603356445,0.2584629166558288,0.052689472525688355,0.8997909921923811,1.0,AUDJPY_otc,1786474500,1m,UP,1
0.46357142857142924,0.44422113603773145,0.009986193500440211,-1.0,-1.8369701987210297e-16,50.0,0.1,0.08915420930913075,0.09914930592142637,0.34883720849115,0.2259999999999877,244.99999999999886,142.0000000000016,17.0,0.8702290069692789,0.2765113137447731,-0.1860465111952007,0.34883720849115,0.0,PAYPAL_otc,1786474620,1m,DOWN,1
0.3885714285714289,0.34343529552779245,0.3471779447689288,-0.9659258262890684,0.2588190451025203,50.0,0.1,-0.36044197548217244,-0.014515405755807136,0.09090909049585015,0.2019999999999996,10700.000000000002,31099.999999999993,0.0,0.15116279052189854,2.2963951935301345,0.4999999977272727,0.09090909049585015,1.0,SHIBA_otc,1786476000,1m,UP,0
0.5635714285714292,0.25273449562022393,0.2235409272458636,-0.9659258262890684,0.2588190451025203,50.0,0.1,-1.1419977667927663,-0.9210096719439183,0.5783783780657411,0.4460000000000008,14199.999999999945,32100.000000000007,15.0,0.9999999992805755,2.912214540060504,0.08108108103725647,0.5783783780657411,1.0,NVIDIA_otc,1786476600,1m,UP,0
0.39357142857142385,0.622778689811463,-0.06717233073354775,-0.9659258262890684,0.2588190451025203,50.0,0.1,-0.13295529331741254,-0.20003831488160534,0.24444444390127104,0.2740000000000123,275.0,42.999999999995,17.0,0.8496240595115675,0.29425429766079814,0.22222222172832487,0.24444444390127104,1.0,SPOTIFY_otc,1786478220,1m,UP,1
0.4742857142857143,0.593049485560889,0.6028777581806717,-0.8660254037844386,0.5000000000000001,50.0,0.1,1.010329577209101,1.619298387695087,0.41975308590153365,0.28200000000000075,4700.000000000059,18799.999999999953,19.0,0.9024390236565554,3.1733746129212164,-0.34567901191891526,0.41975308590153365,0.0,SHIBA_otc,1786478940,1m,DOWN,0
0.3764285714285783,0.3457306329131468,0.0241117336237893,-0.8660254037844386,0.5000000000000001,50.0,0.1,-0.04039064880048613,-0.016288654062344518,0.6578947351108112,0.23199999999998228,89.99999999999773,104.00000000000205,1.0,0.902777776523854,0.14280330827636392,0.10526315761778364,0.6578947351108112,1.0,MASTERCARD_otc,1786479660,1m,UP,0
0.5078571428571479,0.3278945485090402,0.013875884996941456,-0.8660254037844386,0.5000000000000001,50.0,0.1,-0.07227487425687272,-0.05840901803836483,0.8297872322769712,0.19600000000000364,167.0000000000016,143.99999999999977,1.0,0.9249999988437483,0.17691287041093373,0.1276595741964664,0.8297872322769712,1.0,SPOTIFY_otc,1786480860,1m,UP,0
0.09178071428571347,0.08961776744274595,-0.09759589579917632,-0.8660254037844386,0.5000000000000001,50.0,0.1,-0.21427885392263937,-0.3116656223548217,0.6179955490249996,0.02968400000000173,4565.5,3546.1000000000095,0.0,0.5060320024125305,0.34950322353692637,0.1430510967285584,0.6179955490249996,1.0,CADJPY_otc,1786481100,1m,UP,0
0.11159500000000021,0.08440948109943704,0.08562513279739392,-0.8660254037844386,0.5000000000000001,50.0,0.1,0.340843703985858,0.42676068465742134,0.6129945036175994,0.08344400000000007,697.500000000062,7586.099999999973,11.0,0.5331971375707191,0.5621709881480885,-0.033790156834101755,0.6129945036175994,0.0,EURJPY_otc,1786481160,1m,DOWN,1
0.4071428571428563,0.2973139828234448,-0.005021992785450822,-0.7071067811865477,0.7071067811865474,50.0,0.1,-0.06416573648369087,-0.06918450687048475,0.8518518486969697,0.14400000000001684,299.0000000000009,67.999999999995,0.0,0.3289473679882311,0.17814030893237923,0.07407407379966327,0.8518518486969697,1.0,APPLE_otc,1786482000,1m,UP,0
0.4842857142857042,0.38593969802450834,0.00763788119797518,-0.7071067811865477,0.7071067811865474,50.0,0.1,-0.11111309241179873,-0.10348369789981737,0.693548385978062,0.26399999999998724,298.9999999999952,94.00000000000546,5.0,0.6666666661835886,0.4054887902905828,0.2258064512487673,0.693548385978062,1.0,NIKE_otc,1786482300,1m,UP,0
0.5149999999999986,0.3372936897242537,-0.021640968322929985,-0.7071067811865477,0.7071067811865474,50.0,0.1,0.10389896208155061,0.0822355090171487,0.7454545440991003,0.2959999999999809,109.00000000000318,153.99999999999636,4.0,0.8163265297793024,0.21725636250726896,-0.10909090889256387,0.7454545440991003,0.0,STARBUCKS_otc,1786482540,1m,DOWN,1
0.3035714285714245,0.2737418770758673,-0.032682528749456326,-0.7071067811865477,0.7071067811865474,50.0,0.1,0.07206463148747153,0.039358550194111115,0.2916666654513494,0.12200000000000273,234.00000000000318,101.99999999999818,9.0,0.8651685383537361,0.19926562779822538,-0.20833333246531727,0.2916666654513494,0.0,AMZN_otc,1786483140,1m,DOWN,1
0.4857142857142906,0.31404923696348896,0.011661581045947299,-0.7071067811865477,0.7071067811865474,50.0,0.1,0.07155304625434011,0.08322297151676719,0.19999999933333332,0.1919999999999959,85.00000000000227,151.99999999999818,4.0,0.6923076916420076,0.2305884439709232,-0.06666666644438128,0.19999999933333332,0.0,STARBUCKS_otc,1786483140,1m,DOWN,1
0.49857142857142583,0.42414555350143907,-0.3674039587518792,-0.7071067811865477,0.7071067811865474,50.0,0.1,-0.16715943752318158,-0.5339492458841733,0.34920634865205413,0.09999999999999716,50499.99999999997,8199.99999999993,0.0,0.49382715988416076,0.9770808202535792,0.2857142852607613,0.34920634865205413,1.0,INTEL_otc,1786483500,1m,UP,0
0.5235714285714275,0.35287282565049183,-0.10877456845103901,-0.7071067811865477,0.7071067811865474,50.0,0.1,0.10660724917113315,-0.00228328085512928,0.9195402288281229,0.21800000000000636,381.9999999999993,146.99999999999704,5.0,0.7124183001879583,0.3401889938847295,-0.06896551716211086,0.9195402288281229,0.0,LINK_otc,1786484100,1m,DOWN,1
0.5542857142857217,0.5808595376751835,-0.02193785436167027,-0.7071067811865477,0.7071067811865474,50.0,0.1,-0.14729472348189657,-0.16920026454164694,0.6551724130400205,0.4259999999999991,408.9999999999975,82.99999999999841,6.0,0.9790209783363681,0.3185635679112525,0.18390804576565073,0.6551724130400205,1.0,LINK_otc,1786484760,1m,UP,0
0.3535714285714237,0.26296700922138366,0.050686393640512376,-0.7071067811865477,0.7071067811865474,50.0,0.1,-0.007817697735453662,0.04286473339601089,0.11111111069949489,0.11399999999998726,53.99999999999636,192.0000000000016,2.0,0.29166666626155763,0.18344883815688337,0.666666664197601,0.11111111069949489,1.0,AVAX_otc,1786485420,1m,UP,1
0.4349999999999982,0.42934975112676493,0.16212258860827009,-0.7071067811865477,0.7071067811865474,50.0,0.1,-1.0628954247405635,-0.9024960297090817,0.7571428560612308,0.3539999999999992,13999.999999999985,18399.999999999964,13.0,0.845454544685949,2.266639192205512,0.071428571326527,0.7571428560612308,1.0,NVIDIA_otc,1786485480,1m,UP,1
0.4178571428571445,0.2879293260912382,0.001487529647825221,-0.7071067811865477,0.7071067811865474,50.0,0.1,-0.10085266036204577,-0.09936663092744405,0.9354838694588645,0.3039999999999964,132.9999999999984,112.99999999999955,8.0,0.7184466012442148,0.2180724932244768,0.06451612892823233,0.9354838694588645,1.0,PAYPAL_otc,1786485480,1m,UP,1
0.5514285714285653,0.358908602079896,-0.0071906992021852885,-0.5000000000000004,0.8660254037844384,50.0,0.1,0.02278141772433037,0.015589080378922536,0.6266666658311475,0.182000000000005,88.99999999999864,203.00000000000296,0.0,0.8809523799036653,0.1973545097850249,-0.35999999951997574,0.6266666658311475,0.0,COKE_otc,1786485900,1m,DOWN,1
0.5021428571428542,0.42459030027249367,0.39787067181868746,-0.5000000000000004,0.8660254037844384,50.0,0.1,-0.1638784796178787,0.2333401677929869,0.28235294084430324,0.19799999999999898,8100.000000000023,35599.999999999876,1.0,0.34883720889669784,1.0026815902879476,0.05882352934255761,0.28235294084430324,1.0,INTEL_otc,1786486260,1m,UP,1
0.09516499999999846,0.09956426464387494,0.07503869680632001,-0.5000000000000004,0.8660254037844384,50.0,0.1,-0.3139292709166902,-0.23912614254415965,0.9161290222402748,0.0661219999999986,3354.799999999969,5773.09999999997,7.0,0.9243253863927404,0.5481327091576502,0.001640240550657651,0.9161290222402748,1.0,AUDUSD_otc,1786486620,1m,UP,0
0.4807142857142708,0.4048829702261857,0.03970459285351852,-0.5000000000000004,0.8660254037844384,50.0,0.1,-0.14321836272404065,-0.10357063413833317,0.8249999989687571,0.3299999999999841,135.99999999999568,287.00000000000045,4.0,0.5774647883257408,0.31184802898799613,0.16249999979687857,0.8249999989687571,1.0,SPOTIFY_otc,1786486740,1m,UP,0
0.29428571428571054,0.21359945027291355,0.002251094507059435,-0.5000000000000004,0.8660254037844384,50.0,0.1,0.004928035085403396,0.007179240527189944,0.1351351347699341,0.07800000000000865,67.00000000000159,177.00000000000387,0.0,0.5789473674054343,0.1272264631040402,0.7567567547115388,0.1351351347699341,1.0,AMZN_otc,1786487100,1m,UP,0
0.5185714285714239,0.5181799298191991,0.03226102198097021,-0.5000000000000004,0.8660254037844384,50.0,0.1,-0.15847341938199264,-0.12626352254568324,0.8124999987305465,0.3740000000000009,191.0000000000025,228.99999999999636,10.0,0.6778523485383439,0.2936597094931064,0.015624999975572061,0.8124999987305465,1.0,MASTERCARD_otc,1786487100,1m,UP,1
0.44500000000000944,0.5174260047412378,0.02318116078546279,-0.5000000000000004,0.8660254037844384,50.0,0.1,0.07555013213062184,0.09874880631368746,0.2666666660740572,0.23399999999999183,118.00000000000068,208.9999999999975,0.0,0.19999999975002844,0.16172070833637792,-0.08888888869139451,0.2666666660740572,0.0,TESLA_otc,1786487100,1m,DOWN,1
0.30571428571428566,0.15583345575873092,8.18903843069492,-0.5000000000000004,0.8660254037844384,50.0,0.1,-2.2001550616762353,5.808711825483138,0.17021276559529158,0.11600000000000006,5700.0,19200.0,0.0,0.328767122837305,41.242937829806245,0.34042553119058366,0.17021276559529158,1.0,FORD_otc,1786488900,1m,UP,1
0.3978571428571464,0.4669329438811057,0.051524914718447876,-0.25881904510252157,0.9659258262890681,50.0,0.1,-0.07717484275424805,-0.02568969230771339,0.36842105166201833,0.24200000000003002,111.00000000000136,269.9999999999932,5.0,0.9532710271465153,0.20553997464325963,0.2105263152352681,0.36842105166201833,1.0,BITCOIN_otc,1786490100,1m,UP,0
0.4607142857142849,0.29687752316145843,-0.024059638463522933,-0.25881904510252157,0.9659258262890681,50.0,0.1,-0.04116483467698951,-0.06521456903011506,0.31372548958098506,0.20400000000000773,320.00000000000455,66.99999999999591,0.0,0.27397260236442006,0.17263396868898334,0.07843137239516268,0.31372548958098506,1.0,COKE_otc,1786490100,1m,UP,1
0.2278571428571428,0.19052991458420263,3.737632082560533,-0.25881904510252157,0.9659258262890681,50.0,0.1,-3.827789449295307,-0.23322605324450227,0.34999999824999967,0.0959999999999999,5700.000000000003,30899.999999999996,2.0,0.5666666657222212,16.304347821656428,0.34999999824999967,0.34999999824999967,1.0,FORD_otc,1786490820,1m,UP,0
0.45428571428571524,0.21137566167735256,-0.041851369040803825,-0.25881904510252157,0.9659258262890681,50.0,0.1,-0.04736006787949245,-0.08919161608351005,0.13953488339630138,0.23999999999999772,258.9999999999975,34.00000000000318,2.0,0.4133333327822253,0.1777082740968209,0.4186046501893007,0.13953488339630138,1.0,COKE_otc,1786491120,1m,UP,1
